,name,hotel,hospital,mall,park1500,store,underground,rent
0,瑅香广场,18.0,0.0,3.0,7.0,24.0,0.0,3.55
1,银历大厦,39.0,4.0,11.0,10.0,52.0,2.0,3.04
2,昇PARK创意园,1.0,0.0,2.0,0.0,13.0,0.0,2.54
3,良友大厦,55.0,8.0,9.0,1.0,23.0,2.0,4.56
4,龙峰大厦,60.0,14.0,0.0,8.0,34.0,1.0,5.27
5,张江国创中心,1.0,0.0,1.0,1.0,0.0,0.0,4.06
6,中铁中环时代广场,7.0,1.0,0.0,4.0,10.0,0.0,3.24
7,上海中电大楼,67.0,3.0,12.0,5.0,27.0,1.0,4.06
8,御上海青橙,10.0,0.0,0.0,2.0,0.0,0.0,1.57
9,中国煤炭大厦,46.0,2.0,1.0,1.0,28.0,2.0,5.07
10,徐汇商务大厦,53.0,3.0,4.0,7.0,23.0,3.0,3.55
11,金牛大厦,17.0,0.0,0.0,5.0,14.0,1.0,4.26
12,寰启商务园,3.0,0.0,0.0,0.0,4.0,0.0,1.62
13,时亦创新园,12.0,3.0,1.0,1.0,14.0,1.0,1.32
14,东海商业中心二期,230.0,11.0,17.0,18.0,71.0,1.0,4.56
15,信达大厦,72.0,25.0,0.0,4.0,35.0,1.0,4.06
16,莱茵•虹景中心,17.0,3.0,3.0,1.0,18.0,0.0,4.06
17,立明大厦,3.0,1.0,0.0,0.0,0.0,0.0,3.55
18,怡富商务广场,32.0,3.0,6.0,8.0,23.0,0.0,3.35
19,时尚谷创意园,0.0,0.0,0.0,0.0,0.0,0.0,0.91
20,伯爵居,164.0,9.0,0.0,8.0,30.0,1.0,5.58
21,碧云国际,24.0,0.0,1.0,1.0,9.0,1.0,2.03
22,绿地汇方广场,6.0,0.0,2.0,6.0,15.0,1.0,4.36
23,东渡国际嘉庭广场,6.0,1.0,2.0,5.0,3.0,0.0,4.06
24,东方众鑫大厦,116.0,22.0,13.0,10.0,34.0,3.0,6.59
25,中国人寿保险大厦,32.0,0.0,18.0,11.0,34.0,0.0,6.59
26,中华门大厦,28.0,9.0,4.0,4.0,16.0,1.0,3.04
27,越界世博园,74.0,14.0,15.0,16.0,21.0,2.0,6.49
28,鸿海大厦,11.0,0.0,2.0,7.0,13.0,0.0,3.93
29,虹桥协信中心,23.0,2.0,0.0,0.0,4.0,0.0,4.06
30,东华时尚创意园,38.0,3.0,5.0,4.0,20.0,1.0,4.06
31,铜仁88,167.0,4.0,19.0,20.0,0.0,2.0,5.41
32,春申创意园,0.0,1.0,1.0,0.0,7.0,0.0,2.23
33,上海纺运物流商务中心,12.0,0.0,1.0,2.0,14.0,0.0,3.45
34,武宁881号创意园,100.0,6.0,15.0,6.0,36.0,1.0,5.07
35,宏基/创邑河,54.0,13.0,0.0,0.0,36.0,1.0,4.06
36,莘庄产学研基地,24.0,8.0,9.0,6.0,0.0,0.0,4.24
37,法华门大厦,70.0,0.0,3.0,0.0,23.0,0.0,2.64
38,微格创意园,3.0,0.0,0.0,0.0,2.0,0.0,1.01
39,全华信息大楼,1.0,0.0,0.0,1.0,5.0,0.0,5.58
40,智慧园,9.0,0.0,0.0,1.0,7.0,0.0,3.04
41,德必WE静安文化创意园,100.0,6.0,10.0,6.0,36.0,1.0,7.1
42,中环滨江大厦,12.0,3.0,0.0,2.0,7.0,0.0,1.47
43,光大会展中心D座,35.0,8.0,3.0,8.0,22.0,0.0,3.04
44,兰村大厦,32.0,6.0,1.0,2.0,13.0,1.0,2.84
45,冉东商务中心,3.0,1.0,3.0,1.0,5.0,0.0,3.04
46,城投控股大厦,106.0,4.0,6.0,0.0,58.0,0.0,6.08
47,星光耀广场,10.0,1.0,2.0,6.0,16.0,0.0,3.55
48,慧创国际,10.0,0.0,0.0,3.0,8.0,0.0,2.2
49,鑫桥创意园,3.0,0.0,0.0,1.0,1.0,0.0,4.06
50,静安创展中心,76.0,4.0,2.0,5.0,38.0,2.0,3.55
51,泰德科技园,3.0,1.0,0.0,0.0,13.0,1.0,2.33
52,力宝广场,56.0,8.0,17.0,16.0,20.0,3.0,7.91
53,复旦创业中心大厦二期,31.0,4.0,9.0,5.0,21.0,2.0,2.94
54,上海科技京城大厦西座,109.0,2.0,12.0,6.0,56.0,0.0,3.04
55,开开广场,59.0,4.0,7.0,2.0,27.0,2.0,3.04
56,汇鑫国际大厦,58.0,5.0,3.0,7.0,19.0,2.0,4.56
57,佳预信息科技大厦,12.0,0.0,0.0,1.0,5.0,0.0,3.04
58,东方国际科技大厦,39.0,0.0,0.0,5.0,24.0,2.0,4.56
59,绿地和创大厦,40.0,3.0,6.0,5.0,36.0,3.0,4.66
60,凯滨国际大厦,26.0,5.0,2.0,4.0,17.0,0.0,5.88
61,华盛国际商务花园,7.0,0.0,3.0,3.0,4.0,0.0,2.92
62,上海国际汽车城大厦,5.0,0.0,0.0,0.0,1.0,0.0,2.44
63,康吉大厦,104.0,3.0,8.0,5.0,40.0,1.0,2.98
64,绿亮松江科创园,0.0,2.0,0.0,3.0,6.0,0.0,1.42
65,徐汇大树下新媒体创意园,12.0,2.0,0.0,4.0,15.0,1.0,3.67
66,复旦软件园高境园,8.0,2.0,2.0,1.0,8.0,0.0,2.54
67,康桥EONE,1.0,0.0,0.0,0.0,0.0,0.0,2.5
68,新理想大厦,103.0,4.0,2.0,3.0,0.0,1.0,5.95
69,红石商务大楼,1.0,0.0,0.0,0.0,3.0,0.0,3.28
70,现代通信大厦,24.0,0.0,1.0,1.0,6.0,0.0,2.03
71,越界智汇园,3.0,1.0,0.0,4.0,13.0,1.0,2.03
72,宝华国际广场,1.0,3.0,3.0,4.0,9.0,0.0,5.07
73,新虹桥中心大厦,19.0,0.0,5.0,10.0,14.0,0.0,5.07
74,科海大楼,9.0,0.0,0.0,0.0,4.0,0.0,3.85
75,耀江国际广场,96.0,13.0,11.0,11.0,74.0,1.0,3.55
76,美奥菲斯创意产业园,35.0,0.0,9.0,3.0,39.0,1.0,2.44
77,苏河湾跨界工坊,18.0,0.0,1.0,2.0,12.0,1.0,4.17
78,威海696,167.0,4.0,19.0,12.0,39.0,2.0,1.83
79,证大立方大厦,16.0,1.0,5.0,18.0,6.0,2.0,6.08
80,绿亮科创园,3.0,0.0,1.0,1.0,7.0,0.0,1.72
81,宜嘉坊,28.0,4.0,4.0,0.0,20.0,1.0,3.1
82,上海传奇商业广场,1.0,0.0,0.0,0.0,0.0,0.0,4.36
83,凯科国际大厦,3.0,1.0,0.0,1.0,9.0,1.0,5.07
84,上海世茂大厦,13.0,2.0,6.0,10.0,18.0,1.0,8.11
85,漕河泾浦江科技广场,0.0,0.0,2.0,1.0,2.0,1.0,2.84
86,金博尚品,2.0,0.0,0.0,20.0,11.0,0.0,4.06
87,越界明园,81.0,4.0,0.0,12.0,28.0,1.0,4.06
88,屹源产业园,13.0,0.0,3.0,2.0,23.0,0.0,1.83
89,智苑文创空间,19.0,0.0,0.0,3.0,14.0,0.0,3.49
90,上海华电大厦,1.0,0.0,0.0,0.0,0.0,0.0,6.08
91,雅居乐国际广场,180.0,4.0,10.0,11.0,58.0,2.0,3.33
92,800秀创意园区,63.0,2.0,2.0,5.0,0.0,1.0,6.08
93,华融大厦,63.0,6.0,13.0,5.0,0.0,1.0,5.07
94,悦达国际大厦,55.0,5.0,8.0,3.0,21.0,3.0,3.85
95,沧源科技园,4.0,1.0,0.0,1.0,4.0,0.0,1.62
96,瑞金大厦,189.0,19.0,5.0,12.0,39.0,1.0,6.26
97,全方位数码城,12.0,3.0,1.0,1.0,0.0,1.0,1.72
98,D1国际创意空间,29.0,4.0,1.0,2.0,12.0,2.0,4.06
99,新业大楼,2.0,1.0,0.0,3.0,8.0,1.0,3.55
100,东方金融广场,37.0,1.0,3.0,4.0,18.0,0.0,7.61
101,优房商务中心,7.0,0.0,0.0,2.0,5.0,1.0,2.23
102,华敏翰尊国际商务大厦,24.0,4.0,0.0,4.0,13.0,0.0,4.87
103,北上海创意港,3.0,0.0,0.0,0.0,4.0,1.0,1.83
104,万科时一区,10.0,2.0,0.0,0.0,4.0,0.0,3.65
105,东华大学科技园,8.0,0.0,4.0,2.0,12.0,1.0,3.5
106,燕兴大厦,56.0,6.0,3.0,3.0,18.0,1.0,2.84
107,明园商务中心,229.0,15.0,0.0,19.0,36.0,1.0,4.15
108,SOHO天山广场,38.0,0.0,7.0,8.0,33.0,1.0,6.08
109,灿虹精英大厦,25.0,3.0,1.0,1.0,16.0,0.0,3.04
110,众城大厦,55.0,9.0,3.0,4.0,0.0,1.0,4.06
111,长峰名光大厦,72.0,6.0,12.0,10.0,33.0,0.0,2.64
112,大来大楼,92.0,3.0,6.0,5.0,34.0,0.0,7.79
113,尚凯商务大厦,13.0,1.0,2.0,5.0,22.0,1.0,3.55
114,海德堡中心,1.0,0.0,0.0,0.0,0.0,0.0,4.06
115,东华金融大厦,15.0,0.0,0.0,0.0,7.0,1.0,1.72
116,和平国际商务港,23.0,0.0,2.0,1.0,7.0,0.0,4.22
117,解放日报大厦（闵行）,0.0,0.0,5.0,4.0,13.0,0.0,4.26
118,海洋石油大厦,79.0,18.0,1.0,7.0,25.0,1.0,3.55
119,江苏路老洋房,83.0,16.0,2.0,9.0,33.0,0.0,4.0
120,文景楼,4.0,1.0,2.0,1.0,2.0,0.0,3.04
121,经纬国际大厦,37.0,0.0,1.0,4.0,31.0,2.0,5.0
122,长城大厦,34.0,2.0,0.0,6.0,30.0,5.0,5.78
123,X2创意空间,52.0,0.0,4.0,4.0,22.0,1.0,4.06
124,国盛中心,0.0,0.0,1.0,0.0,6.0,0.0,3.85
125,平高国际广场,65.0,7.0,5.0,4.0,22.0,1.0,5.07
126,惠扬大厦,2.0,0.0,0.0,12.0,12.0,0.0,4.36
127,安利大楼,115.0,17.0,16.0,10.0,50.0,1.0,7.24
128,曙光大厦,49.0,7.0,21.0,17.0,40.0,3.0,4.31
129,白金湾广场,43.0,0.0,2.0,0.0,20.0,1.0,0.03
130,新利商务中心,62.0,9.0,0.0,4.0,21.0,2.0,2.23
131,申华金融大厦,141.0,5.0,18.0,11.0,53.0,1.0,6.08
132,彩生活时代广场,10.0,2.0,2.0,2.0,9.0,0.0,2.84
133,中土大厦,0.0,8.0,3.0,2.0,45.0,1.0,3.38
134,机场城市航站楼,99.0,4.0,15.0,0.0,31.0,1.0,5.07
135,中西大厦,63.0,10.0,5.0,3.0,26.0,2.0,4.56
136,上海湾鄂尔多斯大厦,73.0,0.0,9.0,1.0,26.0,1.0,6.08
137,曹杨尚城国际,41.0,2.0,7.0,6.0,40.0,3.0,3.48
138,文洋大厦,4.0,0.0,3.0,1.0,11.0,0.0,4.06
139,新概念大厦,17.0,8.0,2.0,3.0,19.0,0.0,3.38
140,协通大厦,9.0,0.0,0.0,0.0,3.0,0.0,1.72
141,万科七宝国际,9.0,0.0,1.0,2.0,3.0,2.0,3.55
142,北外滩白玉兰广场,38.0,3.0,4.0,14.0,48.0,1.0,8.11
143,航天大厦(南楼),34.0,11.0,2.0,4.0,17.0,1.0,3.04
144,E仓创意园区（二期）,63.0,2.0,2.0,5.0,21.0,1.0,3.85
145,谷泰滨江大厦,7.0,5.0,0.0,2.0,6.0,0.0,3.04
146,友力国际大厦,57.0,7.0,0.0,4.0,26.0,1.0,5.37
147,大宁音乐广场,9.0,0.0,2.0,5.0,5.0,0.0,4.56
148,建国商务中心,75.0,4.0,9.0,7.0,30.0,3.0,8.78
149,景源时尚产业园,43.0,1.0,2.0,6.0,25.0,0.0,3.65
150,张江润和国际总部园,1.0,0.0,0.0,1.0,1.0,0.0,4.06
151,中环商务大厦,54.0,6.0,3.0,7.0,36.0,1.0,3.55
152,世纪汇广场,53.0,6.0,2.0,5.0,21.0,1.0,10.97
153,歆翱智慧谷,6.0,2.0,1.0,6.0,8.0,1.0,1.83
154,巨丰国际商务广场,13.0,0.0,3.0,4.0,7.0,0.0,3.55
155,盛大天地青春里2.0,0.0,0.0,0.0,0.0,0.0,0.0,3.85
156,华庆办公楼,107.0,29.0,3.0,0.0,33.0,0.0,3.65
157,中联大厦,38.0,2.0,5.0,6.0,38.0,3.0,2.64
158,衡谷1976园区,1.0,0.0,0.0,0.0,0.0,0.0,3.55
159,会德丰国际广场,95.0,19.0,11.0,6.0,28.0,1.0,10.35
160,虹桥晶座,17.0,2.0,8.0,1.0,15.0,1.0,4.06
161,中达广场,37.0,1.0,0.0,4.0,32.0,2.0,5.07
162,龙湖郦城MOCO国际,18.0,11.0,0.0,9.0,24.0,0.0,2.53
163,万得中心,1.0,0.0,0.0,0.0,0.0,0.0,7.1
164,百丽国际广场,20.0,5.0,3.0,4.0,13.0,0.0,5.27
165,阿里中心,22.0,2.0,2.0,3.0,11.0,0.0,4.56
166,医谷・现代商务园,10.0,0.0,2.0,0.0,5.0,0.0,2.23
167,浦发财富广场,41.0,2.0,1.0,4.0,17.0,1.0,3.04
168,三九大厦,22.0,5.0,10.0,1.0,27.0,1.0,5.61
169,外滩金融中心,24.0,4.0,13.0,9.0,37.0,0.0,9.13
170,宏慧视界BOX,0.0,7.0,0.0,2.0,21.0,1.0,3.85
171,之俊大厦主楼,61.0,0.0,2.0,4.0,19.0,1.0,3.4
172,健康智谷,17.0,0.0,1.0,3.0,15.0,0.0,3.04
173,天科国际大厦,25.0,13.0,0.0,2.0,43.0,0.0,1.94
174,顶禾商务广场,12.0,21.0,1.0,8.0,35.0,0.0,5.07
175,中房华东大厦,62.0,1.0,2.0,5.0,32.0,0.0,2.84
176,虹桥丽宝广场,0.0,0.0,3.0,0.0,5.0,0.0,6.59
177,禹洲金桥国际二期,27.0,0.0,1.0,1.0,7.0,0.0,1.75
178,创新大楼,4.0,2.0,0.0,3.0,8.0,1.0,3.55
179,虹口图书馆写字楼,22.0,5.0,10.0,1.0,27.0,1.0,3.02
180,金大地商务楼,17.0,4.0,4.0,7.0,29.0,2.0,3.24
181,悦达889中心,55.0,4.0,8.0,3.0,23.0,3.0,6.94
182,鲁能大厦,0.0,0.0,0.0,1.0,1.0,1.0,1.52
183,长春商务楼,23.0,4.0,3.0,3.0,22.0,2.0,2.84
184,绿地峰尚汇,0.0,0.0,1.0,2.0,4.0,0.0,1.48
185,斯米克大厦,55.0,8.0,10.0,3.0,24.0,2.0,4.36
186,华诚大厦,52.0,8.0,14.0,6.0,29.0,1.0,3.85
187,浦东假日酒店,0.0,0.0,5.0,5.0,6.0,1.0,4.56
188,亚龙国际广场,55.0,6.0,14.0,25.0,56.0,1.0,2.23
189,南翔新华悦都酒店式公寓,16.0,3.0,5.0,4.0,0.0,0.0,1.93
190,统一企业大厦,16.0,2.0,2.0,2.0,17.0,1.0,4.06
191,燎申漕宝大厦,19.0,4.0,0.0,5.0,15.0,1.0,3.24
192,红星国际广场,5.0,0.0,1.0,1.0,0.0,1.0,1.32
193,浦东丰华园,11.0,2.0,0.0,1.0,15.0,1.0,4.06
194,新塘桥生活广场,42.0,19.0,8.0,2.0,27.0,2.0,2.75
195,世达商务中心,16.0,3.0,2.0,1.0,22.0,1.0,3.55
196,龙之梦雅仕大厦,98.0,0.0,7.0,8.0,35.0,1.0,7.1
197,融汇958创意园,13.0,2.0,6.0,10.0,18.0,0.0,4.38
198,日月光集团,0.0,0.0,0.0,1.0,2.0,0.0,5.07
199,惠达大厦,75.0,16.0,11.0,12.0,0.0,2.0,3.55
200,国立大厦,76.0,25.0,9.0,4.0,37.0,1.0,5.11
201,华敏翰尊国际大厦,95.0,16.0,1.0,9.0,23.0,1.0,4.87
202,徐汇易园,76.0,11.0,4.0,10.0,36.0,0.0,3.24
203,太湖世家国际大厦,10.0,0.0,2.0,3.0,5.0,0.0,5.27
204,半岛科技园,3.0,0.0,0.0,1.0,1.0,0.0,4.06
205,锦城大厦,42.0,1.0,0.0,4.0,28.0,2.0,2.83
206,开隆大厦,56.0,3.0,5.0,5.0,41.0,1.0,2.54
207,浦东嘉里城,0.0,0.0,4.0,12.0,9.0,1.0,8.11
208,梅陇镇新都会,10.0,1.0,4.0,1.0,5.0,0.0,2.03
209,宇航大厦,105.0,4.0,0.0,6.0,73.0,1.0,3.04
210,上海金虹桥商务广场,21.0,1.0,0.0,0.0,12.0,0.0,3.85
211,尚嘉中心,33.0,3.0,10.0,8.0,22.0,0.0,7.71
212,景明商务大厦,18.0,0.0,0.0,1.0,26.0,1.0,2.49
213,金外滩国际广场,41.0,4.0,5.0,6.0,28.0,0.0,7.1
214,沪东金融大厦,30.0,3.0,20.0,3.0,28.0,3.0,3.55
215,晶采世纪大厦,140.0,9.0,17.0,26.0,43.0,3.0,6.08
216,中建时代广场,12.0,0.0,7.0,0.0,9.0,0.0,6.08
217,国家电网,46.0,5.0,6.0,5.0,0.0,0.0,6.08
218,上海大中里,128.0,15.0,11.0,26.0,38.0,3.0,10.14
219,明天广场,105.0,12.0,12.0,22.0,34.0,1.0,6.5
220,930创意园,37.0,7.0,1.0,7.0,0.0,1.0,3.55
221,天华信息科技园,41.0,6.0,0.0,4.0,16.0,4.0,4.06
222,上海科技京城,96.0,3.0,17.0,0.0,57.0,2.0,3.55
223,金虹桥广场,21.0,1.0,0.0,0.0,12.0,0.0,3.35
224,上海广场,57.0,7.0,24.0,29.0,43.0,3.0,6.0
225,上海开文大厦,1.0,0.0,0.0,0.0,0.0,0.0,3.45
226,上海商城,0.0,22.0,19.0,9.0,36.0,1.0,9.94
227,云端电商家园,0.0,0.0,0.0,1.0,5.0,0.0,2.53
228,华闻国际大厦,30.0,3.0,1.0,5.0,19.0,1.0,4.16
229,太平金融大厦,18.0,2.0,6.0,9.0,15.0,1.0,10.14
230,嘉里中心,116.0,4.0,12.0,0.0,30.0,1.0,10.14
231,明申中心大厦,33.0,1.0,6.0,6.0,15.0,2.0,3.85
232,1930鑫鑫创意园,26.0,12.0,2.0,8.0,46.0,1.0,3.55
233,机电大厦,63.0,1.0,4.0,5.0,37.0,1.0,3.65
234,虹漕园,3.0,2.0,0.0,2.0,11.0,0.0,3.04
235,上海松川大厦,0.0,0.0,0.0,1.0,4.0,0.0,1.62
236,瑞都大厦,20.0,3.0,8.0,1.0,0.0,1.0,4.26
237,恒达广场,85.0,6.0,5.0,6.0,0.0,2.0,2.78
238,花园坊上海节能环保中心,22.0,5.0,10.0,1.0,27.0,1.0,3.55
239,复兴广场,0.0,15.0,6.0,15.0,32.0,1.0,6.76
240,金城大厦,77.0,3.0,0.0,4.0,24.0,2.0,2.82
241,久事大厦,28.0,5.0,5.0,5.0,32.0,0.0,6.47
242,冠捷科技大楼,22.0,2.0,2.0,3.0,11.0,0.0,7.1
243,虹桥525创意园,21.0,5.0,7.0,0.0,12.0,0.0,3.35
244,世纪时空,0.0,6.0,15.0,6.0,36.0,1.0,4.33
245,德宏大厦,38.0,1.0,1.0,3.0,10.0,0.0,3.55
246,慧创国际C-2区,10.0,0.0,0.0,3.0,8.0,0.0,2.64
247,新金桥大厦,3.0,0.0,0.0,2.0,1.0,0.0,2.84
248,珠江创意中心,17.0,0.0,1.0,3.0,14.0,1.0,4.06
249,绿地蓝海,5.0,0.0,1.0,4.0,8.0,1.0,4.16
250,大吉地世贸大厦,70.0,14.0,3.0,12.0,23.0,0.0,4.58
251,上海环球实业大厦,31.0,5.0,1.0,2.0,19.0,2.0,12.0
252,外滩德必WE,32.0,0.0,20.0,11.0,34.0,0.0,8.05
253,港汇恒隆广场,71.0,4.0,17.0,10.0,30.0,3.0,3.95
254,东方世纪大厦,29.0,3.0,5.0,9.0,17.0,0.0,4.06
255,宏伊国际广场,189.0,18.0,27.0,11.0,81.0,1.0,7.61
256,绿地公园广场,13.0,0.0,4.0,1.0,5.0,0.0,1.45
257,嘉文国际中心,18.0,0.0,1.0,2.0,11.0,1.0,6.9
258,亚太企业大厦,81.0,4.0,16.0,12.0,28.0,1.0,4.06
259,汇智创意园,56.0,8.0,1.0,5.0,49.0,1.0,3.29
260,上海现代交通商务大厦,44.0,3.0,6.0,3.0,18.0,1.0,3.75
261,青慧谷,2.0,0.0,0.0,20.0,12.0,0.0,4.11
262,由由国际广场,44.0,22.0,8.0,2.0,27.0,3.0,6.08
263,新华园,17.0,1.0,2.0,5.0,29.0,0.0,3.35
264,尚品都汇,7.0,0.0,3.0,1.0,11.0,0.0,4.56
265,阳明国际创业园,1.0,0.0,0.0,0.0,2.0,0.0,1.52
266,新银大厦,3.0,3.0,0.0,3.0,9.0,0.0,3.35
267,同叶大厦,32.0,12.0,2.0,0.0,38.0,1.0,2.84
268,新一百大厦,190.0,5.0,20.0,7.0,62.0,1.0,5.07
269,建工•汇豪商务广场,0.0,8.0,2.0,1.0,7.0,0.0,4.21
270,新凤城商务中心,39.0,9.0,2.0,5.0,0.0,1.0,2.67
271,民润大厦,6.0,5.0,0.0,3.0,8.0,1.0,3.75
272,恒大长青坊创新园,13.0,2.0,1.0,4.0,28.0,1.0,3.19
273,鑫达商务楼,5.0,0.0,3.0,0.0,0.0,0.0,5.68
274,中国船舶大厦,0.0,5.0,2.0,5.0,31.0,0.0,7.61
275,科苑大楼,6.0,0.0,0.0,2.0,6.0,0.0,4.56
276,金陵商务广场,4.0,2.0,0.0,4.0,6.0,0.0,3.24
277,东渡国际大厦,3.0,4.0,2.0,4.0,5.0,0.0,4.56
278,银海大厦,103.0,0.0,4.0,8.0,26.0,1.0,2.84
279,弘基创邑国际园,51.0,8.0,1.0,7.0,28.0,0.0,4.87
280,金阳大厦,35.0,2.0,4.0,5.0,29.0,3.0,3.0
281,华依创新园,6.0,0.0,1.0,2.0,2.0,0.0,3.85
282,虹桥世界中心,85.0,0.0,0.0,0.0,4.0,0.0,4.06
283,新世纪办公中心,50.0,7.0,13.0,6.0,28.0,0.0,5.58
284,七莘红点城,27.0,2.0,1.0,2.0,15.0,0.0,3.55
285,舜元企业发展大厦A栋,0.0,0.0,0.0,5.0,22.0,2.0,6.08
286,环贸iapm,160.0,0.0,5.0,11.0,30.0,1.0,8.11
287,柳林大厦,52.0,7.0,19.0,25.0,51.0,1.0,5.63
288,漕河泾易园,76.0,11.0,4.0,10.0,35.0,0.0,3.24
289,中信五牛城,25.0,6.0,0.0,1.0,7.0,0.0,4.06
290,嘉春753园区,70.0,0.0,1.0,7.0,21.0,2.0,6.29
291,东华创意园,36.0,9.0,2.0,9.0,22.0,0.0,4.66
292,君庭广场,4.0,3.0,1.0,0.0,9.0,2.0,4.06
293,平高广场,20.0,2.0,2.0,6.0,16.0,1.0,2.74
294,鹰大虹桥科技园,3.0,1.0,3.0,1.0,7.0,0.0,3.55
295,中意国际,2.0,0.0,0.0,0.0,0.0,0.0,1.83
296,新曹杨高新技术工业园区,10.0,0.0,0.0,6.0,21.0,1.0,3.04
297,加华商务中心,37.0,47.0,2.0,6.0,26.0,2.0,3.85
298,优豪创展中心,29.0,13.0,3.0,3.0,19.0,1.0,3.08
299,乐都大厦,20.0,3.0,2.0,6.0,18.0,1.0,2.33
300,星创科技广场,8.0,1.0,1.0,0.0,1.0,0.0,5.17
301,江南造船大厦,31.0,7.0,1.0,6.0,27.0,2.0,4.06
302,福产财富广场,25.0,0.0,3.0,0.0,14.0,2.0,1.83
303,中金国际广场A座,99.0,5.0,15.0,9.0,26.0,2.0,6.5
304,绿地汇创国际广场,15.0,2.0,6.0,5.0,19.0,0.0,3.55
305,中融信托大厦,0.0,0.0,0.0,3.0,2.0,0.0,4.06
306,越商大厦,74.0,3.0,3.0,7.0,32.0,0.0,7.01
307,汤臣国际贸易大楼,15.0,0.0,0.0,0.0,10.0,1.0,1.52
308,科技领袖之都,3.0,1.0,0.0,0.0,7.0,0.0,4.36
309,财瑞大厦,93.0,7.0,2.0,11.0,17.0,2.0,5.88
310,丰树商业城,3.0,0.0,0.0,2.0,7.0,1.0,4.56
311,恒基大厦,246.0,20.0,26.0,12.0,83.0,1.0,5.01
312,振源大厦,35.0,1.0,3.0,6.0,19.0,1.0,3.24
313,快易名商商务中心,72.0,18.0,6.0,17.0,61.0,2.0,4.72
314,柴安大厦,67.0,7.0,4.0,5.0,29.0,0.0,5.01
315,中城大厦,144.0,8.0,2.0,14.0,28.0,1.0,2.23
316,鄂尔多斯艾力大厦,20.0,1.0,0.0,6.0,8.0,2.0,6.08
317,瑞丰国际大厦,20.0,3.0,0.0,3.0,34.0,1.0,7.1
318,七建大厦,36.0,1.0,3.0,5.0,21.0,2.0,3.85
319,创研智造,0.0,0.0,0.0,0.0,0.0,0.0,2.03
320,OASIS 新天地,74.0,14.0,5.0,27.0,21.0,2.0,5.67
321,祥腾财富广场,4.0,1.0,0.0,2.0,0.0,1.0,2.33
322,嘉汇广场,97.0,2.0,5.0,8.0,22.0,1.0,4.36
323,新宏大楼,20.0,6.0,3.0,8.0,30.0,1.0,3.04
324,中银大厦,14.0,2.0,3.0,10.0,22.0,1.0,10.14
325,和一大厦,71.0,17.0,7.0,8.0,27.0,0.0,3.66
326,金汇四季广场,0.0,2.0,5.0,0.0,15.0,0.0,4.26
327,兴园373,42.0,12.0,2.0,8.0,32.0,1.0,4.05
328,李子园大厦,7.0,10.0,0.0,2.0,9.0,2.0,2.78
329,长安大厦,68.0,0.0,4.0,6.0,32.0,1.0,2.64
330,道•创空间,69.0,4.0,17.0,11.0,27.0,3.0,1.52
331,置地广场,0.0,18.0,24.0,12.0,90.0,1.0,4.06
332,城开国际大厦,70.0,5.0,2.0,10.0,22.0,2.0,6.4
333,安基大厦,76.0,15.0,11.0,12.0,74.0,1.0,3.04
334,E通世界甲等商务功能园,2.0,0.0,0.0,0.0,3.0,0.0,1.63
335,白玉兰环保广场,11.0,4.0,3.0,8.0,19.0,2.0,2.94
336,炬芯研发大楼,8.0,0.0,0.0,0.0,3.0,0.0,3.33
337,浦东金融广场,70.0,3.0,0.0,5.0,21.0,2.0,6.59
338,浦江意优国际广场,0.0,0.0,0.0,0.0,0.0,0.0,1.87
339,汇阳广场,24.0,0.0,2.0,5.0,0.0,2.0,4.49
340,金领之都B区,3.0,1.0,0.0,1.0,5.0,0.0,3.04
341,科汇大厦,42.0,9.0,3.0,9.0,26.0,1.0,4.38
342,绿地海外滩中心B幢,10.0,0.0,1.0,3.0,14.0,0.0,5.07
343,天安数码城虹控T创园,38.0,3.0,4.0,14.0,48.0,1.0,4.56
344,光明大厦,66.0,3.0,0.0,10.0,35.0,0.0,6.29
345,智慧树创意园,37.0,7.0,1.0,5.0,50.0,0.0,4.05
346,X2创意园区2期,22.0,3.0,2.0,1.0,11.0,0.0,4.88
347,雍和创智广场,5.0,0.0,1.0,4.0,8.0,0.0,3.04
348,远东国际广场,27.0,6.0,5.0,7.0,15.0,0.0,5.58
349,联合汽车广场,20.0,0.0,2.0,7.0,15.0,0.0,4.11
350,香港广场,68.0,9.0,14.0,28.0,25.0,3.0,7.1
351,科恩国际中心,206.0,5.0,14.0,22.0,37.0,1.0,4.57
352,国际金融家,4.0,0.0,0.0,0.0,3.0,0.0,3.29
353,东海广场,87.0,24.0,15.0,7.0,35.0,1.0,5.58
354,鸿元中心,8.0,1.0,0.0,4.0,12.0,1.0,4.87
355,康宁大厦,70.0,6.0,0.0,11.0,60.0,1.0,4.36
356,湾谷科技园,3.0,0.0,0.0,3.0,4.0,0.0,3.09
357,岚桥国际大厦,57.0,8.0,12.0,3.0,23.0,1.0,6.91
358,东航滨江中心,12.0,4.0,1.0,5.0,3.0,0.0,5.07
359,外滩华融大厦,52.0,2.0,0.0,7.0,30.0,0.0,8.0
360,上海星汇广场,1.0,0.0,3.0,0.0,4.0,2.0,3.04
361,半岛1919滨江文化创意园,11.0,1.0,1.0,0.0,12.0,1.0,2.03
362,海盈商务中心,17.0,4.0,5.0,5.0,15.0,1.0,4.26
363,绿地阳光园,24.0,3.0,8.0,1.0,25.0,1.0,4.05
364,富海商务苑,1.0,0.0,0.0,0.0,1.0,0.0,3.04
365,新漕河泾大厦,13.0,1.0,0.0,3.0,10.0,1.0,3.55
366,留学生博物馆,10.0,7.0,1.0,0.0,2.0,0.0,1.83
367,茸锦科技园,3.0,0.0,0.0,0.0,4.0,0.0,1.62
368,绿地新江湾大厦,1.0,0.0,0.0,2.0,0.0,0.0,3.65
369,裕安大厦,60.0,7.0,3.0,0.0,21.0,1.0,4.33
370,金岸大厦,40.0,1.0,1.0,4.0,19.0,1.0,4.06
371,漕河泾开发区松江高科技园,0.0,0.0,0.0,0.0,1.0,0.0,5.07
372,2577创意大院,0.0,6.0,2.0,4.0,9.0,3.0,4.56
373,绿地滨江中央广场,0.0,18.0,4.0,2.0,49.0,0.0,4.66
374,科技京城大厦东座,109.0,2.0,12.0,6.0,56.0,0.0,3.04
375,新发现才富园,34.0,2.0,2.0,8.0,15.0,0.0,4.56
376,绿洲大厦,92.0,11.0,2.0,9.0,38.0,2.0,12.23
377,哈密大楼,101.0,5.0,11.0,9.0,0.0,1.0,3.89
378,昌平大厦,63.0,8.0,5.0,5.0,31.0,0.0,11.56
379,中星城,24.0,1.0,1.0,8.0,14.0,1.0,5.07
380,佑越国际,1.0,0.0,0.0,0.0,0.0,0.0,4.06
381,东吴证券大厦,80.0,16.0,6.0,0.0,41.0,1.0,5.58
382,中国保险大厦,48.0,6.0,3.0,5.0,25.0,0.0,8.52
383,圣爱广场,86.0,2.0,15.0,6.0,29.0,3.0,4.87
384,张江.华鑫慧天地,6.0,0.0,0.0,2.0,5.0,3.0,4.06
385,长宁东朔商务中心,63.0,13.0,4.0,10.0,39.0,0.0,5.07
386,中油大厦,42.0,2.0,0.0,4.0,31.0,2.0,6.08
387,浦东海怡花园,1.0,0.0,0.0,0.0,0.0,0.0,5.07
388,易园,38.0,3.0,5.0,4.0,20.0,1.0,5.07
389,城建大厦,33.0,10.0,0.0,6.0,18.0,1.0,4.39
390,解放大厦,15.0,0.0,6.0,4.0,13.0,0.0,4.36
391,莘东置业大厦,7.0,1.0,3.0,0.0,8.0,0.0,2.33
392,上海人才大厦,0.0,4.0,7.0,8.0,23.0,1.0,3.02
393,英沃工场,103.0,2.0,8.0,8.0,26.0,1.0,5.68
394,万街303,34.0,2.0,2.0,9.0,17.0,1.0,2.74
395,中环国际大厦,26.0,3.0,10.0,2.0,23.0,1.0,3.65
396,新梅华东大酒店,107.0,2.0,6.0,4.0,40.0,1.0,4.06
397,瑞金商务中心,168.0,4.0,1.0,8.0,25.0,2.0,3.95
398,中汇大厦,167.0,12.0,0.0,16.0,73.0,2.0,3.24
399,汇融大厦,41.0,2.0,7.0,6.0,40.0,3.0,4.87
400,凯瑞大厦,1.0,0.0,0.0,0.0,0.0,0.0,5.17
401,长航大厦,58.0,8.0,13.0,0.0,25.0,0.0,4.36
402,海富花园,26.0,0.0,2.0,2.0,17.0,0.0,3.04
403,乾锦创业园,24.0,9.0,10.0,6.0,20.0,0.0,3.65
404,生物大厦,92.0,11.0,2.0,9.0,37.0,0.0,3.55
405,迎龙大厦,83.0,12.0,2.0,9.0,36.0,0.0,3.55
406,华通大厦,63.0,11.0,5.0,8.0,28.0,1.0,3.28
407,尚浦领世,1.0,0.0,3.0,0.0,4.0,2.0,5.58
408,中港汇大厦,52.0,3.0,2.0,5.0,29.0,1.0,6.3
409,8号桥一期,124.0,17.0,4.0,0.0,35.0,1.0,5.07
410,华狮广场,152.0,7.0,7.0,26.0,30.0,1.0,4.01
411,旺旺大厦,0.0,15.0,16.0,14.0,31.0,3.0,6.59
412,建设大厦,193.0,14.0,17.0,9.0,57.0,1.0,5.48
413,浦江科技广场,1.0,0.0,3.0,1.0,4.0,1.0,2.7
414,百汇园,75.0,4.0,16.0,7.0,30.0,3.0,6.08
415,西子国际中心,5.0,14.0,0.0,1.0,11.0,0.0,3.65
416,上海国际商厦,28.0,12.0,11.0,0.0,39.0,1.0,3.55
417,上海电影广场,89.0,3.0,5.0,7.0,21.0,1.0,5.63
418,海兴大厦,144.0,8.0,2.0,14.0,27.0,1.0,3.86
419,绿亮虹梅南路科创园,13.0,0.0,3.0,4.0,23.0,0.0,1.42
420,星荟中心,119.0,3.0,9.0,12.0,63.0,1.0,7.0
421,绿地风尚天地广场,12.0,1.0,3.0,2.0,0.0,1.0,2.96
422,虹桥平安财富中心,22.0,2.0,2.0,3.0,11.0,0.0,4.06
423,交能国际大厦,9.0,0.0,4.0,0.0,8.0,0.0,1.52
424,长久商务中心,55.0,7.0,5.0,6.0,44.0,1.0,3.1
425,运动Loft,18.0,6.0,3.0,2.0,28.0,0.0,3.57
426,张江盛银大厦,1.0,1.0,16.0,2.0,0.0,0.0,4.06
427,印坊创意园,37.0,7.0,1.0,7.0,50.0,1.0,3.55
428,国际广场,46.0,8.0,13.0,12.0,57.0,1.0,4.06
429,创邑socool创意园,5.0,0.0,0.0,1.0,3.0,0.0,6.39
430,莘庄置业大厦,12.0,0.0,1.0,5.0,14.0,1.0,2.43
431,尚品SOHO,12.0,0.0,2.0,3.0,3.0,0.0,2.03
432,上海合生国际广场,28.0,3.0,19.0,5.0,25.0,3.0,5.58
433,汇智大厦,97.0,4.0,3.0,7.0,20.0,0.0,5.07
434,宝矿国际大厦,103.0,6.0,4.0,12.0,22.0,0.0,5.38
435,浦江国际金融广场,26.0,0.0,2.0,5.0,35.0,1.0,6.39
436,天祥大厦,15.0,7.0,0.0,5.0,12.0,0.0,2.84
437,欣龙非织造新材料工业园,1.0,0.0,0.0,1.0,0.0,0.0,1.83
438,颐正大厦,8.0,2.0,0.0,7.0,17.0,1.0,2.64
439,上海国际集团大厦,135.0,13.0,14.0,15.0,41.0,3.0,7.0
440,慧山科技园,0.0,2.0,4.0,2.0,11.0,1.0,3.24
441,福瑞大厦,23.0,1.0,0.0,5.0,0.0,0.0,2.23
442,昌辉大厦,18.0,2.0,1.0,0.0,11.0,0.0,3.04
443,田林园,7.0,1.0,0.0,2.0,8.0,0.0,2.84
444,上海创意联盟产业园,75.0,4.0,16.0,10.0,30.0,3.0,4.26
445,滨江2250,0.0,0.0,0.0,0.0,0.0,0.0,3.3
446,福兴大厦,0.0,8.0,14.0,5.0,27.0,2.0,4.26
447,虹桥世家花园写字楼,40.0,8.0,1.0,7.0,17.0,1.0,2.84
448,绿地风尚天地,12.0,1.0,3.0,2.0,23.0,1.0,3.04
449,钦江园,4.0,2.0,0.0,2.0,18.0,0.0,4.06
450,汇银广场,53.0,5.0,10.0,11.0,28.0,4.0,4.06
451,沪办大厦,48.0,18.0,0.0,2.0,26.0,0.0,2.52
452,蓝天大厦,28.0,4.0,20.0,6.0,28.0,2.0,3.85
453,虹桥良华购物广场,46.0,0.0,0.0,0.0,7.0,0.0,4.15
454,大树下创意园,52.0,2.0,3.0,5.0,0.0,0.0,3.55
455,晓富金融大厦,41.0,0.0,0.0,0.0,3.0,1.0,3.65
456,金钟大厦,93.0,18.0,0.0,3.0,25.0,1.0,5.66
457,天杉•易园,11.0,11.0,4.0,10.0,36.0,0.0,4.87
458,永旭商务中心,8.0,3.0,1.0,2.0,11.0,0.0,3.04
459,百乐门大都会,100.0,20.0,11.0,6.0,32.0,1.0,5.0
460,淮海中华大厦,95.0,3.0,9.0,20.0,30.0,1.0,3.65
461,新意城,10.0,3.0,0.0,3.0,6.0,1.0,4.26
462,中成智谷,11.0,1.0,1.0,2.0,8.0,1.0,1.62
463,绿捷中心大厦,21.0,0.0,8.0,6.0,17.0,0.0,4.06
464,东方国信商务广场,17.0,4.0,5.0,8.0,15.0,1.0,5.07
465,汉中广场,53.0,3.0,7.0,5.0,23.0,1.0,3.07
466,世博宝钢大厦,27.0,0.0,1.0,3.0,25.0,2.0,6.08
467,江山大厦,79.0,3.0,17.0,9.0,28.0,3.0,1.72
468,五洲国际大厦,84.0,5.0,0.0,8.0,21.0,1.0,3.65
469,M50创意园,63.0,2.0,2.0,5.0,21.0,1.0,3.55
470,岛里创新园,4.0,0.0,1.0,0.0,2.0,0.0,2.75
471,空间188,22.0,5.0,10.0,0.0,27.0,1.0,3.33
472,华纳商务中心,9.0,0.0,0.0,1.0,5.0,2.0,4.06
473,八方大厦,2.0,0.0,0.0,20.0,12.0,0.0,3.55
474,永丰国际广场,81.0,4.0,10.0,12.0,28.0,1.0,7.48
475,泰创空间,1.0,0.0,0.0,0.0,0.0,0.0,4.06
476,仲益大厦,122.0,13.0,13.0,20.0,37.0,1.0,5.58
477,新城市中心广场,25.0,5.0,3.0,9.0,24.0,0.0,4.56
478,长江软件园,9.0,1.0,0.0,0.0,16.0,0.0,2.74
479,安垦创意园,43.0,2.0,5.0,0.0,18.0,0.0,5.68
480,新虹桥大厦,19.0,0.0,5.0,10.0,14.0,0.0,4.56
481,越洋国际广场,246.0,20.0,19.0,6.0,83.0,1.0,10.14
482,华林大楼,28.0,6.0,1.0,5.0,16.0,2.0,2.54
483,虹桥临空工贸小区,24.0,3.0,5.0,2.0,24.0,1.0,2.84
484,汤臣国贸大厦,15.0,0.0,0.0,0.0,10.0,1.0,1.52
485,日月光中心,134.0,6.0,0.0,13.0,28.0,1.0,4.06
486,华盛大厦,100.0,13.0,14.0,19.0,50.0,1.0,5.98
487,晨讯科技大楼,0.0,0.0,3.0,2.0,11.0,1.0,3.85
488,港陆黄浦中心,181.0,5.0,19.0,10.0,58.0,1.0,3.4
489,东方慧谷/文化信息产业中心,4.0,0.0,0.0,1.0,7.0,0.0,1.52
490,新富港中心,17.0,3.0,1.0,0.0,10.0,1.0,6.29
491,云都虹桥大厦,23.0,3.0,2.0,4.0,18.0,1.0,3.14
492,尚光徐汇中心,48.0,4.0,0.0,0.0,23.0,2.0,6.06
493,华融国际大厦,70.0,16.0,3.0,9.0,36.0,0.0,3.85
494,长久大厦,0.0,7.0,5.0,6.0,44.0,1.0,2.74
495,宝矿洲际商务中心,71.0,1.0,5.0,5.0,34.0,2.0,6.9
496,高尚领域,25.0,5.0,3.0,6.0,24.0,2.0,2.25
497,青年城9号公馆,22.0,1.0,1.0,0.0,8.0,1.0,2.23
498,上海月星环球港,39.0,0.0,2.0,5.0,27.0,2.0,8.02
499,张江创新园,0.0,0.0,0.0,3.0,6.0,3.0,4.26
500,华夏银行大厦,24.0,4.0,1.0,7.0,24.0,0.0,6.08
501,先锋大厦,27.0,4.0,8.0,1.0,22.0,1.0,3.35
502,东方海港国际大厦,49.0,0.0,2.0,4.0,33.0,1.0,2.02
503,大宁国际广场10号楼,18.0,12.0,3.0,1.0,0.0,1.0,5.78
504,葛洲坝大厦西楼,16.0,0.0,0.0,5.0,8.0,0.0,9.53
505,强生大厦,0.0,23.0,6.0,1.0,19.0,3.0,3.85
506,金环商务花园,0.0,4.0,3.0,2.0,9.0,0.0,3.57
507,鸿运大厦,29.0,0.0,1.0,6.0,17.0,3.0,3.03
508,汇通大厦,55.0,6.0,8.0,25.0,56.0,1.0,3.47
509,智云商务中心,66.0,4.0,8.0,5.0,29.0,0.0,2.22
510,中国人保寿险大厦,34.0,4.0,25.0,9.0,50.0,0.0,6.84
511,上海国峰科技大厦,28.0,0.0,4.0,3.0,25.0,0.0,3.55
512,金融街海伦中心,21.0,6.0,3.0,8.0,42.0,1.0,6.08
513,云海大厦,83.0,19.0,6.0,7.0,24.0,2.0,2.94
514,骏利财富大厦,3.0,3.0,5.0,3.0,18.0,0.0,2.94
515,中友大厦,25.0,9.0,1.0,6.0,25.0,2.0,2.53
516,共和大厦,39.0,5.0,0.0,1.0,28.0,1.0,2.04
517,徐家汇国际,48.0,0.0,16.0,10.0,30.0,3.0,5.88
518,金隆物业大楼,87.0,8.0,2.0,14.0,28.0,1.0,7.48
519,尚街LOFT,25.0,6.0,3.0,6.0,23.0,1.0,4.06
520,月月光伯爵天地,2.0,0.0,0.0,3.0,6.0,0.0,2.53
521,富力虹桥十号,16.0,5.0,3.0,1.0,8.0,0.0,4.06
522,天物空间,1.0,0.0,0.0,0.0,0.0,0.0,6.59
523,增泽世贸大楼,37.0,15.0,2.0,7.0,35.0,1.0,3.05
524,大卫国际大厦,7.0,0.0,2.0,0.0,5.0,0.0,2.43
525,上海国际贸易中心,14.0,0.0,5.0,0.0,15.0,1.0,6.08
526,南苏州路独栋,13.0,3.0,13.0,20.0,30.0,1.0,5.33
527,现代物流大厦,297.0,2.0,0.0,2.0,12.0,0.0,3.45
528,SOHO中山广场,0.0,6.0,12.0,7.0,38.0,1.0,5.5
529,徐汇滨江大厦,1.0,1.0,0.0,0.0,3.0,2.0,5.58
530,上置金融大厦,65.0,5.0,2.0,5.0,37.0,1.0,5.88
531,仁恒广场大厦,20.0,1.0,1.0,1.0,17.0,1.0,2.18
532,金峰大厦,9.0,2.0,6.0,8.0,12.0,2.0,3.06
533,静安中华大厦,53.0,17.0,12.0,6.0,45.0,1.0,6.08
534,兴园373号,17.0,0.0,10.0,0.0,0.0,1.0,3.55
535,永新广场,26.0,5.0,17.0,17.0,54.0,1.0,8.11
536,中信大厦,0.0,0.0,3.0,5.0,5.0,1.0,5.93
537,制造局创意园一期,6.0,6.0,0.0,2.0,13.0,1.0,4.66
538,盛创企业家园,5.0,0.0,0.0,0.0,0.0,0.0,1.62
539,彭浦科技园,5.0,1.0,3.0,3.0,9.0,0.0,2.84
540,乐业天地创意园,3.0,1.0,0.0,3.0,7.0,1.0,3.3
541,强生营运大楼,8.0,5.0,2.0,9.0,0.0,0.0,4.06
542,北美广场,21.0,10.0,1.0,11.0,35.0,1.0,5.07
543,中友中谊大厦,6.0,9.0,1.0,6.0,25.0,2.0,2.43
544,中核浦原科技园,15.0,0.0,0.0,2.0,12.0,1.0,4.74
545,智苑创意园,39.0,2.0,3.0,3.0,25.0,0.0,3.47
546,产业大楼园,2.0,0.0,0.0,1.0,4.0,0.0,1.62
547,钱江商务大厦,14.0,2.0,3.0,3.0,7.0,0.0,3.35
548,飞乐大厦二期,3.0,0.0,1.0,3.0,6.0,0.0,3.55
549,齐来大厦,2.0,2.0,0.0,6.0,7.0,0.0,3.55
550,苏河汇,26.0,2.0,6.0,3.0,20.0,2.0,3.85
551,北大二期孵化器大楼,1.0,0.0,0.0,0.0,0.0,0.0,3.85
552,三九商务楼,13.0,0.0,1.0,5.0,18.0,1.0,3.21
553,海泰时代大厦,57.0,13.0,16.0,10.0,66.0,1.0,2.54
554,凌空SOHO,4.0,0.0,3.0,1.0,5.0,0.0,4.07
555,上海国际汽车城产业创新园,14.0,3.0,3.0,0.0,26.0,0.0,1.83
556,中金国际广场C座,63.0,4.0,15.0,9.0,26.0,2.0,4.17
557,新思大厦,3.0,5.0,0.0,3.0,9.0,1.0,3.55
558,世和中心,2.0,0.0,2.0,0.0,2.0,0.0,4.26
559,新明KIDMALL,12.0,3.0,5.0,2.0,23.0,0.0,2.03
560,光启文化广场,59.0,2.0,5.0,5.0,22.0,2.0,5.06
561,南洋1931,70.0,2.0,8.0,8.0,26.0,1.0,4.36
562,电科滨江中心,18.0,8.0,2.0,14.0,28.0,1.0,5.21
563,凯德星贸中心,13.0,0.0,1.0,0.0,11.0,1.0,7.1
564,零号湾,3.0,0.0,0.0,1.0,4.0,1.0,1.83
565,联合大厦,13.0,1.0,6.0,4.0,30.0,3.0,2.84
566,欧银中心,11.0,3.0,2.0,1.0,15.0,0.0,4.06
567,中科招商.国际财富中心,5.0,1.0,1.0,3.0,35.0,1.0,7.1
568,绿地北郊广场,4.0,0.0,1.0,4.0,5.0,0.0,1.66
569,海东大厦,1.0,0.0,0.0,20.0,12.0,0.0,4.6
570,财富108广场,8.0,0.0,0.0,5.0,9.0,1.0,3.65
571,江苏大厦,44.0,8.0,7.0,4.0,22.0,1.0,4.72
572,坤阳国际商务广场,56.0,1.0,1.0,8.0,23.0,1.0,4.06
573,都市总部大楼,0.0,1.0,19.0,20.0,47.0,2.0,5.07
574,莲谷产业园,12.0,0.0,3.0,4.0,23.0,0.0,1.63
575,福申大厦,159.0,12.0,0.0,18.0,0.0,3.0,2.99
576,优房创意园,17.0,2.0,3.0,5.0,25.0,0.0,3.24
577,伍佰视觉园,48.0,4.0,9.0,7.0,30.0,3.0,4.06
578,上海晶碧产业园,0.0,0.0,3.0,4.0,23.0,2.0,1.52
579,上海出版大楼,19.0,1.0,3.0,9.0,12.0,0.0,2.89
580,兆丰大厦,40.0,5.0,4.0,4.0,25.0,2.0,2.33
581,五角丰达,22.0,2.0,16.0,4.0,20.0,1.0,3.75
582,上海阿波罗大厦,77.0,6.0,0.0,7.0,25.0,1.0,6.33
583,上海期货大厦,1.0,0.0,0.0,0.0,0.0,0.0,5.68
584,漕河泾国际商务中心,5.0,1.0,0.0,6.0,11.0,0.0,4.56
585,永盛商务楼1号楼,0.0,11.0,3.0,9.0,24.0,0.0,2.03
586,上海望族城大厦,21.0,11.0,2.0,1.0,17.0,1.0,3.04
587,华旭国际大厦,125.0,5.0,20.0,17.0,58.0,1.0,8.11
588,开天大厦,6.0,2.0,0.0,3.0,0.0,0.0,1.72
589,我格广场,29.0,3.0,3.0,4.0,30.0,0.0,4.56
590,马陆商务楼9号楼、7号楼,12.0,3.0,5.0,4.0,23.0,0.0,1.42
591,星展银行大厦,6.0,0.0,0.0,4.0,11.0,1.0,10.14
592,1876老站创意园,13.0,0.0,0.0,1.0,28.0,1.0,3.35
593,鲁能国际大厦,52.0,4.0,2.0,10.0,41.0,0.0,6.59
594,嘉里不夜城二期,0.0,3.0,5.0,5.0,37.0,2.0,3.24
595,创企天地产业园,0.0,0.0,0.0,1.0,1.0,0.0,3.85
596,虹钦园,3.0,2.0,0.0,1.0,7.0,0.0,3.19
597,中丝亚太商厦,175.0,16.0,30.0,11.0,78.0,2.0,3.11
598,嘉发大厦,57.0,12.0,16.0,16.0,42.0,3.0,3.04
599,大沽映像创意园,60.0,3.0,13.0,20.0,30.0,1.0,6.59
600,玉城宝都大厦,45.0,9.0,3.0,3.0,29.0,2.0,3.35
601,凯阳大厦,25.0,3.0,5.0,4.0,20.0,1.0,2.84
602,幸福码头时尚创意园,14.0,5.0,9.0,3.0,13.0,1.0,4.26
603,豪威科技园,1.0,0.0,0.0,0.0,0.0,0.0,3.55
604,城市新汇,3.0,8.0,1.0,1.0,17.0,1.0,3.28
605,红星世贸大厦,6.0,2.0,0.0,3.0,19.0,0.0,3.08
606,福克斯连锁商务大厦,6.0,1.0,0.0,1.0,2.0,0.0,1.93
607,凯润商务楼,24.0,11.0,14.0,5.0,43.0,1.0,2.84
608,歆翱国际商务园,1.0,0.0,0.0,3.0,1.0,0.0,1.52
609,IF如果文化创意产业园,46.0,7.0,4.0,4.0,20.0,1.0,2.84
610,尚秀商务楼,52.0,5.0,0.0,5.0,21.0,1.0,3.14
611,恒润大厦,0.0,0.0,0.0,0.0,2.0,0.0,2.84
612,财富时代大厦,51.0,8.0,5.0,1.0,32.0,2.0,4.56
613,圣骊创意园,11.0,13.0,4.0,1.0,39.0,1.0,3.04
614,汉桥文化科技园,17.0,1.0,0.0,0.0,12.0,0.0,2.03
615,上海光大会展中心,23.0,8.0,3.0,9.0,22.0,0.0,3.04
616,大华虎城第三空间,11.0,3.0,4.0,12.0,17.0,1.0,3.06
617,富荟商业广场（写字楼）,1.0,0.0,0.0,12.0,12.0,0.0,7.15
618,界龙总部园,6.0,2.0,3.0,7.0,6.0,1.0,5.07
619,歆翱商务大厦,9.0,0.0,0.0,0.0,6.0,0.0,2.53
620,数娱大厦,48.0,4.0,16.0,10.0,30.0,3.0,3.94
621,恒隆广场,76.0,14.0,22.0,12.0,36.0,0.0,10.14
622,凯迪金融大厦,24.0,3.0,18.0,4.0,27.0,3.0,3.95
623,8号桥二期,45.0,27.0,5.0,0.0,38.0,0.0,5.78
624,莘乔商务楼,7.0,2.0,3.0,2.0,11.0,0.0,2.03
625,科投大厦,116.0,9.0,3.0,3.0,20.0,1.0,3.55
626,日月光中心伯爵居,100.0,9.0,0.0,8.0,30.0,1.0,6.08
627,虹桥汇,0.0,0.0,0.0,0.0,4.0,0.0,5.58
628,城建国际中心,22.0,0.0,1.0,6.0,25.0,2.0,7.61
629,上海汇力得电子商务产业园,20.0,8.0,9.0,6.0,28.0,0.0,1.83
630,文通-财富国际,38.0,3.0,2.0,7.0,15.0,1.0,5.07
631,虹桥三湘广场,0.0,0.0,3.0,0.0,5.0,0.0,4.06
632,枫林国际大厦,51.0,10.0,1.0,5.0,25.0,1.0,5.0
633,九安广场,66.0,24.0,9.0,7.0,31.0,1.0,4.97
634,尼克大楼,6.0,0.0,0.0,1.0,7.0,0.0,4.26
635,天安万科御河企业公馆,0.0,0.0,1.0,0.0,2.0,0.0,3.04
636,西岸创意园区,20.0,10.0,3.0,3.0,26.0,2.0,4.06
637,嘉誉国际广场,1.0,0.0,1.0,2.0,1.0,0.0,4.77
638,静安晶品中心,54.0,0.0,15.0,6.0,42.0,1.0,8.77
639,新桥商务中心,0.0,1.0,2.0,2.0,0.0,2.0,3.65
640,安信财富中心,4.0,0.0,5.0,2.0,5.0,0.0,3.04
641,盛源恒华大厦,36.0,4.0,3.0,7.0,18.0,2.0,5.07
642,三迪曼哈顿,4.0,0.0,1.0,0.0,6.0,0.0,1.2
643,上海展览中心,98.0,8.0,20.0,9.0,36.0,1.0,5.07
644,大上海时代广场,36.0,7.0,23.0,27.0,40.0,3.0,8.11
645,平盛大厦,0.0,3.0,17.0,3.0,24.0,1.0,3.04
646,源达大厦,51.0,9.0,3.0,4.0,37.0,1.0,4.06
647,企业天地,44.0,13.0,16.0,27.0,25.0,2.0,10.14
648,家化金融大厦,68.0,4.0,0.0,5.0,60.0,0.0,3.04
649,华宏商务中心,3.0,1.0,0.0,8.0,5.0,0.0,4.06
650,大华银行大厦,19.0,1.0,0.0,5.0,16.0,0.0,9.63
651,旭辉世纪广场,2.0,1.0,2.0,2.0,5.0,0.0,3.04
652,美林创意园,17.0,1.0,2.0,0.0,11.0,0.0,2.33
653,永达国际大厦,3.0,0.0,2.0,12.0,6.0,2.0,7.1
654,高阳商务中心,8.0,1.0,2.0,4.0,26.0,1.0,2.64
655,海上硕和城,7.0,3.0,2.0,6.0,16.0,1.0,2.84
656,滨江国际广场,1.0,1.0,0.0,2.0,13.0,0.0,5.07
657,东方纯一,1.0,0.0,0.0,0.0,0.0,0.0,7.1
658,中骏广场,13.0,0.0,1.0,0.0,4.0,0.0,4.06
659,中华企业大厦,62.0,20.0,11.0,6.0,32.0,1.0,6.13
660,海高大厦,70.0,4.0,4.0,8.0,27.0,0.0,3.35
661,汤泉国际,3.0,1.0,1.0,2.0,4.0,0.0,4.06
662,荣振大厦,17.0,1.0,10.0,1.0,27.0,1.0,2.74
663,外高桥复旦科技园创新中心,12.0,2.0,3.0,0.0,14.0,0.0,2.84
664,聚鑫金桥园,22.0,0.0,0.0,0.0,7.0,0.0,2.64
665,建韬企业广场,16.0,3.0,5.0,2.0,24.0,1.0,3.55
666,绿洲中环中心,17.0,1.0,6.0,2.0,18.0,1.0,4.1
667,临空经济园区,0.0,1.0,3.0,1.0,7.0,0.0,3.04
668,福克斯(中谊)商务大厦,23.0,1.0,0.0,2.0,28.0,1.0,1.93
669,凯鸿广场,24.0,11.0,14.0,7.0,42.0,0.0,3.96
670,海尚杰座南楼,8.0,4.0,1.0,8.0,20.0,1.0,3.33
671,龙湖新壹城,13.0,0.0,1.0,1.0,2.0,1.0,1.03
672,老码头创意园,0.0,0.0,2.0,2.0,8.0,0.0,5.07
673,钱江大厦,32.0,1.0,1.0,1.0,27.0,2.0,5.07
674,漕河泾凤凰园,14.0,4.0,0.0,5.0,9.0,1.0,3.55
675,香港新世界大厦,45.0,11.0,15.0,26.0,27.0,2.0,8.11
676,洲际中心,57.0,1.0,6.0,5.0,34.0,2.0,6.9
677,星峰企业园,0.0,1.0,1.0,2.0,1.0,0.0,4.87
678,耀江国际大厦,25.0,3.0,4.0,14.0,0.0,1.0,3.85
679,锦程大厦,24.0,1.0,3.0,5.0,32.0,0.0,2.84
680,佳源名人公寓,4.0,0.0,0.0,0.0,0.0,0.0,1.26
681,凌阳大楼,1.0,0.0,0.0,0.0,0.0,0.0,4.16
682,南翔现代企业园,0.0,0.0,0.0,0.0,0.0,0.0,1.66
683,中环科技园,0.0,1.0,2.0,0.0,4.0,0.0,2.33
684,创洁科技园,3.0,0.0,0.0,2.0,4.0,0.0,3.55
685,新建大厦,44.0,8.0,5.0,5.0,24.0,0.0,4.36
686,东方汇经OFC,18.0,2.0,6.0,9.0,12.0,0.0,10.14
687,中山国际广场,7.0,3.0,1.0,0.0,11.0,1.0,4.06
688,长春藤运通大厦,75.0,9.0,16.0,17.0,33.0,3.0,3.33
689,华京商务大厦,14.0,10.0,2.0,1.0,14.0,0.0,3.85
690,世界广场,54.0,3.0,8.0,5.0,21.0,2.0,6.08
691,1929 OFFICE SPACE,22.0,12.0,15.0,7.0,39.0,1.0,4.29
692,嘉利大厦,52.0,10.0,1.0,9.0,33.0,0.0,2.84
693,新城控股大厦,9.0,0.0,1.0,7.0,9.0,1.0,4.66
694,银桥大厦,16.0,0.0,1.0,1.0,11.0,1.0,2.03
695,五维空间创意产业园,7.0,2.0,1.0,3.0,11.0,0.0,2.29
696,东渡国际家庭广场,2.0,4.0,2.0,4.0,5.0,0.0,4.29
697,虹桥国际大厦,31.0,0.0,0.0,11.0,26.0,0.0,2.84
698,富都大厦,12.0,2.0,0.0,10.0,18.0,1.0,3.91
699,麦可将园区,15.0,9.0,4.0,3.0,29.0,0.0,2.33
700,浙大网新科技园,5.0,0.0,2.0,1.0,3.0,1.0,5.07
701,江桥新世界生活广场三期,4.0,0.0,4.0,1.0,17.0,0.0,2.03
702,新发展大厦,52.0,2.0,7.0,5.0,35.0,2.0,4.06
703,银亿滨江中心,22.0,4.0,4.0,2.0,22.0,1.0,4.06
704,新时空国际商务广场,66.0,11.0,7.0,8.0,35.0,1.0,3.55
705,华大科技园,2.0,1.0,0.0,6.0,13.0,2.0,4.26
706,桂箐园,3.0,2.0,0.0,1.0,10.0,0.0,2.84
707,国际港务大厦,22.0,2.0,4.0,7.0,31.0,1.0,5.07
708,兴迪商务大厦,6.0,2.0,0.0,2.0,3.0,0.0,3.55
709,上海理工大学科技园,10.0,0.0,0.0,2.0,7.0,0.0,2.25
710,东方渔人码头,3.0,2.0,0.0,3.0,23.0,0.0,5.48
711,欧莱雅商务中心,2.0,0.0,0.0,2.0,4.0,0.0,3.04
712,兰生大厦,39.0,7.0,20.0,27.0,49.0,1.0,6.9
713,老洋行1913,24.0,12.0,4.0,8.0,46.0,1.0,3.85
714,南证大厦,72.0,13.0,13.0,20.0,37.0,1.0,6.27
715,上海海航大厦,1.0,0.0,0.0,0.0,0.0,0.0,9.13
716,森宏旗臻,3.0,4.0,3.0,2.0,5.0,1.0,2.28
717,万达商业广场,25.0,4.0,21.0,3.0,29.0,3.0,3.95
718,北虹桥绿地新都会,11.0,0.0,4.0,0.0,13.0,0.0,3.35
719,腾飞莲花,1.0,0.0,0.0,0.0,0.0,0.0,4.06
720,宏慧盟智廊,40.0,10.0,1.0,11.0,34.0,2.0,5.07
721,金融街静安中心,40.0,5.0,8.0,4.0,30.0,0.0,8.23
722,金陵大厦,46.0,7.0,6.0,27.0,27.0,2.0,3.47
723,华生创谷产业园,2.0,0.0,0.0,1.0,2.0,0.0,2.23
724,文渊楼,10.0,0.0,0.0,1.0,8.0,1.0,3.04
725,铭光商务楼,46.0,12.0,3.0,10.0,40.0,0.0,4.06
726,上海投资组合中心大厦,24.0,11.0,19.0,7.0,50.0,1.0,4.82
727,星云经济区,3.0,5.0,0.0,1.0,5.0,0.0,1.83
728,宝龙大厦,0.0,3.0,21.0,12.0,72.0,1.0,7.71
729,嘉地中心,106.0,6.0,17.0,9.0,39.0,2.0,8.11
730,滨江大厦,38.0,0.0,1.0,2.0,8.0,0.0,5.58
731,光明总部大厦,20.0,6.0,2.0,2.0,15.0,1.0,4.87
732,港务大厦,5.0,0.0,4.0,11.0,10.0,0.0,5.58
733,和源大楼,29.0,5.0,3.0,1.0,37.0,1.0,3.85
734,保利绿地,0.0,3.0,2.0,7.0,15.0,1.0,5.95
735,创智坊,16.0,2.0,6.0,2.0,15.0,0.0,3.85
736,汇宝中心,1.0,0.0,0.0,0.0,0.0,0.0,2.92
737,金延大楼,23.0,0.0,18.0,11.0,34.0,0.0,10.14
738,金峰世纪大厦,40.0,5.0,8.0,4.0,30.0,0.0,4.06
739,大宁易园,0.0,0.0,0.0,0.0,0.0,0.0,3.94
740,七宝宝龙城,4.0,0.0,3.0,0.0,20.0,1.0,3.85
741,徐家汇独栋花园办公楼,48.0,4.0,16.0,10.0,30.0,3.0,5.88
742,中金国际广场B座,63.0,4.0,15.0,9.0,26.0,2.0,6.59
743,长宁时代大厦,40.0,13.0,1.0,12.0,21.0,1.0,2.64
744,WE国际文化创意中心（静安）,60.0,6.0,10.0,6.0,34.0,1.0,7.62
745,中期大厦,31.0,2.0,4.0,6.0,25.0,1.0,3.33
746,振安广场,45.0,0.0,6.0,11.0,6.0,1.0,2.94
747,招商局上海中心,1.0,0.0,0.0,5.0,4.0,1.0,6.08
748,绿地创客,22.0,12.0,15.0,7.0,39.0,1.0,4.06
749,新纪元国际广场,16.0,6.0,6.0,8.0,24.0,0.0,2.84
750,汾阳路3号,95.0,23.0,10.0,15.0,37.0,2.0,7.1
751,仲盛金融中心,20.0,1.0,4.0,8.0,23.0,0.0,3.65
752,华联发展大厦,22.0,13.0,1.0,7.0,21.0,1.0,3.65
753,嘉汇大厦,77.0,5.0,10.0,10.0,26.0,1.0,3.33
754,伟泰大厦,8.0,0.0,0.0,6.0,18.0,2.0,3.04
755,宝莲城,4.0,2.0,2.0,1.0,3.0,0.0,2.84
756,一方中心,25.0,3.0,4.0,14.0,48.0,1.0,7.1
757,世纪商贸广场,88.0,31.0,4.0,8.0,28.0,1.0,8.72
758,浦江知地,0.0,0.0,0.0,0.0,0.0,0.0,1.52
759,国家开发银行大厦,8.0,6.0,3.0,5.0,25.0,1.0,7.61
760,环球广场,0.0,4.0,0.0,3.0,5.0,0.0,3.04
761,国创中心,1.0,0.0,0.0,0.0,0.0,0.0,3.55
762,东旅大厦,7.0,2.0,1.0,2.0,30.0,0.0,4.06
763,徐汇苑大厦,7.0,2.0,1.0,2.0,12.0,4.0,5.88
764,高优商务中心,6.0,5.0,0.0,4.0,11.0,2.0,4.56
765,众原国际大厦,1.0,0.0,0.0,0.0,2.0,0.0,1.52
766,东云街1号,5.0,0.0,1.0,3.0,5.0,0.0,1.52
767,上海谊莱创意园,39.0,0.0,3.0,5.0,25.0,0.0,2.74
768,海博大楼,6.0,0.0,1.0,3.0,14.0,1.0,3.04
769,碧云公馆,6.0,0.0,1.0,1.0,8.0,1.0,2.23
770,张江智创,5.0,0.0,0.0,0.0,5.0,3.0,4.06
771,同盛大厦,23.0,0.0,0.0,6.0,22.0,2.0,6.08
772,均瑶国际广场,54.0,14.0,0.0,7.0,25.0,1.0,4.87
773,恒基不夜城广场,43.0,1.0,1.0,6.0,23.0,0.0,2.84
774,台尚创意园,1.0,2.0,0.0,3.0,12.0,0.0,3.35
775,嘉华中心,20.0,24.0,0.0,21.0,29.0,1.0,8.11
776,长风国际大厦,2.0,1.0,1.0,8.0,4.0,0.0,3.85
777,城开中心,8.0,0.0,5.0,4.0,14.0,1.0,4.56
778,达人湾创智广场,38.0,3.0,1.0,1.0,28.0,1.0,2.53
779,汇嘉大厦,57.0,2.0,9.0,6.0,23.0,3.0,3.24
780,玛伊莎,6.0,2.0,0.0,3.0,6.0,0.0,1.01
781,森兰国际,1.0,0.0,3.0,1.0,3.0,1.0,2.03
782,上海国际设计中心,10.0,0.0,0.0,6.0,10.0,0.0,3.85
783,嘉立国际广场,36.0,0.0,0.0,0.0,6.0,0.0,1.37
784,虹桥电子时代广场,32.0,9.0,12.0,12.0,32.0,1.0,2.33
785,天宝华庭,15.0,3.0,4.0,7.0,33.0,1.0,3.04
786,越界智慧谷,21.0,7.0,1.0,6.0,27.0,2.0,3.24
787,时亦商务大厦,8.0,0.0,1.0,0.0,3.0,0.0,1.62
788,徐航大厦,48.0,4.0,16.0,7.0,30.0,3.0,6.08
789,嘉里不夜城,71.0,3.0,6.0,5.0,37.0,2.0,4.06
790,隆宇国际商务广场,59.0,4.0,7.0,5.0,35.0,1.0,5.88
791,申鑫大厦,116.0,0.0,13.0,17.0,70.0,1.0,2.84
792,金嘉商务广场,3.0,0.0,1.0,3.0,4.0,0.0,1.52
793,漕河泾开发区科产楼C楼,16.0,3.0,0.0,5.0,13.0,1.0,3.95
794,1933老场坊,22.0,12.0,0.0,8.0,48.0,0.0,3.85
795,昭化德必易园,46.0,12.0,3.0,7.0,40.0,0.0,5.58
796,宝纳大厦,14.0,5.0,5.0,1.0,12.0,0.0,3.24
797,莲花国际广场,8.0,0.0,7.0,0.0,12.0,1.0,4.06
798,华联创意广场,36.0,4.0,9.0,3.0,26.0,2.0,3.45
799,陆家嘴钻石大厦,12.0,2.0,6.0,10.0,18.0,1.0,7.71
800,万科2049创意汇,5.0,9.0,3.0,6.0,26.0,1.0,4.06
801,金昌商务中心,11.0,2.0,2.0,5.0,27.0,1.0,3.24
802,畅星大厦,6.0,0.0,1.0,2.0,3.0,0.0,4.66
803,恒汇国际大厦,22.0,1.0,4.0,3.0,34.0,1.0,5.05
804,绿地能源大厦,31.0,4.0,0.0,2.0,27.0,3.0,3.04
805,盛世莲花广场,22.0,3.0,1.0,1.0,16.0,0.0,3.55
806,联通大厦,60.0,10.0,6.0,6.0,23.0,1.0,4.87
807,阳光科技大厦,56.0,8.0,1.0,5.0,36.0,1.0,3.45
808,闵行高科技园,8.0,2.0,0.0,3.0,6.0,1.0,4.43
809,SOHO东海广场,66.0,24.0,17.0,4.0,32.0,1.0,7.3
810,虹桥南丰城,29.0,4.0,0.0,5.0,28.0,1.0,5.88
811,联合滨江大厦,13.0,3.0,3.0,0.0,28.0,1.0,1.56
812,金茂大厦,8.0,2.0,0.0,3.0,15.0,1.0,9.94
813,中房长治大楼,38.0,4.0,2.0,6.0,37.0,2.0,3.82
814,怡虹科技园,4.0,2.0,1.0,0.0,6.0,0.0,3.24
815,源深商务楼,12.0,2.0,6.0,10.0,18.0,1.0,5.37
816,闵欣大厦,1.0,0.0,0.0,0.0,5.0,0.0,2.43
817,置汇谷,17.0,5.0,10.0,1.0,27.0,1.0,4.06
818,新茂大厦,52.0,12.0,15.0,15.0,20.0,2.0,9.94
819,外滩8号,20.0,3.0,6.0,5.0,34.0,0.0,9.63
820,丽都大厦,22.0,18.0,1.0,7.0,18.0,2.0,3.04
821,建工大唐国际大厦,1.0,0.0,0.0,20.0,12.0,0.0,8.27
822,大虹桥国际中心,2.0,0.0,0.0,1.0,4.0,0.0,4.56
823,博济上海智汇园,5.0,1.0,0.0,3.0,10.0,1.0,2.33
824,辽油大厦,51.0,11.0,4.0,10.0,36.0,0.0,3.14
825,海上海,8.0,2.0,4.0,11.0,34.0,0.0,3.85
826,宝鼎大厦,73.0,6.0,2.0,12.0,34.0,1.0,3.55
827,长泰企业天地,13.0,0.0,1.0,2.0,12.0,1.0,4.26
828,金谷中环大厦,1.0,0.0,0.0,2.0,3.0,0.0,4.07
829,Build550,42.0,7.0,4.0,5.0,29.0,0.0,12.05
830,世博园C06板块,76.0,15.0,11.0,26.0,38.0,3.0,4.87
831,佳都大厦,25.0,3.0,5.0,4.0,0.0,1.0,3.04
832,金蝶软件园,4.0,0.0,1.0,0.0,3.0,0.0,3.55
833,上海漕河泾松江高科技,84.0,0.0,6.0,0.0,50.0,0.0,1.52
834,万众大厦,56.0,14.0,3.0,0.0,43.0,0.0,4.16
835,展讯中心,7.0,1.0,1.0,2.0,2.0,0.0,4.72
836,世纪商务大厦,49.0,7.0,5.0,3.0,28.0,2.0,3.04
837,互联宝地,6.0,0.0,0.0,7.0,21.0,2.0,3.85
838,北岸长风,0.0,1.0,1.0,8.0,8.0,0.0,3.9
839,上海利通广场,7.0,13.0,19.0,10.0,59.0,1.0,5.58
840,近铁虹桥中心,15.0,3.0,3.0,2.0,8.0,0.0,4.57
841,汇京国际广场,26.0,49.0,2.0,6.0,27.0,2.0,6.13
842,金轩大厦,71.0,4.0,5.0,5.0,24.0,1.0,3.35
843,致永大厦,0.0,0.0,0.0,0.0,3.0,0.0,1.32
844,华润时代广场,4.0,6.0,0.0,6.0,26.0,1.0,7.61
845,华富大厦,8.0,3.0,0.0,4.0,13.0,4.0,1.33
846,中天大厦,19.0,5.0,3.0,12.0,21.0,1.0,4.06
847,南方国际广场,8.0,0.0,6.0,2.0,7.0,0.0,2.23
848,宝安大厦,44.0,8.0,0.0,4.0,21.0,1.0,5.07
849,万象城,6.0,2.0,2.0,1.0,18.0,1.0,6.63
850,英雄大厦,21.0,2.0,4.0,7.0,20.0,1.0,2.84
851,信源张江广场,0.0,1.0,0.0,1.0,3.0,0.0,3.75
852,东辰大厦,30.0,1.0,0.0,9.0,11.0,0.0,3.24
853,陆家嘴基金大厦,4.0,0.0,0.0,6.0,19.0,2.0,7.91
854,中铝大厦,0.0,0.0,0.0,6.0,2.0,1.0,6.08
855,开开大厦,41.0,4.0,8.0,2.0,27.0,2.0,3.66
856,复旦科技园大厦,12.0,0.0,0.0,6.0,11.0,1.0,3.55
857,华晔创意园,17.0,0.0,2.0,4.0,17.0,1.0,4.06
858,中外运大厦,169.0,13.0,25.0,12.0,89.0,1.0,5.07
859,红墙创意园,13.0,2.0,3.0,1.0,17.0,0.0,3.24
860,新宝中心,11.0,0.0,0.0,1.0,5.0,0.0,2.64
861,中国华电,3.0,0.0,1.0,6.0,8.0,1.0,6.08
862,陆家嘴金融街区,1.0,0.0,0.0,20.0,12.0,0.0,8.11
863,中航天盛广场,9.0,3.0,1.0,0.0,7.0,2.0,5.58
864,凯兴大楼,6.0,0.0,1.0,0.0,10.0,0.0,1.32
865,龙湖虹桥天街,1.0,0.0,3.0,0.0,5.0,0.0,4.06
866,裕景国际大厦,54.0,4.0,0.0,2.0,28.0,2.0,5.58
867,上海意大利中心,0.0,0.0,0.0,5.0,1.0,0.0,4.56
868,智汇产业园,29.0,9.0,3.0,9.0,26.0,1.0,3.55
869,中冶祥腾城市广场·菁英逸品,0.0,1.0,4.0,6.0,3.0,2.0,2.44
870,东泰大厦,70.0,5.0,3.0,6.0,74.0,0.0,2.84
871,宝华・城立方,22.0,12.0,0.0,7.0,39.0,1.0,4.59
872,新梅大厦,75.0,4.0,3.0,5.0,25.0,0.0,3.04
873,宝山创意码头,1.0,0.0,0.0,0.0,3.0,0.0,1.62
874,蕾特商务中心,4.0,10.0,0.0,0.0,1.0,0.0,1.65
875,宝地广场,6.0,11.0,2.0,12.0,42.0,1.0,5.88
876,虹桥V1,14.0,4.0,5.0,8.0,15.0,1.0,4.06
877,瑞安广场,43.0,14.0,6.0,27.0,24.0,2.0,8.11
878,一天下大厦,19.0,3.0,0.0,7.0,16.0,1.0,3.19
879,华祺大厦,53.0,23.0,5.0,5.0,44.0,1.0,4.82
880,埃力生轻工国际大厦,24.0,1.0,2.0,13.0,33.0,1.0,2.54
881,惠生中心,1.0,0.0,0.0,0.0,0.0,0.0,4.56
882,渊德商务楼,0.0,2.0,0.0,0.0,3.0,0.0,2.03
883,远中科研大楼,0.0,2.0,0.0,3.0,0.0,1.0,3.35
884,e通世界商务园五区,0.0,0.0,0.0,0.0,1.0,0.0,1.83
885,金桥数研基地,4.0,0.0,0.0,1.0,1.0,0.0,2.43
886,凯德龙之梦,22.0,9.0,10.0,6.0,0.0,0.0,4.56
887,陆家嘴软件园,12.0,2.0,3.0,10.0,18.0,1.0,5.58
888,鸿祥大厦,74.0,8.0,19.0,10.0,50.0,1.0,3.04
889,广发大厦,87.0,8.0,0.0,14.0,28.0,1.0,9.16
890,E仓创意中心,48.0,10.0,5.0,6.0,26.0,2.0,3.65
891,胜富仁大厦,9.0,2.0,7.0,4.0,13.0,1.0,4.06
892,老四行创意园区,47.0,2.0,2.0,5.0,21.0,1.0,4.06
893,乐平方,3.0,3.0,2.0,5.0,8.0,0.0,3.75
894,凯利大厦,30.0,51.0,1.0,9.0,78.0,1.0,3.85
895,爱美高大厦,21.0,20.0,6.0,6.0,25.0,2.0,8.11
896,50智慧产业科技园,22.0,0.0,2.0,6.0,22.0,0.0,1.93
897,永华大厦,46.0,6.0,0.0,4.0,29.0,2.0,5.68
898,凤凰商务中心,27.0,47.0,2.0,7.0,23.0,2.0,3.17
899,申亚金融广场,56.0,14.0,1.0,6.0,27.0,0.0,3.95
900,上海招商局广场,12.0,12.0,12.0,27.0,28.0,0.0,5.48
901,静安新业坊,0.0,0.0,0.0,0.0,0.0,0.0,4.15
902,张江·矽岸国际,0.0,1.0,1.0,0.0,4.0,0.0,4.56
903,中福世福汇,134.0,13.0,20.0,15.0,77.0,2.0,5.67
904,神州数码科技大厦,16.0,3.0,5.0,1.0,24.0,1.0,4.06
905,建工大厦,28.0,0.0,1.0,8.0,17.0,2.0,3.85
906,华鑫天地,0.0,0.0,1.0,6.0,6.0,0.0,4.56
907,凤阳路659号,59.0,13.0,16.0,16.0,42.0,4.0,5.07
908,绿地伯顿大厦,6.0,2.0,0.0,3.0,6.0,0.0,1.72
909,金龙大厦,25.0,3.0,5.0,4.0,20.0,1.0,2.74
910,齐鲁大厦,42.0,9.0,3.0,0.0,22.0,1.0,6.39
911,康建商务广场,5.0,0.0,1.0,1.0,9.0,2.0,2.53
912,诺诚M7创意园,6.0,4.0,1.0,2.0,12.0,0.0,2.64
913,同乐坊,33.0,8.0,2.0,4.0,31.0,2.0,5.07
914,贝岭技术研发中心,3.0,3.0,1.0,2.0,8.0,0.0,3.85
915,慧峰商务大厦,1.0,0.0,0.0,0.0,2.0,0.0,2.03
916,广东发展银行大厦,59.0,7.0,0.0,16.0,29.0,3.0,5.57
917,卓维700,58.0,9.0,6.0,16.0,62.0,2.0,6.08
918,杰地大厦,33.0,0.0,6.0,6.0,33.0,3.0,3.92
919,漕河泾写字楼,7.0,9.0,3.0,9.0,26.0,1.0,3.24
920,海伦国际,34.0,15.0,10.0,6.0,39.0,1.0,2.88
921,比乐创意办公空间,1.0,0.0,0.0,0.0,0.0,0.0,3.01
922,滨江万科中心,5.0,1.0,0.0,2.0,6.0,0.0,6.08
923,致远大厦,39.0,6.0,1.0,6.0,29.0,3.0,3.5
924,金桥大厦,21.0,1.0,6.0,4.0,22.0,0.0,2.64
925,春秋国际大厦,6.0,11.0,0.0,12.0,26.0,0.0,5.07
926,长海商务楼,21.0,0.0,3.0,0.0,26.0,0.0,3.38
927,协泰中心,11.0,1.0,0.0,7.0,22.0,0.0,4.56
928,上海物资大厦,96.0,6.0,22.0,10.0,68.0,0.0,2.7
929,华普科技大厦,34.0,6.0,2.0,4.0,19.0,1.0,3.04
930,上海漕河泾实业大厦,10.0,17.0,2.0,5.0,0.0,1.0,3.8
931,嘉汇国际广场,73.0,4.0,3.0,8.0,25.0,1.0,2.71
932,渡口空间,3.0,4.0,1.0,3.0,6.0,1.0,6.9
933,蓝宝石大厦,10.0,5.0,8.0,4.0,30.0,1.0,3.2
934,泛太大厦,16.0,12.0,2.0,10.0,40.0,0.0,2.54
935,康定大厦,43.0,24.0,6.0,8.0,0.0,1.0,5.66
936,福德商务中心,23.0,8.0,15.0,7.0,41.0,1.0,2.13
937,海上硕和城SOHO商务中心,9.0,1.0,2.0,6.0,16.0,1.0,2.84
938,帝宝国际大厦,6.0,3.0,1.0,1.0,15.0,0.0,3.04
939,张江海趣园,0.0,0.0,0.0,0.0,0.0,0.0,4.06
940,上海中观产业园,33.0,11.0,0.0,6.0,20.0,0.0,3.38
941,长宁88中心,38.0,2.0,7.0,4.0,25.0,0.0,6.59
942,江南智造生活广场,35.0,22.0,3.0,7.0,30.0,0.0,4.87
943,星外滩10号,21.0,0.0,2.0,5.0,37.0,1.0,7.1
944,金赢108创意广场银座,9.0,2.0,3.0,1.0,33.0,1.0,3.39
945,清水湾大酒店,35.0,2.0,1.0,7.0,21.0,1.0,4.82
946,越洋广场,72.0,15.0,15.0,7.0,27.0,1.0,10.14
947,春之声大厦,19.0,3.0,3.0,6.0,25.0,1.0,4.38
948,力玮科技大楼,16.0,1.0,0.0,0.0,8.0,0.0,3.04
949,东展商业大厦,12.0,10.0,17.0,16.0,36.0,3.0,5.03
950,大宁商务中心,0.0,0.0,0.0,0.0,0.0,0.0,5.94
951,汇商大厦,3.0,1.0,2.0,9.0,4.0,0.0,6.08
952,中国人寿金融中心,12.0,6.0,1.0,5.0,25.0,0.0,10.65
953,京德大楼,0.0,6.0,10.0,11.0,60.0,1.0,3.33
954,歆翱国际电商大厦,11.0,0.0,4.0,2.0,13.0,0.0,1.83
955,井亭大厦,6.0,0.0,1.0,1.0,12.0,0.0,3.04
956,振华企业广场,4.0,0.0,1.0,3.0,4.0,1.0,5.07
957,海琪商务大厦,0.0,1.0,4.0,2.0,28.0,1.0,2.03
958,柴火空间,6.0,0.0,0.0,3.0,6.0,0.0,1.52
959,博济F-1088(放鹤路),11.0,0.0,1.0,1.0,14.0,1.0,1.52
960,诺诚1895创意园,5.0,1.0,0.0,2.0,10.0,1.0,3.02
961,北外环信息产业园,2.0,0.0,0.0,0.0,4.0,1.0,2.03
962,解放日报大厦,156.0,18.0,19.0,11.0,89.0,1.0,4.56
963,龙裕财富中心,2.0,4.0,14.0,4.0,5.0,0.0,4.36
964,锦绣申江,2.0,0.0,0.0,2.0,1.0,0.0,3.04
965,创智良仓,0.0,0.0,0.0,0.0,0.0,0.0,3.65
966,盛大天地源创谷,3.0,0.0,0.0,2.0,5.0,3.0,3.25
967,浦江智谷商务园,0.0,0.0,0.0,0.0,0.0,0.0,1.62
968,武康庭,55.0,3.0,0.0,11.0,8.0,2.0,6.13
969,兆丰环球大厦,21.0,4.0,3.0,3.0,22.0,2.0,5.21
970,复华商业大厦,31.0,5.0,7.0,7.0,23.0,1.0,3.14
971,福龙大厦,17.0,4.0,6.0,9.0,26.0,0.0,2.07
972,同济联合广场B座,6.0,1.0,1.0,8.0,14.0,1.0,3.85
973,富容大厦,46.0,5.0,3.0,6.0,25.0,1.0,5.3
974,华敏翰尊国际,56.0,16.0,1.0,8.0,24.0,1.0,4.87
975,陆家嘴世纪金融广场（...,183.0,0.0,26.0,12.0,89.0,1.0,8.11
976,悦达889广场,41.0,4.0,8.0,3.0,23.0,3.0,6.08
977,高阳大楼,0.0,1.0,2.0,2.0,26.0,0.0,3.18
978,乐凯大厦,39.0,8.0,12.0,5.0,25.0,2.0,4.56
979,上海保利广场,1.0,0.0,0.0,0.0,0.0,0.0,8.11
980,松江漕河泾,6.0,1.0,2.0,0.0,11.0,0.0,1.52
981,文通东外滩中心,7.0,0.0,5.0,10.0,10.0,1.0,4.06
982,华能联合大厦,18.0,4.0,1.0,7.0,24.0,0.0,6.69
983,裕景国际商务广场A座,13.0,4.0,0.0,0.0,28.0,2.0,5.68
984,华辰金融大厦,18.0,6.0,0.0,2.0,7.0,0.0,6.0
985,上海陇盛科技大楼,28.0,5.0,3.0,9.0,28.0,0.0,2.43
986,万事利大厦,10.0,18.0,0.0,8.0,66.0,1.0,3.04
987,时代大厦,40.0,13.0,1.0,12.0,21.0,1.0,2.33
988,联通国际大厦,43.0,2.0,0.0,5.0,21.0,0.0,3.55
989,绿地汇中心,2.0,1.0,0.0,0.0,1.0,2.0,5.07
990,碧云中心,6.0,0.0,1.0,0.0,9.0,1.0,4.56
991,华鼎大厦,21.0,1.0,5.0,5.0,16.0,0.0,3.55
992,永升大厦,18.0,4.0,3.0,5.0,18.0,2.0,4.28
993,金钟广场,36.0,7.0,23.0,27.0,47.0,1.0,6.9
994,中信广场,66.0,4.0,14.0,10.0,77.0,2.0,6.08
995,中创大厦,68.0,13.0,18.0,16.0,34.0,3.0,6.29
996,海棠大厦,6.0,2.0,0.0,4.0,7.0,0.0,2.32
997,城市机场航站楼,60.0,6.0,15.0,6.0,36.0,1.0,6.08
998,永银大厦,39.0,9.0,12.0,25.0,43.0,1.0,7.23
999,光启城办公楼,24.0,1.0,3.0,7.0,0.0,2.0,5.07
1000,复兴商厦,15.0,3.0,12.0,14.0,29.0,1.0,5.07
1001,华博科技大楼,18.0,5.0,9.0,1.0,38.0,1.0,5.08
1002,国际信贸大厦,1.0,0.0,0.0,0.0,4.0,1.0,1.52
1003,巴黎时韵,131.0,18.0,3.0,10.0,26.0,1.0,4.06
1004,兴业太古汇,20.0,17.0,13.0,19.0,39.0,3.0,10.14
1005,歆翱商务楼,1.0,1.0,3.0,1.0,5.0,0.0,2.01
1006,首东国顺大厦,1.0,4.0,1.0,6.0,15.0,0.0,2.84
1007,世贸商城,14.0,0.0,2.0,8.0,15.0,1.0,4.97
1008,氪空间徐家汇社区,41.0,4.0,17.0,11.0,27.0,3.0,3.0
1009,中设广场,3.0,0.0,0.0,0.0,3.0,0.0,2.64
1010,上海电子物联产业园,12.0,0.0,3.0,2.0,23.0,0.0,1.62
1011,上海滩国际大厦,54.0,4.0,4.0,10.0,50.0,0.0,5.31
1012,飞雕国际大厦,55.0,2.0,10.0,6.0,29.0,2.0,4.87
1013,沃力创业园,1.0,0.0,0.0,0.0,0.0,0.0,2.92
1014,复华高新技术园,0.0,11.0,3.0,7.0,24.0,0.0,1.53
1015,爱建工业大厦,5.0,0.0,0.0,5.0,21.0,1.0,2.84
1016,龙之梦大厦,61.0,6.0,10.0,0.0,24.0,1.0,6.08
1017,腾飞科技岭,1.0,0.0,0.0,0.0,0.0,0.0,4.06
1018,五角丰达二期,22.0,2.0,16.0,5.0,20.0,1.0,3.85
1019,永惠大厦,55.0,15.0,10.0,11.0,70.0,2.0,3.04
1020,静安新时代大厦,19.0,10.0,17.0,18.0,38.0,3.0,4.87
1021,汇达商务园,0.0,0.0,0.0,4.0,9.0,0.0,2.74
1022,上海总部湾,1.0,0.0,0.0,0.0,0.0,0.0,2.13
1023,融创外滩188,0.0,4.0,3.0,10.0,51.0,1.0,5.58
1024,徐汇创意园,10.0,2.0,0.0,4.0,15.0,1.0,3.24
1025,加禾LOFT创意园,14.0,6.0,0.0,3.0,13.0,1.0,3.85
1026,尚大国际,3.0,1.0,0.0,0.0,3.0,0.0,3.04
1027,曹杨商务大厦,7.0,0.0,0.0,5.0,14.0,2.0,3.55
1028,华都大厦,43.0,2.0,7.0,3.0,21.0,1.0,5.58
1029,永嘉庭,13.0,4.0,16.0,12.0,28.0,1.0,6.08
1030,鑫达大厦,7.0,2.0,1.0,8.0,10.0,0.0,3.35
1031,七星创业园,3.0,2.0,0.0,1.0,11.0,0.0,2.84
1032,虹桥新地中心,0.0,0.0,3.0,0.0,5.0,0.0,6.08
1033,钦汇园,4.0,2.0,0.0,1.0,7.0,0.0,3.04
1034,新茂大楼,14.0,3.0,0.0,5.0,9.0,1.0,3.55
1035,廖创兴金融中心,19.0,6.0,19.0,18.0,40.0,1.0,7.3
1036,世贸大厦,45.0,12.0,20.0,16.0,80.0,2.0,8.2
1037,国正中心,8.0,3.0,1.0,0.0,11.0,2.0,4.87
1038,法华525创意树林,9.0,19.0,2.0,11.0,28.0,0.0,5.07
1039,胜康廖氏大厦,34.0,8.0,13.0,5.0,30.0,2.0,4.36
1040,恒生银行大厦,11.0,1.0,2.0,6.0,18.0,1.0,10.14
1041,嘉印象,11.0,1.0,5.0,1.0,11.0,0.0,2.64
1042,绿洲中环中心5号楼,6.0,1.0,6.0,3.0,17.0,1.0,3.85
1043,陆家嘴金品,1.0,0.0,0.0,22.0,11.0,0.0,4.06
1044,徐汇晶典大厦,20.0,0.0,5.0,6.0,14.0,1.0,3.14
1045,中国梦谷,1.0,0.0,0.0,0.0,2.0,0.0,1.62
1046,中一大楼,60.0,3.0,9.0,20.0,30.0,1.0,8.45
1047,禾谷文创园,2.0,0.0,0.0,1.0,4.0,0.0,1.62
1048,阳光世界大厦,6.0,1.0,2.0,3.0,13.0,0.0,0.91
1049,三和大厦,17.0,8.0,2.0,5.0,37.0,0.0,4.34
1050,688广场,67.0,13.0,17.0,11.0,44.0,4.0,8.11
1051,静安东贤大厦,0.0,0.0,0.0,0.0,0.0,0.0,3.85
1052,上海诚达创意产业园区,29.0,9.0,3.0,9.0,26.0,1.0,4.06
1053,加华商务广场,30.0,46.0,1.0,7.0,25.0,2.0,3.85
1054,嘉定区西上海大厦,0.0,0.0,2.0,0.0,8.0,0.0,2.74
1055,上海中天科技商务园,0.0,0.0,0.0,1.0,4.0,0.0,2.33
1056,稻盛科研楼,1.0,0.0,0.0,0.0,0.0,0.0,3.55
1057,梅龙镇广场,99.0,4.0,21.0,10.0,39.0,2.0,8.92
1058,上海电力国家大学科技园,6.0,10.0,0.0,7.0,18.0,1.0,5.07
1059,艾库创想空间,3.0,0.0,0.0,1.0,2.0,0.0,2.84
1060,兴中心 创尚工场,13.0,0.0,1.0,2.0,12.0,1.0,2.74
1061,沙田大厦,49.0,4.0,0.0,4.0,35.0,2.0,3.24
1062,绿地中心二期写字楼,15.0,2.0,2.0,2.0,11.0,1.0,4.56
1063,中环协信天地,11.0,2.0,0.0,1.0,10.0,0.0,3.55
1064,国际航运金融大厦,12.0,8.0,0.0,2.0,18.0,2.0,6.9
1065,圣天地商务大厦,41.0,8.0,3.0,2.0,30.0,1.0,3.11
1066,天安中心,70.0,9.0,18.0,18.0,39.0,1.0,7.3
1067,海宏科创,2.0,0.0,0.0,1.0,4.0,0.0,1.52
1068,敦奴大厦,10.0,0.0,0.0,2.0,13.0,1.0,3.38
1069,建滔企业广场,2.0,1.0,3.0,1.0,7.0,0.0,4.26
1070,亨通国际大厦,63.0,8.0,10.0,0.0,30.0,1.0,3.85
1071,杨浦都市工业园,9.0,1.0,1.0,1.0,17.0,0.0,2.55
1072,淮海国际广场,0.0,0.0,8.0,21.0,0.0,1.0,8.01
1073,和典创意园,10.0,2.0,0.0,3.0,12.0,0.0,3.2
1074,明珠中心,47.0,6.0,13.0,5.0,30.0,1.0,3.27
1075,地铁时代广场,2.0,0.0,2.0,2.0,1.0,0.0,1.83
1076,恒基•旭辉中心,0.0,0.0,0.0,0.0,1.0,0.0,4.26
1077,明申商务广场,0.0,1.0,0.0,3.0,10.0,1.0,2.64
1078,福克斯(莲花)商务大厦,0.0,0.0,3.0,4.0,23.0,0.0,1.52
1079,凤凰科技园,29.0,9.0,3.0,9.0,26.0,1.0,3.5
1080,金汇德必易园,14.0,4.0,7.0,1.0,11.0,0.0,3.24
1081,宝隆一方大厦,0.0,0.0,0.0,1.0,21.0,0.0,2.67
1082,北桥青年城,12.0,0.0,3.0,4.0,23.0,0.0,1.83
1083,环球都会广场,25.0,9.0,3.0,6.0,26.0,1.0,6.08
1084,瑞华集团大楼,5.0,2.0,1.0,1.0,7.0,0.0,4.06
1085,宏汇国际广场,17.0,9.0,2.0,4.0,15.0,0.0,5.59
1086,张江创业源商业中心,7.0,1.0,0.0,0.0,4.0,0.0,4.06
1087,瑞特大厦,29.0,9.0,3.0,9.0,26.0,1.0,3.55
1088,赢嘉广场,0.0,0.0,0.0,0.0,4.0,0.0,3.04
1089,BHC中环中心,2.0,0.0,1.0,2.0,4.0,0.0,3.19
1090,金鹰国际广场,82.0,11.0,19.0,14.0,35.0,1.0,7.58
1091,吴中商务大厦,15.0,0.0,4.0,0.0,14.0,0.0,3.24
1092,金创大厦,0.0,0.0,0.0,0.0,3.0,2.0,4.06
1093,张江文化科技创意产业基地,5.0,0.0,0.0,2.0,5.0,0.0,4.58
1094,古北1699广场,11.0,4.0,2.0,2.0,8.0,1.0,5.59
1095,华隆大厦,19.0,6.0,12.0,9.0,73.0,2.0,4.34
1096,耀光中环国际大厦,8.0,0.0,4.0,3.0,7.0,2.0,2.23
1097,盛源科技园,6.0,0.0,3.0,3.0,5.0,2.0,2.33
1098,港汇中心二座,48.0,4.0,16.0,10.0,30.0,3.0,9.16
1099,高登金融大厦,60.0,3.0,6.0,10.0,34.0,0.0,7.23
1100,合川大厦,5.0,1.0,1.0,1.0,3.0,2.0,3.55
1101,工商联大厦,100.0,11.0,16.0,14.0,60.0,2.0,3.75
1102,华一实业大厦,7.0,0.0,0.0,5.0,7.0,0.0,3.24
1103,申虹国际大厦,2.0,0.0,1.0,0.0,12.0,2.0,6.59
1104,云顶国际商业广场,8.0,4.0,1.0,0.0,9.0,0.0,4.56
1105,金穗大厦,22.0,4.0,3.0,5.0,24.0,0.0,5.27
1106,宝龙城市广场,54.0,0.0,3.0,2.0,8.0,1.0,3.04
1107,生命人寿大厦,4.0,8.0,13.0,3.0,22.0,2.0,5.07
1108,建华大楼,11.0,4.0,4.0,5.0,24.0,0.0,3.18
1109,133世界广场,1.0,0.0,0.0,0.0,0.0,0.0,3.04
1110,麦腾创业天地,2.0,6.0,1.0,2.0,0.0,0.0,3.04
1111,诚信国际大厦,0.0,0.0,0.0,0.0,2.0,0.0,1.52
1112,力国大楼,18.0,2.0,0.0,2.0,14.0,0.0,3.35
1113,恒利国际大厦,58.0,13.0,10.0,30.0,33.0,1.0,5.88
1114,陆家嘴商务广场,14.0,0.0,0.0,7.0,12.0,1.0,8.49
1115,同济科技大厦,4.0,0.0,0.0,6.0,10.0,1.0,4.06
1116,北外滩金光中心,25.0,3.0,4.0,14.0,48.0,1.0,8.24
1117,运通星财富广场,12.0,2.0,1.0,9.0,6.0,0.0,2.55
1118,明谷科技园,4.0,0.0,0.0,1.0,52.0,0.0,2.84
1119,名人商业大厦,106.0,14.0,27.0,7.0,70.0,1.0,6.9
1120,上海时尚产业园,5.0,9.0,12.0,12.0,32.0,1.0,4.06
1121,莱茵·虹桥中心,12.0,3.0,2.0,1.0,22.0,1.0,3.35
1122,凯德龙之梦虹口广场,17.0,5.0,10.0,1.0,27.0,1.0,5.58
1123,智慧七立方,15.0,4.0,5.0,1.0,0.0,1.0,2.69
1124,万通中心,1.0,0.0,3.0,0.0,7.0,0.0,5.37
1125,金沙商务广场,8.0,4.0,2.0,0.0,8.0,0.0,3.04
1126,郡江国际大厦,27.0,11.0,3.0,0.0,40.0,2.0,2.84
1127,飘鹰世纪大厦,7.0,6.0,3.0,7.0,22.0,1.0,3.04
1128,张江集电港,4.0,0.0,0.0,0.0,3.0,0.0,3.04
1129,华泰中心,15.0,2.0,4.0,4.0,9.0,1.0,1.01
1130,南洋实业大楼,48.0,4.0,16.0,10.0,30.0,3.0,5.78
1131,虹桥天地,18.0,10.0,5.0,8.0,15.0,1.0,5.5
1132,绿地中央广场,0.0,0.0,0.0,2.0,5.0,0.0,4.06
1133,亚洲大厦,46.0,3.0,27.0,15.0,72.0,1.0,6.08
1134,七宝宝龙城市广场,6.0,0.0,1.0,0.0,26.0,0.0,3.88
1135,同和凤城巷,29.0,1.0,0.0,8.0,9.0,1.0,3.85
1136,航汇大厦,1.0,1.0,0.0,0.0,1.0,4.0,5.02
1137,三林金融众创空间,26.0,2.0,2.0,0.0,22.0,0.0,3.04
1138,上海绿地中心一期,22.0,4.0,0.0,5.0,16.0,2.0,6.08
1139,宏嘉大厦,35.0,1.0,0.0,6.0,21.0,0.0,8.31
1140,中诣逸界产业园,11.0,3.0,1.0,1.0,14.0,1.0,1.93
1141,静安大厦,61.0,40.0,2.0,6.0,18.0,0.0,7.61
1142,绿洲中环中心3号楼,17.0,9.0,6.0,2.0,7.0,1.0,4.06
1143,VIP大厦,45.0,7.0,0.0,2.0,17.0,0.0,2.59
1144,海兴广场,79.0,5.0,2.0,5.0,27.0,1.0,4.06
1145,尚街Loft上海双创产业园,25.0,6.0,0.0,6.0,23.0,1.0,3.85
1146,祥鹿大厦,1.0,0.0,0.0,0.0,3.0,0.0,2.43
1147,科技绿洲,3.0,0.0,0.0,3.0,6.0,0.0,4.06
1148,波特营,40.0,8.0,7.0,3.0,20.0,1.0,6.08
1149,凯旋坊创意园,54.0,8.0,5.0,6.0,17.0,1.0,4.26
1150,紫金汉宫,42.0,3.0,12.0,1.0,27.0,1.0,4.56
1151,东方海外大厦,99.0,18.0,9.0,7.0,30.0,0.0,4.56
1152,尚馥骊湾88,15.0,3.0,1.0,6.0,23.0,0.0,3.85
1153,国际商贸大厦,1.0,0.0,0.0,0.0,4.0,0.0,1.52
1154,海螺大厦,21.0,9.0,4.0,0.0,24.0,0.0,4.06
1155,华西证券大厦,13.0,2.0,3.0,10.0,29.0,1.0,2.74
1156,soho世纪广场,168.0,13.0,20.0,0.0,79.0,2.0,8.5
1157,淮海金融大厦,41.0,7.0,24.0,29.0,43.0,3.0,5.02
1158,长江新能源大厦,131.0,3.0,27.0,15.0,72.0,1.0,6.74
1159,欧江大厦,55.0,1.0,0.0,8.0,22.0,1.0,3.24
1160,联创国际,19.0,0.0,1.0,1.0,0.0,0.0,2.18
1161,堡尼中心,2.0,0.0,0.0,4.0,7.0,0.0,3.96
1162,浦发广场写字楼,6.0,1.0,1.0,6.0,13.0,0.0,2.74
1163,福克斯元江路创新园,4.0,0.0,0.0,0.0,5.0,0.0,1.62
1164,恒耀广场,17.0,1.0,2.0,0.0,12.0,0.0,1.52
1165,嘉南红塔商务广场,17.0,1.0,2.0,0.0,11.0,0.0,2.03
1166,德必WE,149.0,20.0,26.0,6.0,81.0,0.0,7.1
1167,衡山国际商务楼,1.0,0.0,0.0,1.0,2.0,0.0,1.62
1168,飞洲国际广场,39.0,3.0,2.0,5.0,17.0,1.0,5.58
1169,东方星座,30.0,22.0,1.0,4.0,24.0,1.0,2.75
1170,圣骊虹桥创意园,20.0,48.0,2.0,3.0,26.0,2.0,3.85
1171,绿地M-TOWN,1.0,0.0,0.0,0.0,0.0,0.0,4.06
1172,宜嘉商务楼,2.0,5.0,1.0,6.0,17.0,1.0,1.7
1173,世嘉双塔,8.0,0.0,2.0,3.0,6.0,0.0,1.9
1174,亚都商务楼,69.0,3.0,9.0,7.0,24.0,1.0,4.06
1175,金茂工业园,29.0,9.0,3.0,9.0,26.0,1.0,2.84
1176,绿地伯顿广场,6.0,0.0,0.0,3.0,8.0,0.0,1.42
1177,亭福大厦,11.0,0.0,0.0,1.0,9.0,0.0,1.93
1178,芭洛商务大厦,15.0,0.0,1.0,1.0,7.0,0.0,2.33
1179,星河世纪城,8.0,2.0,1.0,7.0,13.0,0.0,2.5
1180,丁香国际大厦,12.0,0.0,3.0,16.0,4.0,2.0,7.5
1181,中瑞·商务大厦,28.0,2.0,1.0,3.0,0.0,1.0,3.35
1182,新华文化科技园,13.0,0.0,1.0,2.0,12.0,1.0,2.84
1183,众原国际中心,0.0,20.0,6.0,8.0,30.0,1.0,1.52
1184,寰启商务大厦,3.0,0.0,0.0,0.0,2.0,0.0,1.62
1185,东方希望大厦,8.0,0.0,0.0,10.0,5.0,0.0,6.29
1186,华宁国际广场,37.0,6.0,10.0,7.0,23.0,0.0,4.56
1187,创想家社区,3.0,3.0,2.0,7.0,15.0,1.0,2.03
1188,申通信息广场,57.0,4.0,3.0,11.0,21.0,2.0,4.87
1189,银石科技园,28.0,17.0,2.0,4.0,19.0,1.0,3.47
1190,展想广场,7.0,1.0,1.0,2.0,2.0,0.0,5.5
1191,盛大全球研发中心,1.0,0.0,0.0,0.0,0.0,0.0,3.45
1192,上海跨国采购中心,2.0,1.0,1.0,8.0,3.0,0.0,4.56
1193,凯龙瑞,2.0,0.0,0.0,2.0,1.0,0.0,4.56
1194,众原企业天地,15.0,13.0,16.0,27.0,25.0,2.0,1.32
1195,禹洲金桥国际三期,22.0,0.0,1.0,1.0,7.0,0.0,1.44
1196,光宝科技大厦,6.0,3.0,1.0,1.0,15.0,0.0,4.06
1197,森兰美伦,1.0,0.0,0.0,1.0,0.0,0.0,1.83
1198,涛飞国际广场商务楼,0.0,0.0,0.0,1.0,2.0,0.0,2.03
1199,上海金领谷科技产业园,11.0,3.0,1.0,1.0,14.0,1.0,1.83
1200,上海世和商务中心,7.0,0.0,2.0,0.0,2.0,0.0,4.06
1201,招商银行上海大厦,0.0,0.0,0.0,7.0,12.0,1.0,6.08
1202,苏州河DOHO,13.0,4.0,0.0,9.0,8.0,0.0,4.06
1203,外滩SOHO,23.0,0.0,20.0,11.0,34.0,0.0,7.61
1204,银统大厦,53.0,11.0,5.0,7.0,40.0,0.0,2.96
1205,港陆广场,70.0,2.0,17.0,21.0,53.0,2.0,6.08
1206,花园大厦,63.0,8.0,10.0,7.0,27.0,1.0,2.84
1207,壹丰广场,36.0,9.0,14.0,9.0,59.0,1.0,5.58
1208,长峰中心.聚贤阁,46.0,18.0,1.0,7.0,26.0,0.0,4.56
1209,龙泽大厦,13.0,10.0,0.0,3.0,31.0,0.0,2.39
1210,美罗大厦,58.0,2.0,15.0,5.0,26.0,3.0,5.58
1211,久事商务大厦,108.0,17.0,16.0,10.0,51.0,1.0,11.56
1212,东方有线大厦,18.0,17.0,12.0,18.0,41.0,3.0,5.58
1213,复旦软件园•智慧新天地,29.0,22.0,2.0,3.0,24.0,1.0,3.66
1214,虹桥商务大厦,8.0,6.0,0.0,9.0,15.0,1.0,4.56
1215,贝多芬广场,58.0,9.0,1.0,7.0,24.0,1.0,3.85
1216,苏宁天御国际广场,8.0,0.0,1.0,2.0,6.0,0.0,3.75
1217,云海苑,77.0,16.0,15.0,23.0,41.0,3.0,3.85
1218,星汇广场,6.0,3.0,0.0,0.0,0.0,1.0,3.38
1219,同华大厦,7.0,0.0,1.0,1.0,7.0,0.0,1.39
1220,绿地北外滩中心,41.0,0.0,2.0,4.0,32.0,1.0,5.27
1221,发展大厦,6.0,0.0,3.0,0.0,7.0,0.0,1.62
1222,半岛湾时尚文化创意产业园,22.0,12.0,6.0,8.0,50.0,2.0,4.06
1223,博达科技楼,1.0,0.0,0.0,0.0,0.0,0.0,4.06
1224,上海集电港,2.0,0.0,0.0,0.0,3.0,0.0,4.06
1225,兴业大厦,106.0,6.0,17.0,14.0,39.0,2.0,4.44
1226,远东大厦,7.0,8.0,13.0,5.0,23.0,2.0,4.56
1227,东方蓝海国际广场,18.0,4.0,8.0,8.0,17.0,0.0,4.56
1228,锦明大厦,21.0,1.0,6.0,7.0,22.0,0.0,2.84
1229,近铁云大厦,0.0,10.0,5.0,6.0,27.0,2.0,5.3
1230,美奂大厦,13.0,4.0,16.0,0.0,27.0,1.0,4.04
1231,中城国际大厦,7.0,5.0,2.0,8.0,21.0,1.0,7.21
1232,凯迪克大厦,97.0,13.0,13.0,14.0,35.0,1.0,4.14
1233,中华城,39.0,5.0,7.0,3.0,29.0,0.0,1.52
1234,徐汇日月光中心,26.0,10.0,2.0,5.0,24.0,1.0,5.78
1235,东苑丽宝广场,25.0,9.0,10.0,6.0,30.0,0.0,4.34
1236,普陀科技大厦,34.0,7.0,5.0,4.0,28.0,1.0,3.85
1237,上海港国际客运中心,8.0,2.0,4.0,0.0,0.0,1.0,1.82
1238,凯龙金领大厦,0.0,1.0,1.0,2.0,6.0,0.0,3.04
1239,欧爱喜商务广场,10.0,21.0,1.0,8.0,33.0,0.0,2.53
1240,金融广场,179.0,17.0,25.0,13.0,86.0,1.0,6.33
1241,亚盛大厦,25.0,14.0,15.0,14.0,35.0,1.0,7.71
1242,爵士大厦,37.0,2.0,1.0,5.0,22.0,2.0,2.67
1243,石油天然气大厦,86.0,0.0,10.0,12.0,37.0,0.0,4.0
1244,紫金瀚宫,44.0,6.0,0.0,4.0,28.0,0.0,3.33
1245,市北新中新,0.0,0.0,0.0,3.0,3.0,0.0,3.55
1246,丽婴房总部营运大厦,12.0,0.0,0.0,2.0,0.0,1.0,3.85
1247,尚街会馆,34.0,3.0,4.0,0.0,25.0,0.0,3.85
1248,汤臣中心,48.0,0.0,2.0,2.0,11.0,0.0,3.33
1249,虹桥上海城,29.0,4.0,12.0,8.0,28.0,1.0,6.08
1250,礼和洋行大楼,13.0,3.0,13.0,20.0,30.0,1.0,7.61
1251,银月金融湾,8.0,0.0,1.0,5.0,4.0,1.0,7.1
1252,快易名商,60.0,25.0,6.0,9.0,30.0,0.0,4.64
1253,泓毅大厦,1.0,1.0,0.0,1.0,2.0,2.0,4.36
1254,齐成晟园,4.0,0.0,1.0,0.0,10.0,0.0,2.54
1255,元谷文创园,7.0,0.0,0.0,1.0,11.0,0.0,1.62
1256,锦辉大厦,17.0,8.0,2.0,3.0,20.0,0.0,3.45
1257,华商时代广场,19.0,1.0,15.0,3.0,15.0,0.0,2.89
1258,锦科文化产业园,1.0,0.0,0.0,0.0,0.0,0.0,2.37
1259,张江微电子港,5.0,0.0,1.0,2.0,2.0,1.0,4.06
1260,288文化创意园,56.0,12.0,6.0,29.0,35.0,2.0,5.07
1261,虹桥总部1号,20.0,3.0,1.0,1.0,7.0,0.0,3.55
1262,九润商务大厦（银都路）,1.0,0.0,0.0,0.0,1.0,0.0,1.72
1263,上海国际工业设计中心,5.0,0.0,2.0,2.0,0.0,0.0,2.54
1264,创智天地广场三期,17.0,1.0,6.0,7.0,17.0,1.0,5.07
1265,三维大厦,10.0,6.0,3.0,3.0,18.0,1.0,2.11
1266,未来资产大厦,4.0,2.0,6.0,10.0,11.0,1.0,8.92
1267,知识产业园,3.0,3.0,2.0,7.0,15.0,1.0,2.74
1268,上海华升大厦,3.0,3.0,2.0,7.0,15.0,1.0,4.0
1269,信建大厦,15.0,3.0,0.0,4.0,5.0,2.0,4.06
1270,竞衡大业广场,23.0,2.0,3.0,1.0,12.0,0.0,2.84
1271,e通世界,1.0,0.0,0.0,0.0,3.0,0.0,1.72
1272,众和金融大厦,21.0,1.0,0.0,8.0,46.0,0.0,3.04
1273,新宝科创园,21.0,3.0,3.0,1.0,17.0,0.0,2.41
1274,嘉宁国际大厦,51.0,34.0,1.0,6.0,16.0,0.0,7.1
1275,中山万博广场,6.0,4.0,5.0,8.0,15.0,1.0,7.1
1276,申航大厦,28.0,6.0,3.0,2.0,37.0,1.0,2.48
1277,瑞金花园商务楼,0.0,6.0,2.0,13.0,30.0,2.0,3.04
1278,宝华城市晶典大厦,39.0,3.0,4.0,5.0,42.0,2.0,4.73
1279,复城国际,30.0,18.0,0.0,5.0,20.0,0.0,2.43
1280,静安设计中心,49.0,19.0,3.0,6.0,24.0,0.0,7.6
1281,文新报业大厦,124.0,5.0,10.0,0.0,39.0,3.0,5.37
1282,中华1912创意产业园,12.0,7.0,4.0,4.0,20.0,1.0,4.11
1283,东鼎商务大厦,6.0,2.0,0.0,2.0,6.0,0.0,3.04
1284,古北国际财富中心二期,19.0,5.0,0.0,7.0,7.0,1.0,7.61
1285,金虹桥商务楼,20.0,6.0,8.0,9.0,20.0,1.0,5.0
1286,南翔智地,9.0,1.0,1.0,1.0,11.0,0.0,1.83
1287,国阳大厦,22.0,3.0,5.0,7.0,17.0,1.0,3.14
1288,上服创意园,23.0,5.0,3.0,11.0,29.0,1.0,4.36
1289,中环现代大厦,13.0,5.0,5.0,5.0,43.0,2.0,5.02
1290,华东理工科技园G7软件基地,7.0,2.0,0.0,6.0,8.0,1.0,3.55
1291,御河企业公馆,0.0,0.0,1.0,0.0,2.0,0.0,3.2
1292,良丰大厦,46.0,2.0,0.0,4.0,10.0,2.0,2.85
1293,大宁财智中心,1.0,0.0,2.0,1.0,4.0,0.0,3.35
1294,21世纪中心大厦,40.0,6.0,3.0,5.0,23.0,0.0,7.61
1295,春申江大厦,147.0,5.0,27.0,7.0,76.0,1.0,5.3
1296,中成智谷,4.0,1.0,1.0,2.0,8.0,1.0,2.74
1297,圣御大厦,3.0,1.0,0.0,3.0,2.0,0.0,3.04
1298,中信泰富广场,92.0,4.0,21.0,15.0,38.0,2.0,9.13
1299,联峰汇,38.0,3.0,6.0,10.0,27.0,3.0,5.07
1300,淮海商业大厦,9.0,6.0,10.0,14.0,55.0,1.0,4.26
1301,新桥大厦,58.0,6.0,5.0,9.0,45.0,4.0,3.04
1302,凤凰大厦,17.0,0.0,0.0,5.0,12.0,1.0,3.55
1303,禹洲广场,21.0,0.0,1.0,1.0,7.0,0.0,3.04
1304,百乐门商务楼,50.0,10.0,2.0,5.0,41.0,1.0,4.06
1305,智慧广场,8.0,3.0,2.0,5.0,33.0,1.0,5.01
1306,上海巴士大厦,69.0,11.0,3.0,16.0,32.0,2.0,10.61
1307,张江大厦,5.0,0.0,3.0,1.0,4.0,1.0,4.06
1308,宛轻商务楼,60.0,19.0,1.0,9.0,19.0,0.0,7.3
1309,万达财富中心,3.0,1.0,4.0,3.0,11.0,1.0,1.62
1310,兆丰世贸大厦,32.0,10.0,0.0,5.0,21.0,2.0,5.93
1311,汇银铭尊,7.0,1.0,2.0,5.0,4.0,0.0,3.66
1312,科技大厦,17.0,3.0,2.0,2.0,15.0,1.0,2.64
1313,中电绿色科技园,10.0,1.0,0.0,0.0,4.0,0.0,3.2
1314,恒越大厦,1.0,0.0,0.0,0.0,0.0,0.0,3.55
1315,飞马旅5iCENTER创意园,39.0,2.0,3.0,3.0,25.0,0.0,3.04
1316,双鸽大厦,19.0,0.0,0.0,0.0,16.0,2.0,5.88
1317,梵克雅堡,2.0,0.0,0.0,1.0,1.0,0.0,4.06
1318,上海华侨大厦,69.0,35.0,7.0,3.0,23.0,1.0,5.68
1319,金茂商务楼,2.0,0.0,0.0,0.0,4.0,0.0,1.73
1320,同和国际大厦,8.0,3.0,1.0,0.0,8.0,2.0,5.02
1321,陆家嘴世纪金融广场（一期）,183.0,20.0,26.0,12.0,91.0,0.0,8.11
1322,三联大厦,1.0,0.0,0.0,1.0,3.0,1.0,1.6
1323,浦江高科技园,0.0,0.0,0.0,3.0,0.0,0.0,1.38
1324,中一国际商务大厦,7.0,2.0,1.0,4.0,22.0,1.0,4.87
1325,通茂大厦,1.0,0.0,0.0,0.0,0.0,0.0,5.02
1326,峻岭广场,64.0,11.0,13.0,18.0,0.0,2.0,3.33
1327,上海银行大厦,0.0,0.0,0.0,0.0,0.0,0.0,10.65
1328,伸大厦,27.0,1.0,1.0,7.0,21.0,1.0,4.87
1329,新梅联合广场,34.0,6.0,12.0,4.0,22.0,2.0,9.13
1330,宏南投资大厦,13.0,0.0,5.0,2.0,10.0,1.0,3.55
1331,磊鑫大厦,17.0,1.0,2.0,0.0,12.0,0.0,2.23
1332,汇银大厦,67.0,15.0,17.0,11.0,34.0,3.0,6.29
1333,绿地科创大厦,37.0,3.0,4.0,6.0,32.0,5.0,3.55
1334,前滩尚博创意产业园,16.0,3.0,1.0,1.0,12.0,0.0,2.84
1335,云仓创意园,39.0,2.0,3.0,3.0,25.0,0.0,3.75
1336,虹桥银城大厦,19.0,2.0,0.0,8.0,0.0,1.0,3.55
1337,禾森商务中心,31.0,13.0,1.0,7.0,27.0,1.0,3.24
1338,丽琴大厦,1.0,5.0,0.0,1.0,2.0,0.0,1.72
1339,周家桥创意中心,2.0,8.0,0.0,10.0,8.0,0.0,3.85
1340,东方大厦,28.0,1.0,0.0,7.0,19.0,1.0,4.06
1341,iDream张江公馆,2.0,0.0,0.0,3.0,2.0,0.0,3.04
1342,东方金融园,4.0,0.0,1.0,3.0,4.0,1.0,3.85
1343,建国路八号桥创意园,80.0,9.0,0.0,6.0,25.0,2.0,6.08
1344,中展大厦,1.0,0.0,0.0,0.0,3.0,0.0,3.04
1345,明通文化创意产业园,14.0,1.0,1.0,1.0,7.0,0.0,2.74
1346,思创大厦,25.0,3.0,5.0,11.0,27.0,0.0,2.64
1347,长宁新世纪广场,16.0,0.0,5.0,8.0,18.0,0.0,2.58
1348,共和国际商务广场,6.0,1.0,2.0,4.0,15.0,1.0,2.67
1349,森本大厦,25.0,0.0,4.0,5.0,20.0,1.0,4.06
1350,外滩588,25.0,3.0,4.0,14.0,47.0,1.0,7.1
1351,华虹国际大厦,74.0,6.0,13.0,6.0,79.0,2.0,4.97
1352,上海浦东信息大厦,1.0,0.0,0.0,0.0,0.0,0.0,5.86
1353,高华大楼,6.0,0.0,1.0,0.0,5.0,0.0,1.62
1354,中冶祥腾菁英尚都,11.0,2.0,0.0,8.0,6.0,0.0,2.74
1355,渣打银行大厦,15.0,6.0,3.0,0.0,22.0,0.0,6.67
1356,大宁德必易园,7.0,0.0,1.0,2.0,14.0,0.0,3.95
1357,集创公园,1.0,0.0,0.0,0.0,0.0,1.0,3.85
1358,金虹桥国际中心,27.0,5.0,11.0,13.0,25.0,1.0,7.61
1359,高宝新时代广场,7.0,12.0,11.0,7.0,39.0,1.0,5.3
1360,浦发大厦,45.0,5.0,1.0,5.0,29.0,0.0,8.11
1361,江南厂创意园,17.0,2.0,3.0,5.0,25.0,0.0,5.58
1362,金桥瑞邑,2.0,0.0,0.0,2.0,1.0,0.0,3.04
1363,湘江大厦,20.0,10.0,2.0,3.0,24.0,1.0,2.43
1364,东亚银行金融大厦,13.0,2.0,4.0,9.0,14.0,1.0,9.33
1365,瑞铂中心,16.0,2.0,2.0,0.0,11.0,0.0,4.06
1366,四行仓库创意园,61.0,6.0,8.0,9.0,45.0,3.0,4.56
1367,东朔商务中心,15.0,7.0,9.0,6.0,31.0,0.0,5.07
1368,星联研发楼,29.0,5.0,3.0,9.0,26.0,1.0,4.36
1369,研祥科技大楼,0.0,9.0,3.0,9.0,26.0,1.0,4.8
1370,张江集电港移动互联网孵化器二期,2.0,0.0,0.0,0.0,3.0,0.0,4.26
1371,全球青年创业中心,0.0,0.0,0.0,0.0,1.0,0.0,1.83
1372,双高世贸广场,1.0,2.0,0.0,3.0,6.0,0.0,2.53
1373,创业中心大厦,3.0,2.0,0.0,1.0,9.0,1.0,2.64
1374,嘉汇创机商务中心,77.0,4.0,4.0,8.0,25.0,1.0,2.5
1375,华生大厦,44.0,7.0,4.0,0.0,21.0,1.0,3.04
1376,德必易园写字楼,8.0,0.0,1.0,5.0,9.0,1.0,3.76
1377,骏丰国际财富广场,16.0,4.0,5.0,9.0,24.0,1.0,3.95
1378,左岸88,4.0,2.0,0.0,2.0,34.0,1.0,3.65
1379,合生财富大厦,25.0,3.0,4.0,14.0,48.0,1.0,4.83
1380,齐来工业城,1.0,2.0,0.0,5.0,6.0,0.0,3.0
1381,炫润国际大厦,21.0,2.0,3.0,0.0,12.0,0.0,3.04
1382,金陵海欣大厦,128.0,2.0,25.0,10.0,63.0,1.0,7.03
1383,科技产业化大楼,2.0,2.0,0.0,1.0,11.0,1.0,3.55
1384,虹漕大楼,2.0,3.0,0.0,3.0,12.0,0.0,2.64
1385,中环信协天地,11.0,2.0,0.0,2.0,10.0,0.0,4.75
1386,闻通商务中心,39.0,2.0,1.0,3.0,26.0,0.0,4.06
1387,震旦国际大楼,7.0,0.0,5.0,10.0,11.0,1.0,10.14
1388,上影国际大厦,52.0,5.0,0.0,8.0,21.0,1.0,6.02
1389,长房国际广场,31.0,6.0,15.0,10.0,29.0,1.0,6.08
1390,禹州金桥国际,21.0,0.0,1.0,1.0,7.0,0.0,1.62
1391,电信实业大楼,5.0,3.0,5.0,4.0,21.0,1.0,3.24
1392,智造局二期,45.0,1.0,0.0,7.0,38.0,0.0,6.29
1393,东方尚博创意园,8.0,3.0,0.0,1.0,20.0,1.0,3.75
1394,芳华德必运动LOFT,1.0,0.0,0.0,20.0,12.0,0.0,4.11
1395,保利西岸中心,12.0,1.0,0.0,4.0,8.0,0.0,6.69
1396,东上海中心,24.0,3.0,8.0,6.0,18.0,1.0,4.06
1397,新曹杨科技大厦,3.0,0.0,0.0,7.0,16.0,2.0,3.24
1398,上海国际包装印刷城,9.0,0.0,2.0,1.0,11.0,2.0,1.08
1399,江桥万达广场,21.0,2.0,3.0,4.0,9.0,1.0,1.43
1400,上海映巷创意工场,5.0,3.0,2.0,4.0,21.0,1.0,3.55
1401,海益商务大厦,29.0,3.0,1.0,8.0,13.0,1.0,3.85
1402,中金国际广场,63.0,4.0,9.0,6.0,26.0,2.0,6.0
1403,上海外经大厦,13.0,1.0,0.0,3.0,10.0,1.0,4.06
1404,飞洲时代大厦,23.0,1.0,1.0,6.0,23.0,0.0,4.06
1405,创富大厦,6.0,4.0,6.0,9.0,0.0,0.0,3.04
1406,建发国际大厦,3.0,3.0,2.0,7.0,15.0,1.0,5.98
1407,欧银集心大楼,5.0,0.0,1.0,1.0,7.0,0.0,2.84
1408,上海地产大厦,48.0,4.0,16.0,10.0,30.0,3.0,7.1
1409,东方国际大厦,23.0,0.0,7.0,10.0,14.0,0.0,5.78
1410,1933创意空间,10.0,3.0,4.0,7.0,48.0,1.0,3.6
1411,华南大厦,8.0,2.0,1.0,2.0,6.0,1.0,3.55
1412,富邦晶品,54.0,17.0,15.0,3.0,42.0,1.0,8.11
1413,亿达产业园,2.0,0.0,4.0,2.0,13.0,0.0,3.55
1414,中海国际中心,60.0,3.0,13.0,12.0,30.0,1.0,8.11
1415,北科大厦,4.0,4.0,3.0,3.0,21.0,2.0,3.06
1416,浙铁绿城长风中心,6.0,3.0,1.0,7.0,3.0,0.0,4.26
1417,创邑・源,51.0,13.0,2.0,8.0,36.0,1.0,4.56
1418,智慧湾科创园,3.0,0.0,1.0,1.0,9.0,1.0,2.54
1419,众城商厦,4.0,11.0,8.0,1.0,22.0,2.0,3.04
1420,捷运大厦,28.0,4.0,5.0,9.0,29.0,0.0,2.78
1421,东华大学创意园,19.0,2.0,1.0,6.0,21.0,1.0,4.06
1422,悟锦世纪大楼,103.0,24.0,7.0,8.0,34.0,1.0,8.09
1423,七宝易园,23.0,1.0,4.0,2.0,28.0,1.0,3.04
1424,远洋财富广场,25.0,3.0,7.0,7.0,17.0,0.0,1.71
1425,海尚杰座,8.0,4.0,1.0,8.0,20.0,1.0,3.33
1426,利星国际广场,0.0,12.0,4.0,7.0,45.0,0.0,7.87
1427,歌斐中心,19.0,4.0,2.0,8.0,15.0,1.0,7.3
1428,浦东张江软件园,1.0,0.0,0.0,1.0,3.0,0.0,3.35
1429,万宝国际商务中心,29.0,13.0,2.0,11.0,23.0,1.0,5.88
1430,海虹永安商厦,28.0,6.0,12.0,8.0,40.0,2.0,2.86
1431,巨富大厦,17.0,15.0,11.0,10.0,30.0,1.0,3.85
1432,上海财经大学国家大学科技园,29.0,1.0,0.0,6.0,17.0,0.0,2.23
1433,新研大楼,7.0,9.0,3.0,9.0,26.0,1.0,4.36
1434,孵源节能环保科技企业孵化基地,2.0,0.0,0.0,1.0,4.0,0.0,1.62
1435,嘉里不夜城企业中心企业公馆,15.0,2.0,6.0,5.0,32.0,2.0,4.06
1436,红坊,5.0,52.0,2.0,11.0,20.0,2.0,4.26
1437,加减乘除创意园,7.0,0.0,0.0,1.0,6.0,0.0,3.04
1438,荣欣大厦,33.0,12.0,10.0,7.0,39.0,1.0,3.35
1439,中环广场,47.0,12.0,16.0,26.0,23.0,2.0,8.31
1440,利仕达,102.0,4.0,19.0,12.0,40.0,2.0,4.06
1441,波司登大厦,17.0,0.0,2.0,0.0,24.0,0.0,3.04
1442,SOHO丽园,9.0,16.0,4.0,16.0,41.0,3.0,4.66
1443,华瑞大厦,4.0,2.0,0.0,2.0,10.0,0.0,1.96
1444,世纪巴士大厦,14.0,10.0,14.0,27.0,30.0,2.0,8.11
1445,华盛科技园,1.0,1.0,0.0,2.0,0.0,0.0,4.07
1446,桂果园,4.0,1.0,0.0,3.0,8.0,0.0,3.04
1447,银海大楼,22.0,11.0,2.0,4.0,17.0,1.0,2.0
1448,六合大厦,126.0,5.0,19.0,10.0,55.0,1.0,3.04
1449,旺角广场,32.0,12.0,13.0,17.0,76.0,3.0,3.85
1450,证大五道口广场,6.0,1.0,2.0,16.0,3.0,2.0,7.1
1451,焊点1088办公公社,3.0,0.0,1.0,0.0,12.0,1.0,3.24
1452,燎申虹桥国际中心,12.0,3.0,8.0,1.0,18.0,1.0,3.24
1453,碧海现代苑,6.0,0.0,1.0,0.0,9.0,1.0,1.93
1454,古美创智中心,20.0,5.0,0.0,5.0,17.0,0.0,1.01
1455,杨浦科技大厦,27.0,2.0,5.0,5.0,23.0,0.0,3.05
1456,MINI公馆,7.0,2.0,0.0,5.0,13.0,0.0,2.53
1457,仙乐斯广场,70.0,9.0,13.0,18.0,42.0,1.0,7.61
1458,新凤城商务楼,27.0,14.0,2.0,6.0,21.0,1.0,3.43
1459,中建大厦,23.0,0.0,0.0,3.0,17.0,2.0,8.92
1460,8号桥三期,31.0,19.0,3.0,7.0,31.0,1.0,5.58
1461,康健商务广场,10.0,0.0,1.0,1.0,0.0,1.0,2.94
1462,荣兆商务楼,39.0,5.0,6.0,3.0,27.0,2.0,5.07
1463,光华大厦,21.0,4.0,1.0,8.0,12.0,1.0,3.04
1464,鑫兴大楼,48.0,14.0,15.0,27.0,21.0,2.0,2.5
1465,同和凤凰园,3.0,3.0,2.0,7.0,15.0,1.0,3.04
1466,锦江向阳大楼,100.0,6.0,21.0,18.0,40.0,3.0,4.33
1467,灿虹聚富大厦,17.0,3.0,3.0,1.0,13.0,0.0,2.84
1468,港汇广场,43.0,3.0,10.0,10.0,30.0,3.0,7.4
1469,华申大厦,46.0,6.0,12.0,4.0,22.0,2.0,4.06
1470,正大喜马拉雅中心,15.0,0.0,4.0,14.0,10.0,1.0,6.74
1471,美丽华商务中心,19.0,3.0,4.0,7.0,0.0,1.0,3.65
1472,富群商务大厦A栋,134.0,3.0,3.0,1.0,8.0,0.0,2.94
1473,绿洲广场,26.0,1.0,6.0,7.0,27.0,4.0,2.54
1474,中国民生银行大厦,43.0,8.0,13.0,26.0,27.0,0.0,5.07
1475,长宁来福士广场,63.0,10.0,3.0,8.0,35.0,1.0,7.5
1476,铭德国际广场,11.0,5.0,3.0,3.0,33.0,1.0,3.0
1477,中鑫企业广场,5.0,0.0,0.0,0.0,6.0,0.0,2.84
1478,慧谷白猫科技园,26.0,5.0,2.0,8.0,29.0,0.0,3.04
1479,环球金融中心,21.0,4.0,5.0,7.0,19.0,1.0,10.14
1480,古北国际财富中心,19.0,6.0,0.0,7.0,7.0,1.0,6.9
1481,金桥谷创意园,10.0,1.0,1.0,4.0,9.0,0.0,2.4
1482,宝钢大厦,22.0,0.0,1.0,3.0,25.0,2.0,6.08
1483,中国港中旅大厦,42.0,3.0,0.0,5.0,29.0,1.0,3.04
1484,申窑艺术中心,2.0,0.0,4.0,2.0,13.0,0.0,2.64
1485,上海证券大厦,45.0,5.0,2.0,5.0,33.0,1.0,8.11
1486,华苑大厦,0.0,1.0,4.0,6.0,12.0,1.0,2.75
1487,景裕创意园,39.0,2.0,3.0,3.0,25.0,0.0,3.34
1488,东银中心,22.0,5.0,2.0,7.0,8.0,1.0,8.11
1489,永融企业中心,30.0,5.0,9.0,6.0,38.0,1.0,3.64
1490,荣博商务楼,20.0,2.0,7.0,9.0,18.0,0.0,4.06
1491,外高桥商务大厦,12.0,0.0,0.0,0.0,7.0,1.0,1.52
1492,上海西郊商务区-C2国际区,0.0,0.0,0.0,2.0,4.0,1.0,2.15
1493,闿鑫商务园,25.0,9.0,3.0,6.0,26.0,1.0,1.52
1494,紫安大厦,59.0,20.0,9.0,5.0,29.0,1.0,4.56
1495,一统商务大厦,17.0,5.0,10.0,1.0,27.0,1.0,3.55
1496,333世纪大厦,13.0,0.0,5.0,13.0,7.0,3.0,7.1
1497,远中产业园,9.0,4.0,0.0,1.0,13.0,1.0,3.55
1498,银洲国际商务大厦,7.0,4.0,2.0,12.0,13.0,0.0,2.74
1499,达邦协作广场,29.0,3.0,6.0,5.0,36.0,2.0,6.59
1500,虹桥德必易园,16.0,5.0,4.0,1.0,8.0,0.0,3.24
1501,世博办公楼,5.0,9.0,4.0,6.0,26.0,1.0,5.88
1502,恒积大厦,60.0,3.0,13.0,20.0,30.0,1.0,4.06
1503,金桃大厦,15.0,1.0,0.0,5.0,6.0,0.0,3.04
1504,上勤大厦,16.0,7.0,4.0,3.0,21.0,1.0,3.04
1505,怡亚通广场,0.0,1.0,0.0,1.0,2.0,0.0,2.53
1506,新上海城市广场,89.0,10.0,19.0,12.0,63.0,2.0,3.33
1507,中海万锦城,94.0,0.0,4.0,3.0,54.0,1.0,2.38
1508,桂林高智科技大厦,10.0,7.0,1.0,7.0,17.0,0.0,4.97
1509,上海铁路大厦,40.0,2.0,1.0,5.0,37.0,1.0,3.04
1510,同济联合广场,12.0,1.0,2.0,12.0,13.0,1.0,3.65
1511,青松城,50.0,4.0,16.0,12.0,28.0,1.0,4.97
1512,置汇旭辉广场,1.0,0.0,0.0,0.0,0.0,0.0,6.08
1513,枫林创意园,0.0,4.0,16.0,12.0,27.0,1.0,4.36
1514,东方维京大厦,19.0,3.0,3.0,9.0,17.0,0.0,6.08
1515,天华信息科技服务园,1.0,5.0,1.0,4.0,39.0,3.0,3.9
1516,源创创意园,21.0,29.0,1.0,10.0,33.0,0.0,6.08
1517,晶耀前滩,0.0,0.0,0.0,1.0,0.0,3.0,6.59
1518,幸福里,11.0,11.0,1.0,12.0,21.0,2.0,6.08
1519,泛欧现代大厦,13.0,0.0,1.0,2.0,14.0,1.0,1.98
1520,金虹桥商场,27.0,5.0,14.0,13.0,25.0,1.0,8.11
1521,苏河1号,47.0,2.0,2.0,3.0,31.0,0.0,3.85
1522,快易名商徐汇中心,11.0,18.0,6.0,17.0,61.0,2.0,5.03
1523,之俊大厦副楼,13.0,5.0,2.0,4.0,19.0,1.0,3.04
1524,中山万博国际中心,0.0,49.0,2.0,8.0,19.0,2.0,6.59
1525,裕丰国际大厦,12.0,16.0,0.0,9.0,22.0,0.0,3.04
1526,中铁诺德国际中心,4.0,0.0,0.0,1.0,11.0,0.0,3.04
1527,东海商业中心一期,147.0,11.0,0.0,18.0,71.0,1.0,5.07
1528,腾飞浦汇大厦,137.0,14.0,24.0,7.0,90.0,1.0,7.96
1529,上海中心,21.0,2.0,7.0,7.0,11.0,0.0,13.35
1530,新华保险大厦,26.0,1.0,2.0,11.0,19.0,1.0,5.58
1531,中融恒瑞国际大厦,36.0,8.0,14.0,6.0,31.0,1.0,5.98
1532,新陆国际商务大厦,2.0,5.0,2.0,2.0,24.0,1.0,3.04
1533,万科活力城,4.0,1.0,3.0,0.0,4.0,2.0,3.85
1534,德必易园,8.0,0.0,1.0,5.0,9.0,1.0,3.14
1535,长江众创,1.0,0.0,0.0,0.0,0.0,0.0,4.66
1536,50智慧园,4.0,10.0,5.0,6.0,27.0,1.0,2.64
1537,SVA越界,8.0,4.0,1.0,5.0,3.0,0.0,3.55
1538,太平洋企业中心,0.0,14.0,1.0,0.0,0.0,0.0,4.36
1539,桂中园,6.0,1.0,0.0,3.0,11.0,1.0,2.84
1540,华虹创新,1.0,0.0,0.0,2.0,1.0,0.0,3.55
1541,久合科技园,16.0,7.0,4.0,3.0,21.0,1.0,3.04
1542,M50桃浦创意园,6.0,0.0,0.0,1.0,6.0,0.0,2.7
1543,愚园1890,25.0,3.0,5.0,4.0,21.0,1.0,5.58
1544,由由世纪广场,7.0,0.0,1.0,7.0,10.0,0.0,6.39
1545,光大安石中心,31.0,9.0,1.0,5.0,41.0,2.0,5.75
1546,国际商务花园,2.0,1.0,0.0,0.0,7.0,0.0,3.24
1547,上海国际航运服务中心,34.0,0.0,2.0,4.0,19.0,1.0,6.19
1548,香樟园,19.0,5.0,0.0,5.0,14.0,1.0,3.04
1549,新天国际大厦,26.0,0.0,0.0,0.0,22.0,2.0,4.87
1550,天汇广场,7.0,1.0,2.0,8.0,12.0,0.0,3.25
1551,欧本商业中心,1.0,0.0,0.0,0.0,0.0,0.0,4.06
1552,天洁大厦,2.0,1.0,1.0,6.0,0.0,0.0,4.57
1553,前滩世贸中心,1.0,0.0,0.0,0.0,0.0,0.0,7.1
1554,城汇大厦,18.0,14.0,15.0,25.0,29.0,3.0,7.61
1555,企业总部园区,29.0,9.0,3.0,4.0,26.0,1.0,3.95
1556,漕河泾康桥商务绿洲,1.0,0.0,0.0,0.0,0.0,0.0,2.53
1557,大宁中心广场,3.0,3.0,2.0,4.0,6.0,0.0,4.37
1558,国科大厦,5.0,5.0,3.0,6.0,30.0,1.0,2.33
1559,环球世界大厦,57.0,10.0,11.0,6.0,38.0,1.0,4.55
1560,中展物业,6.0,2.0,0.0,2.0,6.0,0.0,1.23
1561,银座企业中心,51.0,8.0,5.0,3.0,32.0,2.0,4.01
1562,凯龙莘庄商务园,0.0,0.0,0.0,1.0,2.0,0.0,2.64
1563,上海机电城,7.0,0.0,1.0,1.0,5.0,2.0,2.23
1564,汤臣金融大厦,41.0,7.0,2.0,3.0,21.0,1.0,6.08
1565,方正大厦,21.0,0.0,1.0,1.0,7.0,0.0,2.72
1566,园满星空间,16.0,7.0,4.0,3.0,21.0,1.0,3.55
1567,全方位科技园,20.0,8.0,10.0,6.0,28.0,0.0,1.62
1568,现代服务业总部园区,29.0,9.0,3.0,9.0,26.0,1.0,4.06
1569,现代广场,6.0,3.0,4.0,7.0,17.0,0.0,3.75
1570,药谷大厦,1.0,0.0,0.0,0.0,0.0,0.0,3.04
1571,宏汇国际大厦,52.0,5.0,0.0,8.0,20.0,1.0,5.07
1572,嘉亭大厦,16.0,0.0,3.0,0.0,14.0,2.0,3.95
1573,兆城大厦,7.0,4.0,4.0,2.0,20.0,1.0,3.24
1574,金领之都,2.0,0.0,0.0,1.0,1.0,0.0,3.24
1575,久事复兴大厦,89.0,8.0,12.0,21.0,29.0,2.0,6.08
1576,上海虹桥时代电子广场,5.0,9.0,12.0,12.0,32.0,1.0,5.07
1577,宝石园大厦,8.0,0.0,0.0,4.0,12.0,1.0,3.65
1578,国家会展中心,6.0,4.0,5.0,8.0,15.0,1.0,3.95
1579,静安高和大厦,62.0,20.0,11.0,6.0,30.0,1.0,6.59
1580,东方环球企业中心,3.0,0.0,1.0,1.0,6.0,1.0,3.14
1581,新长征中环大厦,12.0,2.0,7.0,3.0,14.0,0.0,3.24
1582,虹桥国际科技广场,5.0,1.0,1.0,2.0,7.0,0.0,3.85
1583,E构空间创意园区,47.0,2.0,2.0,0.0,21.0,1.0,3.04
1584,骏腾商务中心,43.0,14.0,3.0,1.0,23.0,0.0,2.69
1585,尚诚国际大厦,33.0,2.0,7.0,6.0,40.0,3.0,2.84
1586,世纪大都会,7.0,7.0,2.0,3.0,16.0,1.0,7.91
1587,甘泉德必易园,0.0,0.0,0.0,0.0,0.0,0.0,2.84
1588,舜元企业发展大厦B栋,30.0,10.0,0.0,5.0,22.0,2.0,5.27
1589,天地科技广场,7.0,1.0,3.0,3.0,14.0,1.0,3.55
1590,恒通大厦,11.0,2.0,6.0,7.0,19.0,1.0,7.3
1591,兆丰广场,65.0,7.0,6.0,6.0,25.0,1.0,5.27
1592,洛克外滩源,70.0,5.0,9.0,9.0,52.0,0.0,3.75
1593,虹桥绿谷,16.0,2.0,2.0,2.0,11.0,0.0,4.56
1594,巨洋大厦,0.0,0.0,0.0,20.0,12.0,0.0,4.26
1595,宝华中心,7.0,0.0,2.0,3.0,6.0,0.0,5.07
1596,海洋大厦,160.0,11.0,14.0,16.0,72.0,1.0,7.1
1597,中成智谷,6.0,1.0,1.0,2.0,8.0,1.0,1.83
1598,751国际创意工场,0.0,14.0,15.0,7.0,21.0,2.0,3.55
1599,森林湾大厦,57.0,12.0,13.0,11.0,70.0,1.0,4.06
1600,德必梅园WE,42.0,3.0,12.0,1.0,18.0,1.0,5.07
1601,平高世贸中心,12.0,4.0,7.0,3.0,22.0,0.0,2.84
1602,明凯大厦,20.0,5.0,4.0,1.0,0.0,0.0,3.38
1603,尚诚国际,33.0,2.0,7.0,6.0,40.0,3.0,7.27
1604,中国梦谷（青浦）,1.0,0.0,0.0,0.0,2.0,0.0,1.52
1605,1788国际中心,13.0,20.0,10.0,6.0,30.0,1.0,8.12
1606,绿地威科国际商业广场,13.0,12.0,3.0,3.0,17.0,1.0,2.33
1607,南开大厦,10.0,18.0,7.0,9.0,66.0,1.0,3.04
1608,中国石化物资大厦,5.0,2.0,2.0,0.0,9.0,0.0,1.62
1609,呈远大厦,5.0,9.0,0.0,12.0,32.0,1.0,4.87
1610,张润大厦,1.0,0.0,0.0,0.0,0.0,0.0,4.56
1611,福维克大厦,5.0,1.0,0.0,2.0,3.0,2.0,4.06
1612,中天新世纪,27.0,3.0,5.0,4.0,45.0,1.0,3.55
1613,中国钻石交易中心,1.0,0.0,0.0,0.0,0.0,0.0,8.11
1614,智造局,45.0,27.0,5.0,7.0,37.0,1.0,4.56
1615,卓越时代广场,10.0,1.0,2.0,5.0,11.0,1.0,3.28
1616,一加投资创意园,4.0,1.0,1.0,6.0,12.0,1.0,3.85
1617,申菱大厦,22.0,5.0,12.0,10.0,27.0,1.0,3.55
1618,世界贸易大厦,43.0,11.0,22.0,14.0,73.0,0.0,5.88
1619,新上海国际大厦,22.0,4.0,3.0,2.0,23.0,0.0,8.31
1620,紫光大厦,53.0,3.0,2.0,4.0,13.0,2.0,2.33
1621,企业广场,46.0,3.0,7.0,5.0,32.0,1.0,5.07
1622,丽都新贵,44.0,5.0,10.0,12.0,24.0,1.0,4.06
1623,凯旋商务中心,22.0,8.0,1.0,8.0,18.0,2.0,3.04
1624,新华大厦,34.0,16.0,2.0,11.0,26.0,1.0,3.18
1625,华拓大厦,9.0,1.0,2.0,3.0,14.0,0.0,2.43
1626,福建天安大厦,0.0,0.0,0.0,0.0,0.0,0.0,3.24
1627,武夷商务中心,17.0,4.0,11.0,10.0,34.0,0.0,3.55
1628,上海环茂广场,5.0,50.0,1.0,9.0,21.0,0.0,8.11
1629,盛邦国际大厦,15.0,12.0,16.0,9.0,32.0,1.0,6.27
1630,延平425（continuity）,51.0,9.0,1.0,7.0,44.0,1.0,6.08
1631,张江九洲中心,3.0,0.0,0.0,2.0,5.0,3.0,3.55
1632,名仕街创意园,24.0,3.0,0.0,4.0,24.0,0.0,2.84
1633,奇亚特能源中心,2.0,0.0,0.0,1.0,4.0,0.0,1.52
1634,莲花国际商务广场,3.0,2.0,5.0,4.0,12.0,1.0,4.17
1635,莲花大厦,11.0,0.0,0.0,5.0,9.0,1.0,3.55
1636,漕河泾开发区智汇园南区,6.0,1.0,0.0,1.0,7.0,0.0,3.55
1637,上海南站德必易园,9.0,2.0,1.0,6.0,11.0,1.0,3.45
1638,虹欣大厦,6.0,0.0,0.0,0.0,3.0,0.0,2.84
1639,丽晶阳光大厦,35.0,2.0,4.0,5.0,22.0,3.0,3.24
1640,中融国际商城,47.0,0.0,12.0,5.0,26.0,1.0,6.08
1641,旭辉虹桥国际,2.0,1.0,3.0,1.0,9.0,0.0,4.06
1642,宝虹中心,8.0,0.0,0.0,2.0,2.0,2.0,3.04
1643,杨浦商城,25.0,14.0,5.0,7.0,35.0,1.0,3.04
1644,国金中心,13.0,2.0,6.0,0.0,13.0,1.0,12.17
1645,华虹科技园,4.0,0.0,0.0,0.0,5.0,0.0,4.06
1646,虹桥国际商务广场,3.0,1.0,3.0,1.0,5.0,2.0,5.27
1647,金光外滩中心,29.0,13.0,25.0,12.0,69.0,2.0,8.11
1648,上豪大厦,23.0,1.0,0.0,5.0,16.0,0.0,2.89
1649,上海智力产业园,12.0,1.0,3.0,3.0,25.0,0.0,3.24
1650,新华联大厦,90.0,5.0,13.0,14.0,32.0,1.0,4.64
1651,张江亚兰德商务研发总部基地,5.0,0.0,0.0,2.0,5.0,3.0,4.06
1652,梓坤科技园,3.0,0.0,0.0,4.0,1.0,0.0,1.83
1653,863基地,0.0,0.0,0.0,0.0,17.0,0.0,1.52
1654,通用大厦,17.0,1.0,3.0,1.0,19.0,0.0,2.84
1655,富悦财富广场,23.0,0.0,0.0,0.0,5.0,0.0,2.84
1656,绿地海外滩中心C幢,10.0,0.0,0.0,6.0,14.0,0.0,5.07
1657,上海实业大厦,56.0,2.0,15.0,9.0,29.0,3.0,4.97
1658,康帅大厦,10.0,4.0,2.0,1.0,8.0,1.0,2.84
1659,绿地同创大厦,24.0,3.0,4.0,4.0,23.0,2.0,3.55
1660,飞乐企业大厦,16.0,7.0,4.0,2.0,21.0,1.0,3.85
1661,灿虹大厦,21.0,2.0,3.0,0.0,12.0,0.0,3.04
1662,申昂武夷坊,51.0,9.0,7.0,10.0,33.0,0.0,5.07
1663,首信银都国际广场,52.0,17.0,1.0,7.0,30.0,0.0,3.96
1664,航天大厦,22.0,11.0,2.0,4.0,17.0,0.0,3.04
1665,申能国际大厦,7.0,8.0,13.0,10.0,57.0,1.0,4.06
1666,同达创业,32.0,9.0,10.0,12.0,31.0,1.0,3.56
1667,徐汇万科中心,10.0,0.0,1.0,6.0,10.0,1.0,5.07
1668,华强科技大厦,4.0,0.0,0.0,1.0,4.0,0.0,4.56
1669,新汇园,2.0,1.0,0.0,1.0,5.0,0.0,3.55
1670,汤米创意园,23.0,2.0,2.0,9.0,17.0,1.0,3.95
1671,民族大厦,71.0,6.0,1.0,4.0,23.0,1.0,4.34
1672,四方科创园,0.0,0.0,0.0,0.0,0.0,0.0,1.83
1673,锦荣国际大酒店商务楼,12.0,0.0,1.0,2.0,13.0,1.0,4.11
1674,688创意园,57.0,11.0,6.0,16.0,0.0,1.0,4.06
1675,金鹰国际大厦B栋,2.0,0.0,0.0,20.0,12.0,0.0,7.3
1676,高翔大楼,6.0,0.0,1.0,0.0,7.0,1.0,1.52
1677,阿里巴巴电子商务大厦,14.0,3.0,3.0,0.0,26.0,0.0,4.56
1678,德安大厦,52.0,10.0,3.0,4.0,36.0,1.0,4.06
1679,壹领御·张江,1.0,0.0,0.0,0.0,0.0,0.0,1.83
1680,富庆国定大厦,30.0,5.0,5.0,5.0,23.0,2.0,3.04
1681,一百杉杉大厦,5.0,1.0,1.0,4.0,0.0,2.0,4.06
1682,创意大厦,19.0,1.0,0.0,3.0,23.0,0.0,3.35
1683,海泰大厦,63.0,12.0,14.0,10.0,70.0,1.0,3.55
1684,中兴上海智慧园,6.0,1.0,0.0,1.0,7.0,0.0,3.55
1685,星汇大厦,12.0,0.0,0.0,1.0,5.0,0.0,2.43
1686,兴远科技大厦,1.0,2.0,0.0,7.0,15.0,1.0,2.84
1687,招商局大厦,7.0,6.0,3.0,7.0,26.0,0.0,7.2
1688,泰康保险大厦,12.0,2.0,6.0,10.0,18.0,1.0,9.13
1689,申报馆,152.0,15.0,25.0,12.0,86.0,1.0,8.11
1690,光启园,4.0,2.0,0.0,1.0,8.0,0.0,3.35
1691,凯旋大厦,35.0,8.0,2.0,4.0,27.0,2.0,5.37
1692,扬子江企业国际广场,8.0,4.0,2.0,1.0,13.0,1.0,3.85
1693,山谷you帮大厦,2.0,0.0,0.0,0.0,2.0,0.0,2.03
1694,莲花商务大厦,5.0,2.0,0.0,4.0,9.0,0.0,2.84
1695,张江春申大厦,3.0,0.0,0.0,2.0,5.0,1.0,3.04
1696,长宁科技大楼,28.0,4.0,5.0,9.0,29.0,0.0,2.54
1697,品尊国际中心,12.0,2.0,2.0,7.0,15.0,1.0,5.84
1698,海亮大厦,2.0,1.0,1.0,8.0,4.0,0.0,4.56
1699,创客邦,19.0,2.0,3.0,0.0,26.0,1.0,2.7
1700,港泰广场,133.0,11.0,17.0,20.0,60.0,2.0,5.04
1701,上海医药大厦,52.0,12.0,15.0,15.0,20.0,2.0,6.76
1702,98创意园,20.0,10.0,5.0,5.0,39.0,0.0,4.87
1703,一佰杉杉大厦,32.0,2.0,0.0,4.0,31.0,2.0,4.29
1704,嘉和国际大厦,17.0,5.0,9.0,1.0,36.0,1.0,4.06
1705,莲花广场,8.0,2.0,7.0,3.0,13.0,1.0,4.06
1706,斯格威国际,87.0,7.0,0.0,14.0,28.0,1.0,6.71
1707,上海海湾大厦,63.0,4.0,3.0,10.0,47.0,0.0,4.06
1708,华大科创楼,10.0,1.0,0.0,3.0,14.0,2.0,4.26
1709,金玉兰广场,77.0,5.0,2.0,5.0,32.0,1.0,3.86
1710,H88越虹广场,4.0,2.0,1.0,4.0,10.0,0.0,5.07
1711,燎申宜山大厦,5.0,1.0,0.0,2.0,3.0,2.0,3.24
1712,虹桥天都国际,6.0,4.0,5.0,8.0,15.0,1.0,3.21
1713,强劲大厦,3.0,2.0,2.0,3.0,0.0,1.0,3.55
1714,智慧金沙3131,2.0,1.0,1.0,1.0,4.0,1.0,3.04
1715,中国石化大厦,5.0,1.0,0.0,3.0,6.0,0.0,2.33
1716,虹口SOHO,25.0,3.0,4.0,14.0,48.0,1.0,6.08
1717,江园创意园,28.0,7.0,1.0,7.0,50.0,1.0,3.1
1718,腾飞大厦,73.0,2.0,2.0,0.0,22.0,1.0,5.68
1719,长青企业广场,10.0,0.0,1.0,3.0,4.0,2.0,3.47
1720,方糖小镇,48.0,4.0,16.0,10.0,30.0,3.0,4.06
1721,漕河泾科技园,6.0,2.0,0.0,3.0,6.0,0.0,1.62
1722,环线广场,17.0,9.0,4.0,4.0,17.0,0.0,3.04
1723,创邑金沙谷,10.0,1.0,4.0,4.0,16.0,1.0,3.04
1724,信息技术大厦,30.0,22.0,2.0,4.0,24.0,1.0,3.47
1725,瓯江大厦,48.0,4.0,16.0,7.0,30.0,3.0,3.55
1726,慧峰创意园,1.0,1.0,0.0,1.0,1.0,0.0,1.42
1727,隆宇大厦,50.0,3.0,12.0,4.0,20.0,2.0,4.77
1728,兆益科技园,22.0,3.0,4.0,4.0,13.0,1.0,4.06
1729,康拜丝,1.0,0.0,0.0,0.0,0.0,0.0,5.68
1730,永谊大厦,2.0,0.0,2.0,2.0,4.0,1.0,2.64
1731,美邦大楼,11.0,2.0,0.0,0.0,12.0,0.0,3.75
1732,博华广场,102.0,4.0,19.0,20.0,40.0,2.0,9.73
1733,中港汇.浦东,13.0,1.0,2.0,7.0,8.0,1.0,6.08
1734,嘉杰国际广场,10.0,9.0,12.0,5.0,50.0,1.0,4.06
1735,普天科技园,12.0,10.0,2.0,2.0,27.0,1.0,4.53
1736,时代金融中心,9.0,0.0,0.0,6.0,15.0,1.0,10.14
1737,虹桥万科中心,0.0,0.0,1.0,0.0,9.0,0.0,5.58
1738,上海邮电大厦,25.0,0.0,4.0,14.0,47.0,1.0,4.06
1739,富橙投资大厦,62.0,6.0,0.0,1.0,26.0,2.0,3.04
1740,宏欣科技设计创意园,7.0,22.0,3.0,7.0,29.0,0.0,4.56
1741,歆翱文化创意园,6.0,1.0,2.0,0.0,12.0,0.0,2.43
1742,虹桥中央大厦,12.0,1.0,3.0,2.0,14.0,1.0,4.06
1743,漕河泾软件大厦,13.0,2.0,0.0,1.0,7.0,0.0,3.14
1744,上海五四大楼,12.0,3.0,0.0,7.0,16.0,0.0,2.22
1745,阳光城魔都,6.0,3.0,1.0,3.0,10.0,0.0,3.04
1746,绿洲中环中心6号楼,16.0,1.0,6.0,2.0,17.0,1.0,4.56
1747,大众金融大厦,41.0,19.0,2.0,8.0,18.0,0.0,2.94
1748,古北亚繁国际,18.0,2.0,3.0,4.0,7.0,0.0,3.85
1749,陆家嘴投资大厦,3.0,0.0,0.0,5.0,25.0,2.0,7.1
1750,上海数字产业园,8.0,0.0,0.0,2.0,11.0,1.0,4.87
1751,中新传媒大厦,21.0,0.0,1.0,0.0,7.0,0.0,4.07
1752,滨江文化创业园,0.0,3.0,2.0,7.0,15.0,1.0,6.21
1753,绿亮虹口科创园,17.0,5.0,10.0,1.0,27.0,1.0,2.03
1754,泛太平洋大厦,92.0,25.0,14.0,9.0,35.0,0.0,5.07
1755,长发大厦,49.0,11.0,12.0,27.0,27.0,0.0,3.04
1756,南苏河创意园,8.0,3.0,4.0,9.0,37.0,1.0,4.56
1757,汇亚大厦,1.0,0.0,2.0,6.0,14.0,1.0,9.13
1758,上海名仕街时尚创意园,24.0,3.0,0.0,4.0,28.0,0.0,2.53
1759,龙头大厦,53.0,1.0,0.0,7.0,22.0,1.0,4.56
1760,中欣大厦,72.0,18.0,17.0,6.0,32.0,1.0,9.13
1761,安泰大楼,29.0,4.0,10.0,5.0,28.0,1.0,5.58
1762,中区广场,45.0,9.0,10.0,23.0,29.0,1.0,8.11
1763,陆家嘴金融服务广场,15.0,0.0,1.0,3.0,18.0,1.0,7.1
1764,绿地科技岛广场,1.0,0.0,1.0,4.0,8.0,1.0,4.06
1765,L777新媒体产业园,10.0,2.0,0.0,2.0,15.0,1.0,2.33
1766,明基广场,10.0,0.0,4.0,0.0,19.0,1.0,4.56
1767,555大厦,16.0,13.0,11.0,20.0,37.0,1.0,5.58
1768,摩工坊,87.0,8.0,2.0,14.0,28.0,1.0,3.88
1769,阿拉城(先锋街66号),14.0,3.0,8.0,1.0,18.0,1.0,5.07
1770,环智国际大厦,54.0,3.0,7.0,3.0,34.0,1.0,5.98
1771,上海国际设计交流中心,13.0,7.0,2.0,6.0,21.0,1.0,3.35
1772,紫竹科学园区,3.0,1.0,0.0,0.0,1.0,0.0,1.6
1773,物资大厦,25.0,6.0,22.0,10.0,68.0,1.0,2.74
1774,金鹰大厦,10.0,0.0,2.0,20.0,9.0,0.0,6.08
1775,多媒体产业大厦,13.0,0.0,1.0,0.0,12.0,1.0,3.55
1776,永鼎大厦,9.0,0.0,0.0,2.0,10.0,0.0,2.33
1777,广顺商务中心,3.0,3.0,1.0,0.0,9.0,1.0,3.55
1778,万嘉大厦,8.0,2.0,3.0,0.0,14.0,0.0,2.03
1779,中环时代,0.0,0.0,0.0,0.0,0.0,0.0,6.08
1780,张江创星园,4.0,0.0,0.0,1.0,2.0,0.0,3.75
1781,上海桂林聚科都市科技园,7.0,9.0,3.0,9.0,26.0,1.0,4.06
1782,卢湾建设发展大楼,48.0,14.0,5.0,27.0,21.0,2.0,3.65
1783,桂平园,1.0,1.0,0.0,3.0,8.0,1.0,3.24
1784,上海万都中心大厦,0.0,0.0,8.0,0.0,19.0,0.0,6.59
1785,申银发展大厦,54.0,13.0,8.0,9.0,25.0,0.0,2.67
1786,愚园108,61.0,10.0,9.0,6.0,38.0,1.0,5.0
1787,嘉麒大厦,7.0,2.0,3.0,8.0,10.0,0.0,5.27
1788,绿地蓝海大厦3号楼,8.0,8.0,10.0,0.0,28.0,0.0,4.06
1789,上海节能环保科技企业孵化基地,2.0,0.0,0.0,1.0,0.0,0.0,1.72
1790,欧迪芬福克斯,14.0,0.0,15.0,3.0,14.0,0.0,2.53
1791,金岛大厦,25.0,4.0,14.0,5.0,29.0,3.0,3.55
1792,外高桥酒类展示交易中心,0.0,1.0,0.0,1.0,1.0,1.0,1.32
1793,长峰中心,44.0,18.0,1.0,10.0,28.0,0.0,4.06
1794,天亿大厦,31.0,32.0,2.0,3.0,39.0,2.0,3.55
1795,同普大厦,10.0,4.0,0.0,2.0,1.0,0.0,2.84
1796,创智天地,18.0,1.0,7.0,1.0,21.0,1.0,5.07
1797,大江商厦,19.0,1.0,4.0,5.0,18.0,0.0,2.23
1798,时尚部落,23.0,1.0,4.0,2.0,0.0,1.0,4.57
1799,上海国际研发总部基地,3.0,1.0,1.0,0.0,3.0,1.0,2.64
1800,金地威新闵行科创园,2.0,0.0,0.0,1.0,4.0,0.0,1.32
1801,蓝光科技园,1.0,0.0,0.0,0.0,0.0,0.0,3.4
1802,江裕大厦,1.0,4.0,5.0,7.0,12.0,1.0,4.83
1803,紫竹国际大厦,2.0,0.0,2.0,15.0,10.0,1.0,4.5
1804,MORE：001,13.0,0.0,0.0,2.0,0.0,1.0,6.08
1805,长泰国际金融大厦,18.0,1.0,0.0,8.0,14.0,1.0,8.85
1806,上海主角,2.0,0.0,1.0,5.0,3.0,0.0,3.65
1807,天山商厦,5.0,9.0,12.0,12.0,32.0,1.0,2.88
1808,富丽大厦,41.0,7.0,4.0,3.0,20.0,1.0,2.54
1809,裕景国际商务广场B座,54.0,4.0,0.0,2.0,28.0,2.0,5.58
1810,华清大厦,0.0,4.0,5.0,7.0,12.0,0.0,4.06
1811,华滋奔腾大厦,5.0,1.0,2.0,1.0,1.0,2.0,2.94
1812,启迪大厦,0.0,4.0,4.0,6.0,11.0,0.0,4.06
1813,绿地商务大厦,30.0,3.0,4.0,7.0,23.0,1.0,4.77
1814,外滩109,25.0,3.0,4.0,14.0,48.0,1.0,7.1
1815,三五大厦,72.0,13.0,11.0,12.0,37.0,1.0,5.49
1816,美通科创空间,33.0,3.0,3.0,7.0,13.0,0.0,3.14
1817,大众大厦,7.0,10.0,3.0,4.0,26.0,2.0,4.75
1818,虹桥国际商务花园,5.0,1.0,3.0,1.0,11.0,0.0,3.65
1819,宏慧.音悦湾,1.0,3.0,1.0,1.0,8.0,0.0,3.24
1820,千羽创意园,54.0,15.0,3.0,11.0,47.0,2.0,4.56
1821,森宏旗臻二期,3.0,1.0,3.0,2.0,5.0,1.0,2.27
1822,上海天地软件园,7.0,0.0,0.0,7.0,16.0,1.0,3.04
1823,中展瑞景,36.0,0.0,2.0,0.0,6.0,0.0,1.18
1824,铭天下创意园区,18.0,9.0,4.0,4.0,16.0,1.0,3.14
1825,中融碧玉蓝天,9.0,1.0,0.0,7.0,0.0,1.0,10.14
1826,嘉兴大厦,41.0,7.0,1.0,5.0,20.0,2.0,4.26
1827,花旗集团大厦,9.0,2.0,6.0,10.0,11.0,1.0,11.0
1828,创智联合大厦,25.0,2.0,6.0,8.0,12.0,2.0,3.04
1829,上海时装大厦,22.0,12.0,15.0,5.0,39.0,1.0,3.72
1830,盛高国际,14.0,4.0,5.0,8.0,15.0,1.0,5.07
1831,麦腾智慧天地,8.0,0.0,1.0,0.0,2.0,0.0,2.54
1832,华宜大厦,16.0,8.0,4.0,5.0,16.0,1.0,5.07
1833,燎申国际大厦,21.0,2.0,3.0,0.0,12.0,0.0,3.04
1834,新安大楼,10.0,1.0,0.0,5.0,9.0,1.0,3.55
1835,普罗娜商务广场,10.0,5.0,2.0,1.0,12.0,1.0,3.04
1836,曲阳商务中心,17.0,4.0,2.0,3.0,14.0,1.0,2.84
1837,德国中心,3.0,0.0,0.0,2.0,4.0,0.0,5.07
1838,由由燕乔大厦,7.0,0.0,0.0,8.0,9.0,1.0,3.35
1839,玉嘉大厦,56.0,15.0,1.0,6.0,17.0,0.0,3.65
1840,景鸿大厦,18.0,9.0,4.0,4.0,16.0,1.0,4.26
1841,淮云大厦,9.0,6.0,14.0,23.0,55.0,1.0,3.04
1842,内外联大厦,35.0,8.0,9.0,5.0,23.0,2.0,3.85
1843,光启城,24.0,1.0,3.0,7.0,21.0,2.0,5.58
1844,财富国际广场,25.0,3.0,7.0,7.0,17.0,0.0,3.04
1845,世宏金源中心,2.0,3.0,0.0,0.0,9.0,0.0,3.75
1846,雷迪大厦,29.0,9.0,10.0,0.0,29.0,1.0,5.56
1847,长阳谷,15.0,9.0,0.0,7.0,23.0,2.0,3.65
1848,华鑫中心,4.0,3.0,2.0,3.0,15.0,1.0,4.26
1849,SOHO复兴广场,54.0,9.0,3.0,24.0,41.0,1.0,7.1
1850,新漕河泾国际商务中心,11.0,1.0,0.0,2.0,0.0,0.0,4.97
1851,金航大厦,10.0,10.0,9.0,0.0,36.0,1.0,5.27
1852,鼎力创意园,8.0,4.0,1.0,5.0,3.0,0.0,4.12
1853,三鑫世界商厦,39.0,7.0,13.0,0.0,28.0,1.0,4.87
1854,爱登堡科技园,2.0,0.0,0.0,1.0,4.0,0.0,2.03
1855,文广大厦,11.0,5.0,3.0,5.0,10.0,1.0,10.0
1856,东方万国企业中心,4.0,1.0,1.0,0.0,0.0,0.0,4.06
1857,近铁城市广场,18.0,1.0,4.0,3.0,10.0,1.0,5.58
1858,伊泰利大厦,18.0,24.0,3.0,4.0,29.0,1.0,4.36
1859,赢华国际广场,8.0,0.0,2.0,5.0,4.0,0.0,4.26
1860,绿洲中环中心1号楼,17.0,1.0,6.0,2.0,18.0,1.0,4.46
1861,创智空间,0.0,0.0,2.0,1.0,3.0,1.0,5.07
1862,上海自贸区,12.0,2.0,1.0,0.0,14.0,0.0,1.62
1863,717工坊,60.0,6.0,10.0,6.0,34.0,1.0,3.55
1864,漕河泾现代服务业园区,8.0,1.0,0.0,2.0,12.0,1.0,4.56
1865,派拉蒙中心,5.0,0.0,0.0,1.0,2.0,0.0,1.62
1866,龙阳商务楼,33.0,0.0,4.0,9.0,5.0,3.0,3.85
1867,亚芯中心,1.0,0.0,0.0,0.0,0.0,0.0,4.66
1868,由度工坊,1.0,0.0,0.0,1.0,1.0,0.0,3.55
1869,法兰桥创意园,17.0,5.0,8.0,1.0,6.0,1.0,4.26
1870,东明广场,39.0,8.0,13.0,4.0,25.0,1.0,2.4
1871,由度工场,19.0,0.0,1.0,1.0,6.0,0.0,2.64
1872,智慧大厦,0.0,0.0,0.0,2.0,2.0,0.0,1.72
1873,葛洲坝大厦,2.0,0.0,5.0,11.0,7.0,0.0,7.61
1874,博鸿大厦,15.0,18.0,6.0,7.0,25.0,0.0,3.24
