,buildingN,park_num,park
0,金融街静安中心,1.0,"[康余绿地@(121.437447,31.236049)]"
1,万通中心,,
2,上海中心,2.0,"[上海一圈青年文化主题公园@(121.512527,31.243496), 由隆花园@(121.507964,31.237644)]"
3,虹桥万科中心,,
4,华鑫天地,,
5,新宝中心,,
6,苏河1号,,
7,绿地科创大厦,1.0,"[精彩纷星游乐公园@(121.430096,31.243714)]"
8,soho世纪广场,3.0,"[巧克力梦公园@(121.551451,31.228262), 花木行政区5号地块@(121.550213,31.22987), 世纪公园治安办公室@(121.553491,31.223085)]"
9,上海星汇广场,,
10,祥腾财富广场,1.0,"[新闻晨报林@(121.457351,31.299896)]"
11,北岸长风,5.0,"[长风公园@(121.406081,31.230879), 长风海洋世界@(121.403627,31.230573), 苏州河景观步廊@(121.401822,31.223571), 长风生态商务区-2号滨河绿地@(121.40252,31.225569), 佳雯4D电影@(121.402362,31.231007)]"
12,正大喜马拉雅中心,11.0,"[世纪公园@(121.558668,31.221607), 湖滨观景区@(121.557721,31.2234), 鸟岛@(121.560884,31.223477), 世纪公园镜天湖@(121.556213,31.221537), 春园@(121.555414,31.219611), 秋园@(121.557857,31.218561), AED(世纪公园)@(121.558998,31.2218), 世纪公园云帆桥@(121.55775,31.222681), 世纪公园-观景平台@(121.556101,31.223674), 世纪公园治安办公室@(121.553491,31.223085), 夏园@(121.556801,31.219803)]"
13,盛大天地源创谷,2.0,"[张江艺术公园@(121.590647,31.209888), 张江碧波公园@(121.589522,31.211995)]"
14,智造局,1.0,"[丽园公园@(121.485346,31.213176)]"
15,虹桥丽宝广场,,
16,天华信息科技园,1.0,"[漕溪公园@(121.442401,31.178426)]"
17,钱江大厦,,
18,春之声大厦,1.0,"[源园@(121.413482,31.244585)]"
19,SOHO天山广场,1.0,"[虹桥公园@(121.412054,31.212078)]"
20,汇京国际广场,1.0,"[番禺绿地@(121.433155,31.20217)]"
21,绿地汇中心,,
22,现代广场,,
23,绿地海外滩中心A幢,2.0,"[南园滨江绿地@(121.482045,31.198373), 世博林绿地@(121.483138,31.202435)]"
24,虹桥天地,3.0,"[新虹桥中心公园@(121.41132,31.206134), 虹桥公园@(121.412054,31.212078), 绿映虹桥@(121.412386,31.204624)]"
25,中城国际大厦,3.0,"[光启公园@(121.441046,31.195954), 番禺绿地@(121.433155,31.20217), 乐山绿地@(121.438229,31.202094)]"
26,广发大厦,2.0,"[绍兴公园@(121.469913,31.215625), 上海天诚大酒店-杜鹃厅@(121.477902,31.211075)]"
27,华闻国际大厦,,
28,上置金融大厦,1.0,"[上海天诚大酒店-杜鹃厅@(121.477902,31.211075)]"
29,香港名都写字楼,2.0,"[小桃园街绿地@(121.496435,31.226927), 司马秤@(121.496557,31.226847)]"
30,杰地大厦,1.0,"[精彩纷星游乐公园@(121.430096,31.243714)]"
31,花园坊上海节能环保中心,1.0,"[鲁迅公园@(121.489979,31.277455)]"
32,国家会展中心,3.0,"[新虹桥中心公园@(121.41132,31.206134), 虹桥公园@(121.412054,31.212078), 绿映虹桥@(121.412386,31.204624)]"
33,海上海,,
34,东亚银行金融大厦,4.0,"[滨江公园@(121.504326,31.241141), 陆家嘴中心绿地@(121.512881,31.243693), 上海一圈青年文化主题公园@(121.512527,31.243496), 由隆花园@(121.507964,31.237644)]"
35,上海实业大厦,2.0,"[光启公园@(121.441046,31.195954), Devil Park 恶魔公园@(121.445849,31.198883)]"
36,裕安大厦,1.0,"[潍坊路小游园@(121.528934,31.230207)]"
37,太平金融大厦,3.0,"[陆家嘴中心绿地@(121.512881,31.243693), 上海一圈青年文化主题公园@(121.512527,31.243496), 由隆花园@(121.507964,31.237644)]"
38,七宝宝龙城市广场,1.0,"[银杏公园@(121.417654,31.016918)]"
39,新漕河泾国际商务中心,1.0,"[世纪林@(121.411083,31.165682)]"
40,我格广场,1.0,"[精彩纷星游乐公园@(121.430096,31.243714)]"
41,世纪汇广场,3.0,"[陆家嘴中心绿地@(121.512881,31.243693), 东方明珠公园@(121.506312,31.247338), 上海一圈青年文化主题公园@(121.512527,31.243496)]"
42,日月光集团,,
43,品尊国际中心,,
44,江桥万达广场,,
45,万科时一区,,
46,长宁88中心,1.0,"[中山公园@(121.425511,31.227831)]"
47,世界广场,,
48,港汇恒隆广场,2.0,"[徐家汇公园@(121.448965,31.203757), Devil Park 恶魔公园@(121.445849,31.198883)]"
49,华晔创意园,,
50,中铁中环时代广场,,
51,申能国际大厦,1.0,"[上海新天地太平湖公园@(121.483825,31.22573)]"
52,盛大天地青春里2.0,,
53,张江微电子港,1.0,"[张江艺术公园@(121.590647,31.209888)]"
54,金领之都,,
55,外滩金融中心,2.0,"[古城公园@(121.500454,31.234126), 古城公园百姓健身步道@(121.50177,31.233912)]"
56,国际商厦,4.0,"[四川北路公园@(121.491364,31.26057), 昆山公园@(121.493252,31.254697), 海宁绿地@(121.49184,31.256219), 公园1468@(121.490636,31.259579)]"
57,高阳商务中心,,
58,悦达国际大厦,1.0,"[康余绿地@(121.437447,31.236049)]"
59,莲花大厦,1.0,"[洛克公园@(121.401867,31.166217)]"
60,1788国际中心,3.0,"[静安公园@(121.453099,31.228472), 静安公园-中心湖@(121.452773,31.228176), 静安公园-石亭@(121.45421,31.22892)]"
61,海泰国际大厦,3.0,"[昆山公园@(121.493252,31.254697), 海宁绿地@(121.49184,31.256219), 公园1468@(121.490636,31.259579)]"
62,呈远大厦,,
63,新天国际大厦,,
64,新茂大厦,10.0,"[复兴公园(思南路)@(121.475516,31.223109), 淮海公园@(121.484041,31.22901), 太平桥公园@(121.483481,31.225533), 上海新天地太平湖公园@(121.483825,31.22573), 复兴公园-大草坪@(121.476173,31.22279), 太平桥公园停车场-入口@(121.483144,31.224759), 復典公园@(121.476048,31.224763), 复兴公园-中国园@(121.475637,31.222403), 淮海公园导览图@(121.484149,31.229503), 复兴公园-沉床花坛@(121.475872,31.223416)]"
65,福德商务中心,5.0,"[四川北路公园@(121.491364,31.26057), 爱思儿童公园@(121.492053,31.263243), 海伦公园@(121.493184,31.263119), iPark爱车公园@(121.492672,31.261325), 公园1468@(121.490636,31.259579)]"
66,嘉华中心,2.0,"[襄阳公园@(121.463193,31.223319), 社公园桃@(121.465765,31.219393)]"
67,虹钦园,,
68,五角丰达,,
69,花旗集团大厦,3.0,"[滨江公园@(121.504326,31.241141), 滨江大道@(121.501992,31.243005), 由隆花园@(121.507964,31.237644)]"
70,方正大厦,1.0,"[由度空间移动互联网数据公园@(121.622166,31.256651)]"
71,宝山万达广场,,
72,岳洋大厦,7.0,"[和平公园@(121.509619,31.2764), 和平公园-海陆空@(121.508622,31.278054), 猴山@(121.509832,31.275991), 和平公园-动物岛@(121.510122,31.276149), 动物生态岛@(121.510122,31.276148), 两栖馆@(121.509582,31.277034), 鹿苑@(121.509841,31.275998)]"
73,世贸大厦,1.0,"[爬行动物展厅@(121.493688,31.237159)]"
74,上海陇盛科技大楼,2.0,"[苏州河景观步廊@(121.401822,31.223571), 长宁老年公园@(121.397703,31.218744)]"
75,汇针751创意园,,
76,诺诚1895创意园,1.0,"[洛克公园@(121.432162,31.294012)]"
77,明谷科技园,,
78,浦江高科技园,,
79,光启城,,
80,曹杨尚城国际,1.0,"[精彩纷星游乐公园@(121.430096,31.243714)]"
81,沃力创业园,,
82,复旦科技园大厦,3.0,"[四平科技公园@(121.512791,31.293276), 四平科技公园广场-庭院@(121.510413,31.294517), 四平科技公园-亲水平台@(121.510443,31.294118)]"
83,衡安大楼,2.0,"[衡山公园@(121.448472,31.207018), 凯文绿地@(121.449951,31.206691)]"
84,宝地广场,1.0,"[大连路绿地@(121.52106,31.263825)]"
85,建滔企业广场,,
86,虹桥世界中心,,
87,800秀创意园区,3.0,"[静安公园@(121.453099,31.228472), 静安公园-中心湖@(121.452773,31.228176), 静安公园-石亭@(121.45421,31.22892)]"
88,复城国际,,
89,张江国创中心,,
90,莲谷产业园,,
91,上海合生国际广场,,
92,永银大厦,4.0,"[淮海公园@(121.484041,31.22901), 太平桥公园@(121.483481,31.225533), 上海新天地太平湖公园@(121.483825,31.22573), 淮海公园导览图@(121.484149,31.229503)]"
93,阿里中心,1.0,"[华漕公园@(121.339532,31.226002)]"
94,久合科技园,1.0,"[岭南公园@(121.46294,31.320825)]"
95,嘉里中心,3.0,"[静安公园@(121.453099,31.228472), 静安公园-中心湖@(121.452773,31.228176), 静安公园-石亭@(121.45421,31.22892)]"
96,星联研发楼,,
97,静安设计中心,,
98,帝宝国际大厦,1.0,"[食艺公园@(121.377958,31.17867)]"
99,金虹桥国际中心,,
100,赢华国际广场,,
101,赢嘉广场,,
102,达人湾创智广场,,
103,龙湖虹桥天街,,
104,中山万博国际中心,1.0,"[番禺绿地@(121.433155,31.20217)]"
105,远中产业园,,
106,绿地中央广场,,
107,海洋大厦,,
108,统一企业大厦,,
109,上海诚达创意产业园区,,
110,中港汇.浦东,,
111,华旭国际大厦,3.0,"[人民公园@(121.479455,31.237919), 人民公园-售卖亭@(121.479269,31.238195), 上海公园便民@(121.478061,31.238522)]"
112,加禾LOFT创意园,,
113,金茂大厦,3.0,"[陆家嘴中心绿地@(121.512881,31.243693), 上海一圈青年文化主题公园@(121.512527,31.243496), 由隆花园@(121.507964,31.237644)]"
114,南证大厦,2.0,"[静安雕塑公园@(121.47046,31.240967), 小小植物园@(121.47665,31.235935)]"
115,中金国际广场,2.0,"[光启公园@(121.441046,31.195954), Devil Park 恶魔公园@(121.445849,31.198883)]"
116,前滩世贸中心,,
117,华润时代广场,1.0,"[潍坊路小游园@(121.528934,31.230207)]"
118,华虹创新,,
119,绿地M-TOWN,,
120,怡富商务广场,1.0,"[玲珑会所@(121.521016,31.299545)]"
121,左岸88,,
122,禹洲金桥国际三期,,
123,申汉大厦,,
124,中国人寿金融中心,2.0,"[陆家嘴中心绿地@(121.512881,31.243693), 上海一圈青年文化主题公园@(121.512527,31.243496)]"
125,星峰企业园,,
126,科汇大厦,,
127,远中科研大楼,1.0,"[漕河泾开发区公园@(121.406882,31.174936)]"
128,中国煤炭大厦,,
129,中天大厦,,
130,创智天地广场三期,,
131,科技绿洲,1.0,"[洛克公园@(121.401867,31.166217)]"
132,未来资产大厦,3.0,"[滨江公园@(121.504326,31.241141), 滨江大道@(121.501992,31.243005), 由隆花园@(121.507964,31.237644)]"
133,生命人寿大厦,,
134,淮海中华大厦,,
135,乐凯大厦,,
136,恒基•旭辉中心,,
137,普天科技园,,
138,上海开文大厦,,
139,民润大厦,1.0,"[漕河泾开发区公园@(121.406882,31.174936)]"
140,虹桥绿谷,1.0,"[华漕公园@(121.339532,31.226002)]"
141,越洋国际广场,,
142,静安晶品中心,3.0,"[静安公园@(121.453099,31.228472), 静安公园-中心湖@(121.452773,31.228176), 静安公园-石亭@(121.45421,31.22892)]"
143,绿洲中环中心,,
144,中外运大厦,1.0,"[爬行动物展厅@(121.493688,31.237159)]"
145,峻岭广场,3.0,"[静安雕塑公园@(121.47046,31.240967), 小小植物园@(121.47665,31.235935), 上海公园便民@(121.478061,31.238522)]"
146,歌斐中心,,
147,新上海城市广场,1.0,"[爬行动物展厅@(121.493688,31.237159)]"
148,中关村虹桥创新中心,,
149,中铁诺德国际中心,,
150,嘉汇广场,1.0,"[五星足球公园@(121.446921,31.18883)]"
151,兆丰世贸大厦,1.0,"[百和园@(121.434429,31.223415)]"
152,金融街海伦中心,1.0,"[北外滩滨江绿地@(121.504774,31.25332)]"
153,远东大厦,1.0,"[潍坊路小游园@(121.528934,31.230207)]"
154,东方环球企业中心,,
155,绿洲广场,,
156,慧创国际,,
157,绿地汇创国际广场,,
158,长泰国际金融大厦,1.0,"[豆香园@(121.546674,31.232883)]"
159,汇智大厦,1.0,"[光启公园@(121.441046,31.195954)]"
160,新上海国际大厦,2.0,"[陆家嘴中心绿地@(121.512881,31.243693), 上海一圈青年文化主题公园@(121.512527,31.243496)]"
161,紫安大厦,3.0,"[静安公园@(121.453099,31.228472), 静安公园-中心湖@(121.452773,31.228176), 静安公园-石亭@(121.45421,31.22892)]"
162,鸿祥大厦,4.0,"[人民公园@(121.479455,31.237919), 小小植物园@(121.47665,31.235935), 人民公园-售卖亭@(121.479269,31.238195), 上海公园便民@(121.478061,31.238522)]"
163,华能联合大厦,2.0,"[陆家嘴中心绿地@(121.512881,31.243693), 上海一圈青年文化主题公园@(121.512527,31.243496)]"
164,金赢108创意广场,,
165,绿地蓝海,4.0,"[莘庄公园@(121.379937,31.108067), 洛克公园(闵行莘庄店)@(121.384531,31.113554), 闵行区中心绿地@(121.387114,31.115127), 母亲林@(121.387083,31.115129)]"
166,华敏翰尊国际,,
167,西岸创意园区,,
168,湾谷科技园,1.0,"[复旦旺溪植物园@(121.515076,31.347006)]"
169,五角场万达广场,,
170,8号桥一期,,
171,展想广场,,
172,均瑶国际广场,1.0,"[凯文绿地@(121.449951,31.206691)]"
173,港泰广场,1.0,"[广场公园(延安东路)@(121.481555,31.231468)]"
174,北外环信息产业园,,
175,七建大厦,,
176,上海绿地中心一期,2.0,"[东安公园@(121.460767,31.191483), 红枫苑@(121.461615,31.193149)]"
177,徐汇万科中心,2.0,"[中城绿地公园@(121.438105,31.16229), CBD中央公园@(121.438347,31.163646)]"
178,莱茵•虹景中心,1.0,"[食艺公园@(121.377958,31.17867)]"
179,耀江国际广场,1.0,"[昆山公园@(121.493252,31.254697)]"
180,易园,1.0,"[中山公园@(121.425511,31.227831)]"
181,宝石园大厦,2.0,"[洛克公园@(121.401867,31.166217), 漕河泾开发区公园@(121.406882,31.174936)]"
182,碧海现代苑,,
183,金玉兰广场,1.0,"[上海天诚大酒店-杜鹃厅@(121.477902,31.211075)]"
184,东华大学科技园,,
185,财富时代大厦,2.0,"[长寿公园@(121.445865,31.249779), 24小时健身动物园@(121.44396,31.249495)]"
186,21世纪中心大厦,2.0,"[陆家嘴中心绿地@(121.512881,31.243693), 上海一圈青年文化主题公园@(121.512527,31.243496)]"
187,长江新能源大厦,2.0,"[人民公园@(121.479455,31.237919), 人民公园-售卖亭@(121.479269,31.238195)]"
188,中区广场,8.0,"[人民公园@(121.479455,31.237919), 广场公园(延安东路)@(121.481555,31.231468), 延中绿地@(121.480289,31.231568), 延安公园@(121.472975,31.231058), 小小植物园@(121.47665,31.235935), 广场公园黄浦段@(121.474468,31.230648), 人民公园-售卖亭@(121.479269,31.238195), 上海公园便民@(121.478061,31.238522)]"
189,上海西郊商务区-C2国际区,,
190,长城大厦,,
191,茸锦科技园,,
192,晓富金融大厦,,
193,鼎力创意园,,
194,平盛大厦,,
195,上海广场,4.0,"[淮海公园@(121.484041,31.22901), 广场公园(延安东路)@(121.481555,31.231468), 延中绿地@(121.480289,31.231568), 淮海公园导览图@(121.484149,31.229503)]"
196,招商局大厦,2.0,"[陆家嘴中心绿地@(121.512881,31.243693), 上海一圈青年文化主题公园@(121.512527,31.243496)]"
197,和源企业广场,1.0,"[不夜城公园@(121.467166,31.250811)]"
198,绿地和创大厦,1.0,"[精彩纷星游乐公园@(121.430096,31.243714)]"
199,虹桥德必易园,,
200,嘉春753园区,,
201,2577创意大院,,
202,汇阳广场,2.0,"[漕溪公园@(121.442401,31.178426), 徐汇公园@(121.440849,31.177069)]"
203,飞马旅5iCENTER创意园,,
204,SOHO东海广场,3.0,"[静安公园@(121.453099,31.228472), 西康公园@(121.4564,31.236394), 静安公园-石亭@(121.45421,31.22892)]"
205,世和中心,,
206,尚诚国际大厦,1.0,"[精彩纷星游乐公园@(121.430096,31.243714)]"
207,亚芯中心,,
208,D1国际创意空间,1.0,"[五星足球公园@(121.446921,31.18883)]"
209,汇银铭尊,,
210,中融恒瑞国际大厦,1.0,"[潍坊路小游园@(121.528934,31.230207)]"
211,汇银大厦,1.0,"[静安雕塑公园@(121.47046,31.240967)]"
212,贵人大厦,7.0,"[和平公园@(121.509619,31.2764), 江浦控江人口文化广场@(121.519309,31.278917), 猴山@(121.509832,31.275991), 和平公园-动物岛@(121.510122,31.276149), 动物生态岛@(121.510122,31.276148), 两栖馆@(121.509582,31.277034), 鹿苑@(121.509841,31.275998)]"
213,绿地商务大厦,2.0,"[百和园@(121.434429,31.223415), 万象物流中山公园站@(121.431844,31.221234)]"
214,中银大厦,3.0,"[陆家嘴中心绿地@(121.512881,31.243693), 东方明珠公园@(121.506312,31.247338), 上海一圈青年文化主题公园@(121.512527,31.243496)]"
215,世博办公楼,2.0,"[洛克公园@(121.500649,31.18454), 蔓趣公园@(121.50704,31.180047)]"
216,虹桥协信中心,,
217,印坊创意园,1.0,"[北外滩滨江绿地@(121.504774,31.25332)]"
218,漕河泾康桥商务绿洲,,
219,南翔智地,,
220,金谷中环大厦,,
221,岛里创新园,,
222,钦汇园,,
223,清水湾大酒店,,
224,弘基创邑国际园,2.0,"[百和园@(121.434429,31.223415), 万象物流中山公园站@(121.431844,31.221234)]"
225,华宁国际广场,3.0,"[中山公园@(121.425511,31.227831), 百和园@(121.434429,31.223415), 万象物流中山公园站@(121.431844,31.221234)]"
226,久事复兴大厦,2.0,"[襄阳公园@(121.463193,31.223319), 社公园桃@(121.465765,31.219393)]"
227,近铁城市广场,,
228,光启园,,
229,嘉誉国际广场,,
230,博达科技楼,,
231,港陆广场,2.0,"[广场公园(延安东路)@(121.481555,31.231468), 延中绿地@(121.480289,31.231568)]"
232,创企天地产业园,,
233,雅居乐国际广场,3.0,"[人民公园@(121.479455,31.237919), 人民公园-售卖亭@(121.479269,31.238195), 上海公园便民@(121.478061,31.238522)]"
234,星创科技广场,,
235,通用大厦,,
236,六合大厦,,
237,外滩SOHO,2.0,"[黄浦公园@(121.497522,31.24749), 黄浦公园停车场(出入口)@(121.497087,31.247653)]"
238,坤阳国际商务广场,3.0,"[徐家汇公园@(121.448965,31.203757), 衡山公园@(121.448472,31.207018), 凯文绿地@(121.449951,31.206691)]"
239,上海巴士大厦,,
240,华敏翰尊国际大厦,,
241,张江·矽岸国际,,
242,创智天地,,
243,扬子江企业国际广场,,
244,鑫达大厦,,
245,禾谷文创园,,
246,宝安大厦,1.0,"[潍坊路小游园@(121.528934,31.230207)]"
247,银统大厦,2.0,"[万象物流中山公园站@(121.431844,31.221234), 陶然亭@(121.427788,31.216153)]"
248,333世纪大厦,,
249,688广场,1.0,"[静安雕塑公园@(121.47046,31.240967)]"
250,旭辉虹桥国际,,
251,华南大厦,1.0,"[南浦广场公园@(121.521781,31.208882)]"
252,和一大厦,1.0,"[蝴蝶湾花园-二期@(121.463793,31.243777)]"
253,金岛大厦,,
254,上海银行大厦,,
255,中创大厦,1.0,"[静安雕塑公园@(121.47046,31.240967)]"
256,国盛中心,3.0,"[长风公园@(121.406081,31.230879), 长风海洋世界@(121.403627,31.230573), 佳雯4D电影@(121.402362,31.231007)]"
257,绿地威科国际商业广场,,
258,浦发财富广场,1.0,"[宜川公园@(121.447124,31.266578)]"
259,1933老场坊,,
260,长泰广场,1.0,"[阿尔法泡泡体验馆（长泰店）@(121.60888,31.211436)]"
261,浦东嘉里城,,
262,盛高国际,3.0,"[新虹桥中心公园@(121.41132,31.206134), 虹桥公园@(121.412054,31.212078), 绿映虹桥@(121.412386,31.204624)]"
263,新虹桥中心大厦,3.0,"[新虹桥中心公园@(121.41132,31.206134), 虹桥公园@(121.412054,31.212078), 延虹绿地@(121.40369,31.206092)]"
264,中融国际商城,,
265,森宏旗臻,,
266,越界世博园,5.0,"[淮海公园@(121.484041,31.22901), 太平桥公园@(121.483481,31.225533), 上海新天地太平湖公园@(121.483825,31.22573), 太平桥公园停车场-入口@(121.483144,31.224759), 淮海公园导览图@(121.484149,31.229503)]"
267,香港广场,6.0,"[淮海公园@(121.484041,31.22901), 太平桥公园@(121.483481,31.225533), 广场公园(延安东路)@(121.481555,31.231468), 上海新天地太平湖公园@(121.483825,31.22573), 延中绿地@(121.480289,31.231568), 淮海公园导览图@(121.484149,31.229503)]"
268,盛大全球研发中心,,
269,光大会展中心D座,,
270,高优商务中心,2.0,"[洛克公园@(121.401867,31.166217), 古美人口文化公园(平南路)@(121.401493,31.157568)]"
271,汤泉国际,,
272,上海保利广场,,
273,中信广场,2.0,"[昆山公园@(121.493252,31.254697), 海宁绿地@(121.49184,31.256219)]"
274,宏嘉大厦,,
275,松江漕河泾,,
276,上海光大会展中心,,
277,中海万锦城,,
278,建发国际大厦,5.0,"[仲益黄兴体育公园@(121.533848,31.30274), 黄兴公园-扇形大草坪@(121.537844,31.300581), 市民乐园@(121.53921,31.301121), 雪松林@(121.53796,31.30251), 新华林@(121.536541,31.300856)]"
279,海泰大厦,,
280,会德丰国际广场,3.0,"[静安公园@(121.453099,31.228472), 静安公园-中心湖@(121.452773,31.228176), 静安公园-石亭@(121.45421,31.22892)]"
281,宝钢大厦,,
282,虹口SOHO,7.0,"[四川北路公园@(121.491364,31.26057), 昆山公园@(121.493252,31.254697), 爱思儿童公园@(121.492053,31.263243), 海伦公园@(121.493184,31.263119), iPark爱车公园@(121.492672,31.261325), 海宁绿地@(121.49184,31.256219), 公园1468@(121.490636,31.259579)]"
283,汤臣金融大厦,,
284,文新报业大厦,1.0,"[静安职工世纪园@(121.463841,31.230543)]"
285,西子国际中心,,
286,运动Loft,,
287,上海科技京城,,
288,丽都新贵,2.0,"[静安雕塑公园@(121.47046,31.240967), 蝴蝶湾花园-二期@(121.463793,31.243777)]"
289,七星创业园,,
290,壹丰广场,5.0,"[四川北路公园@(121.491364,31.26057), 昆山公园@(121.493252,31.254697), iPark爱车公园@(121.492672,31.261325), 海宁绿地@(121.49184,31.256219), 公园1468@(121.490636,31.259579)]"
291,仲益大厦,2.0,"[静安雕塑公园@(121.47046,31.240967), 小小植物园@(121.47665,31.235935)]"
292,万科七宝国际,1.0,"[滑板公园@(121.344174,31.157991)]"
293,柳林大厦,3.0,"[淮海公园@(121.484041,31.22901), 广场公园(延安东路)@(121.481555,31.231468), 淮海公园导览图@(121.484149,31.229503)]"
294,SVA越界,1.0,"[徐汇公园道壹号@(121.441489,31.170229)]"
295,石油天然气大厦,2.0,"[西康公园@(121.4564,31.236394), 蝴蝶湾花园-二期@(121.463793,31.243777)]"
296,富容大厦,,
297,巨富大厦,3.0,"[静安公园@(121.453099,31.228472), 静安公园-中心湖@(121.452773,31.228176), 静安公园-石亭@(121.45421,31.22892)]"
298,城开中心,2.0,"[嘉和公园@(121.408904,31.132249), 莲浦绿地@(121.40082,31.133794)]"
299,明天广场,4.0,"[人民公园@(121.479455,31.237919), 小小植物园@(121.47665,31.235935), 人民公园-售卖亭@(121.479269,31.238195), 上海公园便民@(121.478061,31.238522)]"
300,斯米克大厦,,
301,SOHO中山广场,,
302,和源大楼,,
303,嘉里不夜城,1.0,"[不夜城公园@(121.467166,31.250811)]"
304,城市新汇,1.0,"[三泉公园@(121.453594,31.321766)]"
305,中信泰富广场,1.0,"[静安职工世纪园@(121.463841,31.230543)]"
306,环贸iapm,2.0,"[襄阳公园@(121.463193,31.223319), 社公园桃@(121.465765,31.219393)]"
307,星荟中心,4.0,"[黄浦公园@(121.497522,31.24749), 昆山公园@(121.493252,31.254697), 海宁绿地@(121.49184,31.256219), 黄浦公园停车场(出入口)@(121.497087,31.247653)]"
308,绿地风尚天地,,
309,漕河泾凤凰园,1.0,"[洛克公园@(121.401867,31.166217)]"
310,国金中心,4.0,"[滨江公园@(121.504326,31.241141), 陆家嘴中心绿地@(121.512881,31.243693), 上海一圈青年文化主题公园@(121.512527,31.243496), 由隆花园@(121.507964,31.237644)]"
311,绿亮松江科创园,1.0,"[绿舟苑@(121.226673,31.022199)]"
312,嘉定宝龙城市广场,1.0,"[汇龙潭公园@(121.260523,31.38688)]"
313,近铁云大厦,3.0,"[曹杨公园@(121.415344,31.245903), 兰溪青年公园@(121.411305,31.246765), 源园@(121.413482,31.244585)]"
314,平高国际广场,,
315,新意城,,
316,复地浦江中心二期,,
317,泓毅大厦,,
318,协泰中心,2.0,"[新虹桥中心公园@(121.41132,31.206134), 虹桥公园@(121.412054,31.212078)]"
319,新明KIDMALL,1.0,"[公园饭店@(121.321372,31.296866)]"
320,世纪商贸广场,,
321,保利绿地,5.0,"[仲益黄兴体育公园@(121.533848,31.30274), 黄兴公园-扇形大草坪@(121.537844,31.300581), 市民乐园@(121.53921,31.301121), 雪松林@(121.53796,31.30251), 新华林@(121.536541,31.300856)]"
322,李子园大厦,,
323,浦东张江软件园,1.0,"[阿尔法泡泡体验馆（长泰店）@(121.60888,31.211436)]"
324,银洲国际商务大厦,,
325,嘉立国际广场,,
326,耀光中环国际大厦,1.0,"[未来岛公园@(121.381498,31.271404)]"
327,嘉和国际大厦,,
328,申峰大厦,,
329,仲盛金融中心,2.0,"[新虹桥中心公园@(121.41132,31.206134), 虹桥公园@(121.412054,31.212078)]"
330,灿虹精英大厦,,
331,力宝广场,5.0,"[淮海公园@(121.484041,31.22901), 广场公园(延安东路)@(121.481555,31.231468), 上海新天地太平湖公园@(121.483825,31.22573), 延中绿地@(121.480289,31.231568), 淮海公园导览图@(121.484149,31.229503)]"
332,张江春申大厦,2.0,"[张江艺术公园@(121.590647,31.209888), 张江碧波公园@(121.589522,31.211995)]"
333,北科大厦,,
334,尚浦领世,,
335,兆丰广场,1.0,"[中山公园@(121.425511,31.227831)]"
336,华盛大厦,3.0,"[静安雕塑公园@(121.47046,31.240967), 小小植物园@(121.47665,31.235935), 上海公园便民@(121.478061,31.238522)]"
337,裕景国际商务广场A座,,
338,廖创兴金融中心,4.0,"[人民公园@(121.479455,31.237919), 小小植物园@(121.47665,31.235935), 人民公园-售卖亭@(121.479269,31.238195), 上海公园便民@(121.478061,31.238522)]"
339,财富108广场,,
340,巨洋大厦,11.0,"[世纪公园@(121.558668,31.221607), 湖滨观景区@(121.557721,31.2234), 鸟岛@(121.560884,31.223477), 世纪公园镜天湖@(121.556213,31.221537), 春园@(121.555414,31.219611), 秋园@(121.557857,31.218561), AED(世纪公园)@(121.558998,31.2218), 世纪公园云帆桥@(121.55775,31.222681), 世纪公园-观景平台@(121.556101,31.223674), 世纪公园治安办公室@(121.553491,31.223085), 夏园@(121.556801,31.219803)]"
341,永丰国际广场,3.0,"[徐家汇公园@(121.448965,31.203757), 衡山公园@(121.448472,31.207018), 凯文绿地@(121.449951,31.206691)]"
342,美奂大厦,3.0,"[徐家汇公园@(121.448965,31.203757), 衡山公园@(121.448472,31.207018), 凯文绿地@(121.449951,31.206691)]"
343,东方万国企业中心,1.0,"[由度空间移动互联网数据公园@(121.622166,31.256651)]"
344,虹桥银城大厦,1.0,"[东华大学延安路校区-花园@(121.420764,31.211795)]"
345,绿洲大厦,1.0,"[中山公园@(121.425511,31.227831)]"
346,法华525创意树林,,
347,漕河泾国际商务中心,1.0,"[世纪林@(121.411083,31.165682)]"
348,凯龙金领大厦,,
349,上海金领谷科技产业园,,
350,申窑艺术中心,,
351,金陵海欣大厦,2.0,"[人民公园@(121.479455,31.237919), 人民公园-售卖亭@(121.479269,31.238195)]"
352,飞洲时代大厦,,
353,江苏路老洋房,1.0,"[中山公园@(121.425511,31.227831)]"
354,东方大厦,,
355,高登金融大厦,2.0,"[滨江大道@(121.501992,31.243005), 爬行动物展厅@(121.493688,31.237159)]"
356,上海世和商务中心,,
357,50智慧产业科技园,1.0,"[武宁公园-南区@(121.421857,31.251924)]"
358,城开国际大厦,3.0,"[光启公园@(121.441046,31.195954), 番禺绿地@(121.433155,31.20217), 乐山绿地@(121.438229,31.202094)]"
359,圣爱广场,3.0,"[徐家汇公园@(121.448965,31.203757), 光启公园@(121.441046,31.195954), Devil Park 恶魔公园@(121.445849,31.198883)]"
360,东方海外大厦,1.0,"[静安职工世纪园@(121.463841,31.230543)]"
361,凌空SOHO,,
362,禹洲金桥国际二期,,
363,信息技术大厦,,
364,白金湾广场,1.0,"[霍山公园@(121.517695,31.259125)]"
365,天安中心,4.0,"[人民公园@(121.479455,31.237919), 小小植物园@(121.47665,31.235935), 人民公园-售卖亭@(121.479269,31.238195), 上海公园便民@(121.478061,31.238522)]"
366,海富花园,1.0,"[塘桥公园@(121.535133,31.22263)]"
367,研祥科技大楼,,
368,宝纳大厦,1.0,"[食艺公园@(121.377958,31.17867)]"
369,中房长治大楼,1.0,"[北外滩滨江绿地@(121.504774,31.25332)]"
370,科海大楼,,
371,丽都大厦,1.0,"[寻丰公园@(121.495139,31.203023)]"
372,东方渔人码头,,
373,愚园108,3.0,"[静安公园@(121.453099,31.228472), 静安公园-中心湖@(121.452773,31.228176), 静安公园-石亭@(121.45421,31.22892)]"
374,凯科国际大厦,1.0,"[漕河泾开发区公园@(121.406882,31.174936)]"
375,宝虹中心,,
376,大宁国际商业广场,,
377,汇嘉大厦,2.0,"[光启公园@(121.441046,31.195954), Devil Park 恶魔公园@(121.445849,31.198883)]"
378,置汇旭辉广场,,
379,中环永新国际广场,3.0,"[洛克公园@(121.432162,31.294012), 永和公园@(121.438938,31.296573), 永和公园百姓健身步道@(121.438306,31.296653)]"
380,中冶祥腾城市广场,2.0,"[百亩公园@(121.327936,31.306028), 健康主题公园@(121.328509,31.30542)]"
381,滨江万科中心,,
382,康拜丝,,
383,华大科技园,,
384,葛洲坝大厦,1.0,"[豆香园@(121.546674,31.232883)]"
385,中骏广场,,
386,仙乐斯广场,5.0,"[静安雕塑公园@(121.47046,31.240967), 人民公园@(121.479455,31.237919), 小小植物园@(121.47665,31.235935), 人民公园-售卖亭@(121.479269,31.238195), 上海公园便民@(121.478061,31.238522)]"
387,交能大厦,,
388,新发展大厦,2.0,"[九子公园@(121.470495,31.24666), 不夜城公园@(121.467166,31.250811)]"
389,上海纺运物流商务中心,,
390,新越时美大厦,1.0,"[西康公园@(121.4564,31.236394)]"
391,安基大厦,,
392,浦江智谷商务园,,
393,香港新世界大厦,6.0,"[淮海公园@(121.484041,31.22901), 太平桥公园@(121.483481,31.225533), 广场公园(延安东路)@(121.481555,31.231468), 上海新天地太平湖公园@(121.483825,31.22573), 延中绿地@(121.480289,31.231568), 淮海公园导览图@(121.484149,31.229503)]"
394,永升大厦,,
395,华商时代广场,1.0,"[洛克公园(七宝店)@(121.346987,31.170659)]"
396,融汇958创意园,3.0,"[陆家嘴中心绿地@(121.512881,31.243693), 东方明珠公园@(121.506312,31.247338), 上海一圈青年文化主题公园@(121.512527,31.243496)]"
397,虹口绿亮科创园,1.0,"[北外滩滨江绿地@(121.504774,31.25332)]"
398,舜元企业发展大厦B栋,1.0,"[百和园@(121.434429,31.223415)]"
399,老码头创意园,,
400,新华保险大厦,1.0,"[北外滩滨江绿地@(121.504774,31.25332)]"
401,鸿运大厦,1.0,"[武宁公园-南区@(121.421857,31.251924)]"
402,联通大厦,1.0,"[中山公园@(121.425511,31.227831)]"
403,海亮大厦,4.0,"[长风海洋世界@(121.403627,31.230573), 苏州河景观步廊@(121.401822,31.223571), 长风生态商务区-2号滨河绿地@(121.40252,31.225569), 佳雯4D电影@(121.402362,31.231007)]"
404,华普科技大厦,,
405,嘉地中心,,
406,越洋广场,3.0,"[静安公园@(121.453099,31.228472), 静安公园-中心湖@(121.452773,31.228176), 静安公园-石亭@(121.45421,31.22892)]"
407,东苑丽宝广场,3.0,"[洛克公园(闵行莘庄店)@(121.384531,31.113554), 闵行区中心绿地@(121.387114,31.115127), 母亲林@(121.387083,31.115129)]"
408,华源世界广场,,
409,同达创业,,
410,春申江大厦,1.0,"[人民公园@(121.479455,31.237919)]"
411,君庭广场,,
412,国际金融家,,
413,德国中心,,
414,金光外滩中心,1.0,"[爬行动物展厅@(121.493688,31.237159)]"
415,瑞金大厦,4.0,"[绍兴公园@(121.469913,31.215625), 復兴公园@(121.473765,31.223571), 玫瑰园@(121.474606,31.223973), 社公园桃@(121.465765,31.219393)]"
416,大宁中心广场,,
417,恒积大厦,2.0,"[淮海公园@(121.484041,31.22901), 淮海公园导览图@(121.484149,31.229503)]"
418,胜康廖氏大厦,,
419,卢湾建设发展大楼,5.0,"[淮海公园@(121.484041,31.22901), 太平桥公园@(121.483481,31.225533), 上海新天地太平湖公园@(121.483825,31.22573), 太平桥公园停车场-入口@(121.483144,31.224759), 淮海公园导览图@(121.484149,31.229503)]"
420,张江集电港,,
421,永惠大厦写字楼,,
422,盛源恒华大厦,1.0,"[光启公园@(121.441046,31.195954)]"
423,创邑socool创意园,,
424,世贸商城,3.0,"[新虹桥中心公园@(121.41132,31.206134), 虹桥公园@(121.412054,31.212078), 绿映虹桥@(121.412386,31.204624)]"
425,都市总部大楼,2.0,"[人民公园@(121.479455,31.237919), 人民公园-售卖亭@(121.479269,31.238195)]"
426,751国际创意工场,5.0,"[淮海公园@(121.484041,31.22901), 太平桥公园@(121.483481,31.225533), 上海新天地太平湖公园@(121.483825,31.22573), 太平桥公园停车场-入口@(121.483144,31.224759), 淮海公园导览图@(121.484149,31.229503)]"
427,互联宝地,5.0,"[仲益黄兴体育公园@(121.533848,31.30274), 黄兴公园-扇形大草坪@(121.537844,31.300581), 市民乐园@(121.53921,31.301121), 雪松林@(121.53796,31.30251), 新华林@(121.536541,31.300856)]"
428,铜仁88,1.0,"[静安职工世纪园@(121.463841,31.230543)]"
429,万业新阶,,
430,歆翱商务楼,,
431,东方维京大厦,,
432,蕾特商务中心,,
433,国正中心,,
434,五角丰达二期,,
435,上海商城,2.0,"[西康公园@(121.4564,31.236394), 静安公园-石亭@(121.45421,31.22892)]"
436,华生大厦,2.0,"[长寿公园@(121.445865,31.249779), 24小时健身动物园@(121.44396,31.249495)]"
437,源达大厦,,
438,七宝宝龙城,,
439,静安高和大厦,3.0,"[静安公园@(121.453099,31.228472), 静安公园-中心湖@(121.452773,31.228176), 静安公园-石亭@(121.45421,31.22892)]"
440,天汇广场,1.0,"[真如公园@(121.405684,31.259448)]"
441,BHC中环中心,,
442,中通大厦,6.0,"[黄兴公园@(121.536508,31.299324), 仲益黄兴体育公园@(121.533848,31.30274), 黄兴公园-扇形大草坪@(121.537844,31.300581), 市民乐园@(121.53921,31.301121), 雪松林@(121.53796,31.30251), 新华林@(121.536541,31.300856)]"
443,长宁来福士广场,,
444,光宝科技大厦,1.0,"[食艺公园@(121.377958,31.17867)]"
445,大宁财智中心,,
446,晶采世纪大厦,4.0,"[延中公园(金陵西路)@(121.470801,31.229391), 延安公园@(121.472975,31.231058), 延中广场公园春之园@(121.471515,31.2294), 静安职工世纪园@(121.463841,31.230543)]"
447,徐家汇独栋花园办公楼,3.0,"[光启公园@(121.441046,31.195954), 乐山绿地@(121.438229,31.202094), Devil Park 恶魔公园@(121.445849,31.198883)]"
448,裕景国际大厦,,
449,海上硕和城SOHO商务中心,,
450,博济F-1088(放鹤路),,
451,中建大厦,,
452,嘉宁国际大厦,,
453,汤臣中心,,
454,尚品SOHO,,
455,财富国际广场,,
456,界龙总部园,2.0,"[泾南公园@(121.560038,31.242027), 洛克公园（杨高中路店）@(121.560522,31.23747)]"
457,绿地创客,5.0,"[四川北路公园@(121.491364,31.26057), 爱思儿童公园@(121.492053,31.263243), 海伦公园@(121.493184,31.263119), iPark爱车公园@(121.492672,31.261325), 公园1468@(121.490636,31.259579)]"
458,青松城,3.0,"[徐家汇公园@(121.448965,31.203757), 衡山公园@(121.448472,31.207018), 凯文绿地@(121.449951,31.206691)]"
459,瑞安广场,8.0,"[淮海公园@(121.484041,31.22901), 太平桥公园@(121.483481,31.225533), 广场公园(延安东路)@(121.481555,31.231468), 上海新天地太平湖公园@(121.483825,31.22573), 延中绿地@(121.480289,31.231568), 太平桥公园停车场-入口@(121.483144,31.224759), 復典公园@(121.476048,31.224763), 淮海公园导览图@(121.484149,31.229503)]"
460,创智良仓,,
461,上海国际商厦,5.0,"[四川北路公园@(121.491364,31.26057), 爱思儿童公园@(121.492053,31.263243), 海伦公园@(121.493184,31.263119), iPark爱车公园@(121.492672,31.261325), 公园1468@(121.490636,31.259579)]"
462,绿地公园广场,,
463,上海意大利中心,,
464,强劲大厦,1.0,"[圣淘沙公园@(121.378551,31.13871)]"
465,海益商务大厦,,
466,虹桥临空工贸小区,,
467,森本大厦,1.0,"[五星足球公园@(121.446921,31.18883)]"
468,上海万都中心大厦,2.0,"[新虹桥中心公园@(121.41132,31.206134), 虹桥公园@(121.412054,31.212078)]"
469,银石科技园,2.0,"[漕溪公园@(121.442401,31.178426), 徐汇公园@(121.440849,31.177069)]"
470,智慧广场,1.0,"[康余绿地@(121.437447,31.236049)]"
471,企业天地,7.0,"[淮海公园@(121.484041,31.22901), 太平桥公园@(121.483481,31.225533), 广场公园(延安东路)@(121.481555,31.231468), 上海新天地太平湖公园@(121.483825,31.22573), 延中绿地@(121.480289,31.231568), 太平桥公园停车场-入口@(121.483144,31.224759), 淮海公园导览图@(121.484149,31.229503)]"
472,洲际中心,,
473,张江创新园,1.0,"[张江艺术公园@(121.590647,31.209888)]"
474,外滩588,2.0,"[古城公园@(121.500454,31.234126), 古城公园百姓健身步道@(121.50177,31.233912)]"
475,北美广场,1.0,"[大连路绿地@(121.52106,31.263825)]"
476,静安中华大厦,3.0,"[静安公园@(121.453099,31.228472), 静安公园-中心湖@(121.452773,31.228176), 静安公园-石亭@(121.45421,31.22892)]"
477,越界智慧谷,1.0,"[世博林绿地@(121.483138,31.202435)]"
478,锦绣申江,,
479,来福士广场,3.0,"[人民公园@(121.479455,31.237919), 人民公园-售卖亭@(121.479269,31.238195), 上海公园便民@(121.478061,31.238522)]"
480,加减乘除创意园,,
481,陆家嘴软件园,3.0,"[陆家嘴中心绿地@(121.512881,31.243693), 东方明珠公园@(121.506312,31.247338), 上海一圈青年文化主题公园@(121.512527,31.243496)]"
482,金融广场,1.0,"[爬行动物展厅@(121.493688,31.237159)]"
483,虹桥国际商务广场,,
484,MINI公馆,1.0,"[朝阳小憩@(121.400484,31.262375)]"
485,建工大厦,1.0,"[北外滩滨江绿地@(121.504774,31.25332)]"
486,浦发广场写字楼,1.0,"[苏州河梦清园环保主题公园@(121.44683,31.257067)]"
487,中海国际中心,6.0,"[人民公园@(121.479455,31.237919), 广场公园(延安东路)@(121.481555,31.231468), 延中绿地@(121.480289,31.231568), 小小植物园@(121.47665,31.235935), 人民公园-售卖亭@(121.479269,31.238195), 上海公园便民@(121.478061,31.238522)]"
488,金鹰大厦,6.0,"[巧克力梦公园@(121.551451,31.228262), 湖滨观景区@(121.557721,31.2234), 鸟岛@(121.560884,31.223477), 世纪公园云帆桥@(121.55775,31.222681), 世纪公园-观景平台@(121.556101,31.223674), 世纪公园治安办公室@(121.553491,31.223085)]"
489,稻盛科研楼,,
490,中关村科技大厦,,
491,上海招商局广场,6.0,"[延中公园(金陵西路)@(121.470801,31.229391), 延安公园@(121.472975,31.231058), 延中广场公园春之园@(121.471515,31.2294), 小小植物园@(121.47665,31.235935), 广场公园黄浦段@(121.474468,31.230648), 乐草园@(121.473421,31.229453)]"
492,仕方广场,,
493,良友大厦,,
494,四方科创园,,
495,锦科文化产业园,,
496,一加投资创意园,,
497,X2创意空间,1.0,"[日晖绿地@(121.466393,31.203129)]"
498,上海节能环保科技企业孵化基地,,
499,五角场800号艺术区,3.0,"[黄兴公园@(121.536508,31.299324), 仲益黄兴体育公园@(121.533848,31.30274), 新华林@(121.536541,31.300856)]"
500,宝华大厦,2.0,"[长寿公园@(121.445865,31.249779), 24小时健身动物园@(121.44396,31.249495)]"
501,中天新世纪,1.0,"[不夜城公园@(121.467166,31.250811)]"
502,中星城,2.0,"[中城绿地公园@(121.438105,31.16229), CBD中央公园@(121.438347,31.163646)]"
503,芳华德必运动LOFT,11.0,"[世纪公园@(121.558668,31.221607), 湖滨观景区@(121.557721,31.2234), 鸟岛@(121.560884,31.223477), 世纪公园镜天湖@(121.556213,31.221537), 春园@(121.555414,31.219611), 秋园@(121.557857,31.218561), AED(世纪公园)@(121.558998,31.2218), 世纪公园云帆桥@(121.55775,31.222681), 世纪公园-观景平台@(121.556101,31.223674), 世纪公园治安办公室@(121.553491,31.223085), 夏园@(121.556801,31.219803)]"
504,长泰企业天地,,
505,金桥数研基地,,
506,虹桥富力中心,,
507,永融企业中心,2.0,"[爱思儿童公园@(121.492053,31.263243), 海伦公园@(121.493184,31.263119)]"
508,宝矿国际大厦,1.0,"[昆山公园@(121.493252,31.254697)]"
509,冠捷科技大楼,1.0,"[华漕公园@(121.339532,31.226002)]"
510,联合大厦,2.0,"[武宁公园-南区@(121.421857,31.251924), 精彩纷星游乐公园@(121.430096,31.243714)]"
511,华鑫中心,,
512,永华大厦,,
513,上海现代交通商务大厦,2.0,"[不夜城公园@(121.467166,31.250811), 蝴蝶湾花园-二期@(121.463793,31.243777)]"
514,海通证券大厦,,
515,世博宝钢大厦,,
516,联峰汇,1.0,"[乐山绿地@(121.438229,31.202094)]"
517,企业广场,1.0,"[不夜城公园@(121.467166,31.250811)]"
518,紫竹国际大厦,2.0,"[芬兰圣诞公园@(121.569749,31.218717), PUMA  SPORTS PARK@(121.567119,31.222543)]"
519,上海华电大厦,,
520,宁谷商务大厦,1.0,"[古美科普公园@(121.412051,31.147391)]"
521,武康庭,1.0,"[华山儿童公园@(121.441553,31.210967)]"
522,蓝天大厦,1.0,"[玲珑会所@(121.521016,31.299545)]"
523,凯德龙之梦,3.0,"[洛克公园(闵行莘庄店)@(121.384531,31.113554), 闵行区中心绿地@(121.387114,31.115127), 母亲林@(121.387083,31.115129)]"
524,中建时代广场,,
525,虹桥国际商务花园,,
526,尼克大楼,,
527,由由世纪广场,,
528,金天地国际大厦,2.0,"[淮海公园@(121.484041,31.22901), 淮海公园导览图@(121.484149,31.229503)]"
529,华虹国际大厦,2.0,"[昆山公园@(121.493252,31.254697), 海宁绿地@(121.49184,31.256219)]"
530,企业总部园区,1.0,"[五星足球公园@(121.446921,31.18883)]"
531,尚凯商务大厦,2.0,"[江浦公园@(121.530635,31.271843), 明园苑@(121.526857,31.268611)]"
532,虹桥正荣中心,,
533,燎申国际大厦,,
534,静安创展中心,1.0,"[长寿公园@(121.445865,31.249779)]"
535,绿地能源大厦,,
536,徐汇苑大厦,1.0,"[五星足球公园@(121.446921,31.18883)]"
537,同乐坊,,
538,虹桥世家花园写字楼,,
539,裕景国际商务广场B座,,
540,鑫桥创意园,,
541,东方国际科技大厦,,
542,建工大唐国际大厦,11.0,"[世纪公园@(121.558668,31.221607), 湖滨观景区@(121.557721,31.2234), 鸟岛@(121.560884,31.223477), 世纪公园镜天湖@(121.556213,31.221537), 春园@(121.555414,31.219611), 秋园@(121.557857,31.218561), AED(世纪公园)@(121.558998,31.2218), 世纪公园云帆桥@(121.55775,31.222681), 世纪公园-观景平台@(121.556101,31.223674), 世纪公园治安办公室@(121.553491,31.223085), 夏园@(121.556801,31.219803)]"
543,白玉兰环保广场,5.0,"[延春公园@(121.542239,31.294323), 黄兴公园-扇形大草坪@(121.537844,31.300581), 黄兴公园KTV@(121.544453,31.302124), 市民乐园@(121.53921,31.301121), 雪松林@(121.53796,31.30251)]"
544,高宝新时代广场,5.0,"[四川北路公园@(121.491364,31.26057), 爱思儿童公园@(121.492053,31.263243), 海伦公园@(121.493184,31.263119), iPark爱车公园@(121.492672,31.261325), 公园1468@(121.490636,31.259579)]"
545,台尚创意园,,
546,斯格威国际,2.0,"[绍兴公园@(121.469913,31.215625), 上海天诚大酒店-杜鹃厅@(121.477902,31.211075)]"
547,科恩国际中心,1.0,"[静安职工世纪园@(121.463841,31.230543)]"
548,中航天盛广场,,
549,德必梅园WE,,
550,广顺商务中心,,
551,莱茵·虹桥中心,,
552,富丽大厦,3.0,"[苏州河梦清园环保主题公园@(121.44683,31.257067), 长寿公园@(121.445865,31.249779), 24小时健身动物园@(121.44396,31.249495)]"
553,花园大厦,1.0,"[中山公园@(121.425511,31.227831)]"
554,新梅联合广场,,
555,嘉麒大厦,,
556,中环协信天地,,
557,虹桥国际科技广场,,
558,中港汇大厦,,
559,华纳商务中心,,
560,世纪巴士大厦,9.0,"[广场公园(延安东路)@(121.481555,31.231468), 延中绿地@(121.480289,31.231568), 延安公园@(121.472975,31.231058), 太平桥公园停车场-入口@(121.483144,31.224759), 延中公园-南区@(121.473494,31.228563), 復典公园@(121.476048,31.224763), 广场公园黄浦段@(121.474468,31.230648), 玫瑰园@(121.474606,31.223973), 乐草园@(121.473421,31.229453)]"
561,绿地新江湾大厦,,
562,SOHO复兴广场,6.0,"[太平桥公园@(121.483481,31.225533), 复兴公园-大草坪@(121.476173,31.22279), 太平桥公园停车场-入口@(121.483144,31.224759), 復典公园@(121.476048,31.224763), 复兴公园-中国园@(121.475637,31.222403), 复兴公园-沉床花坛@(121.475872,31.223416)]"
563,天华信息科技服务园,,
564,泰德科技园,,
565,骏利财富大厦,,
566,杨浦商城,1.0,"[江浦控江人口文化广场@(121.519309,31.278917)]"
567,华宜大厦,,
568,丰树商业城,,
569,恒利国际大厦,6.0,"[延中公园(金陵西路)@(121.470801,31.229391), 延安公园@(121.472975,31.231058), 延中广场公园春之园@(121.471515,31.2294), 小小植物园@(121.47665,31.235935), 广场公园黄浦段@(121.474468,31.230648), 乐草园@(121.473421,31.229453)]"
570,华融大厦,1.0,"[潍坊路小游园@(121.528934,31.230207)]"
571,新汇园,,
572,绿地海外滩中心B幢,2.0,"[南园滨江绿地@(121.482045,31.198373), 世博林绿地@(121.483138,31.202435)]"
573,新华文化科技园,,
574,晶耀前滩,,
575,铭德国际广场,1.0,"[交通公园@(121.47421,31.25365)]"
576,中环企业广场,,
577,工商联大厦,2.0,"[古城公园@(121.500454,31.234126), 爬行动物展厅@(121.493688,31.237159)]"
578,东方蓝海国际广场,,
579,创研智造,,
580,碧云公馆,,
581,IF如果文化创意产业园,2.0,"[长寿公园@(121.445865,31.249779), 24小时健身动物园@(121.44396,31.249495)]"
582,齐成晟园,1.0,"[大华行知公园@(121.416755,31.283866)]"
583,中铁北城时代,,
584,震旦国际大楼,3.0,"[滨江公园@(121.504326,31.241141), 滨江大道@(121.501992,31.243005), 由隆花园@(121.507964,31.237644)]"
585,盛创企业家园,,
586,江南造船大厦,1.0,"[世博林绿地@(121.483138,31.202435)]"
587,嘉汇国际广场,1.0,"[Devil Park 恶魔公园@(121.445849,31.198883)]"
588,新纪元国际广场,,
589,富海商务苑,,
590,海洋石油大厦,,
591,开伦智汇园（普陀）,3.0,"[曹杨公园@(121.415344,31.245903), 兰溪青年公园@(121.411305,31.246765), 源园@(121.413482,31.244585)]"
592,元茂金豪大厦,2.0,"[长寿公园@(121.445865,31.249779), 24小时健身动物园@(121.44396,31.249495)]"
593,奇亚特能源中心,,
594,波特营,1.0,"[梅园公园@(121.533084,31.242315)]"
595,远东国际广场,1.0,"[虹桥公园@(121.412054,31.212078)]"
596,宏南投资大厦,,
597,绿洲中环中心1号楼,,
598,凯德龙之梦闵行广场,3.0,"[洛克公园(闵行莘庄店)@(121.384531,31.113554), 闵行区中心绿地@(121.387114,31.115127), 母亲林@(121.387083,31.115129)]"
599,宝隆一方大厦,,
600,中融碧玉蓝天,2.0,"[陆家嘴中心绿地@(121.512881,31.243693), 上海一圈青年文化主题公园@(121.512527,31.243496)]"
601,虹欣大厦,,
602,爱家国际大厦,1.0,"[海伦公园@(121.493184,31.263119)]"
603,一天下大厦,2.0,"[不夜城公园@(121.467166,31.250811), 蝴蝶湾花园-二期@(121.463793,31.243777)]"
604,上海阿波罗大厦,3.0,"[静安公园@(121.453099,31.228472), 静安公园-中心湖@(121.452773,31.228176), 静安公园-石亭@(121.45421,31.22892)]"
605,飞洲国际广场,1.0,"[五星足球公园@(121.446921,31.18883)]"
606,华隆大厦,,
607,荣科大厦,1.0,"[世博林绿地@(121.483138,31.202435)]"
608,中融信托大厦,,
609,歆翱智慧谷,,
610,海兴大厦,2.0,"[绍兴公园@(121.469913,31.215625), 上海天诚大酒店-杜鹃厅@(121.477902,31.211075)]"
611,荣欣大厦,2.0,"[爱思儿童公园@(121.492053,31.263243), 海伦公园@(121.493184,31.263119)]"
612,旺角广场,1.0,"[爬行动物展厅@(121.493688,31.237159)]"
613,H88越虹广场,,
614,绿亮虹梅南路科创园,,
615,东方汇经OFC,3.0,"[滨江公园@(121.504326,31.241141), 上海一圈青年文化主题公园@(121.512527,31.243496), 由隆花园@(121.507964,31.237644)]"
616,智慧七立方,,
617,中科招商.国际财富中心,1.0,"[北外滩滨江绿地@(121.504774,31.25332)]"
618,8号桥二期,1.0,"[丽园公园@(121.485346,31.213176)]"
619,中新传媒大厦,,
620,兆丰环球大厦,,
621,创邑金沙谷,,
622,上海总部湾,,
623,腾飞浦汇大厦,1.0,"[爬行动物展厅@(121.493688,31.237159)]"
624,申华金融大厦,2.0,"[黄浦公园@(121.497522,31.24749), 黄浦公园停车场(出入口)@(121.497087,31.247653)]"
625,双鸽大厦,,
626,滨江国际广场,,
627,中兴上海智慧园,,
628,华敏翰尊国际商务大厦,,
629,致远大厦,1.0,"[上海天诚大酒店-杜鹃厅@(121.477902,31.211075)]"
630,恒越大厦,,
631,港务大厦,2.0,"[滨江大道@(121.501992,31.243005), 东方明珠公园@(121.506312,31.247338)]"
632,港陆黄浦中心,2.0,"[人民公园-售卖亭@(121.479269,31.238195), 上海公园便民@(121.478061,31.238522)]"
633,寰启商务园,,
634,海盈商务中心,3.0,"[新虹桥中心公园@(121.41132,31.206134), 虹桥公园@(121.412054,31.212078), 绿映虹桥@(121.412386,31.204624)]"
635,颐正大厦,1.0,"[岚灵园@(121.428757,31.273048)]"
636,金桥大厦,2.0,"[新虹桥中心公园@(121.41132,31.206134), 虹桥公园@(121.412054,31.212078)]"
637,同济联合广场C座,,
638,鲁能国际大厦,2.0,"[徐家汇公园@(121.448965,31.203757), 凯文绿地@(121.449951,31.206691)]"
639,汇鑫国际大厦,1.0,"[光启公园@(121.441046,31.195954)]"
640,万科活力城,,
641,上海国际设计中心,3.0,"[四平科技公园@(121.512791,31.293276), 四平科技公园广场-庭院@(121.510413,31.294517), 四平科技公园-亲水平台@(121.510443,31.294118)]"
642,名人商业大厦,,
643,东海商业中心二期,,
644,长春藤运通大厦,1.0,"[静安雕塑公园@(121.47046,31.240967)]"
645,众原企业天地,7.0,"[淮海公园@(121.484041,31.22901), 太平桥公园@(121.483481,31.225533), 广场公园(延安东路)@(121.481555,31.231468), 上海新天地太平湖公园@(121.483825,31.22573), 延中绿地@(121.480289,31.231568), 太平桥公园停车场-入口@(121.483144,31.224759), 淮海公园导览图@(121.484149,31.229503)]"
646,众原国际中心,3.0,"[静安公园@(121.453099,31.228472), 静安公园-中心湖@(121.452773,31.228176), 静安公园-石亭@(121.45421,31.22892)]"
647,合生财富大厦,1.0,"[北外滩滨江绿地@(121.504774,31.25332)]"
648,东银中心,1.0,"[延虹绿地@(121.40369,31.206092)]"
649,金沙商务广场,,
650,宝矿洲际商务中心,,
651,国家开发银行大厦,2.0,"[陆家嘴中心绿地@(121.512881,31.243693), 上海一圈青年文化主题公园@(121.512527,31.243496)]"
652,首信银都国际广场,,
653,百乐门商务楼,,
654,莘东置业大厦,,
655,133世界广场,,
656,1930鑫鑫创意园,1.0,"[海伦公园@(121.493184,31.263119)]"
657,北外滩金光中心,1.0,"[北外滩滨江绿地@(121.504774,31.25332)]"
658,梅龙镇广场,1.0,"[静安职工世纪园@(121.463841,31.230543)]"
659,绿洲中环中心3号楼,,
660,敦奴大厦,,
661,恒隆广场,2.0,"[西康公园@(121.4564,31.236394), 静安职工世纪园@(121.463841,31.230543)]"
662,云海苑,2.0,"[延安公园@(121.472975,31.231058), 广场公园黄浦段@(121.474468,31.230648)]"
663,东方海港国际大厦,1.0,"[霍山公园@(121.517695,31.259125)]"
664,田林园,1.0,"[漕河泾开发区公园@(121.406882,31.174936)]"
665,漕河泾现代服务业园区,1.0,"[洛克公园@(121.401867,31.166217)]"
666,鑫达商务楼,,
667,上海桂林聚科都市科技园,,
668,尚光徐汇中心,3.0,"[光启公园@(121.441046,31.195954), 乐山绿地@(121.438229,31.202094), Devil Park 恶魔公园@(121.445849,31.198883)]"
669,一佰杉杉大厦,,
670,浦项商务广场,,
671,隆宇大厦,,
672,世宏金源中心,,
673,尚品都汇,,
674,曲阳商务中心,,
675,虹桥机场商务楼,,
676,城市概念创意园区,3.0,"[杨浦公园猴山@(121.54343,31.285314), 杨浦公园-月季园@(121.542156,31.285584), 杨浦公园-牡丹园@(121.541191,31.285456)]"
677,现代通信大厦,,
678,创智空间,1.0,"[阿尔法泡泡体验馆（长泰店）@(121.60888,31.211436)]"
679,金汇德必易园,2.0,"[中城绿地公园@(121.438105,31.16229), CBD中央公园@(121.438347,31.163646)]"
680,莘庄产学研基地,4.0,"[莘庄公园@(121.379937,31.108067), 洛克公园(闵行莘庄店)@(121.384531,31.113554), 闵行区中心绿地@(121.387114,31.115127), 母亲林@(121.387083,31.115129)]"
681,汇融大厦,,
682,世界贸易大厦,,
683,城建大厦,2.0,"[上南公园@(121.505115,31.172864), 蔓趣公园@(121.50704,31.180047)]"
684,虹桥上海城,1.0,"[虹桥公园@(121.412054,31.212078)]"
685,亚都商务楼,2.0,"[光启公园@(121.441046,31.195954), Devil Park 恶魔公园@(121.445849,31.198883)]"
686,丁香国际大厦,1.0,"[巧克力梦公园@(121.551451,31.228262)]"
687,振华企业广场,,
688,WE国际文化创意中心（静安）,3.0,"[静安公园@(121.453099,31.228472), 静安公园-中心湖@(121.452773,31.228176), 静安公园-石亭@(121.45421,31.22892)]"
689,中国民生银行大厦,8.0,"[人民公园@(121.479455,31.237919), 广场公园(延安东路)@(121.481555,31.231468), 延中绿地@(121.480289,31.231568), 延安公园@(121.472975,31.231058), 小小植物园@(121.47665,31.235935), 广场公园黄浦段@(121.474468,31.230648), 人民公园-售卖亭@(121.479269,31.238195), 上海公园便民@(121.478061,31.238522)]"
690,上海滩国际大厦,2.0,"[黄浦公园@(121.497522,31.24749), 黄浦公园停车场(出入口)@(121.497087,31.247653)]"
691,天杉•易园,2.0,"[万象物流中山公园站@(121.431844,31.221234), 陶然亭@(121.427788,31.216153)]"
692,浦江国际金融广场,1.0,"[霍山公园@(121.517695,31.259125)]"
693,星辰大厦,1.0,"[绿舟苑@(121.226673,31.022199)]"
694,之俊大厦主楼,1.0,"[日晖绿地@(121.466393,31.203129)]"
695,百乐门大都会,3.0,"[静安公园@(121.453099,31.228472), 静安公园-中心湖@(121.452773,31.228176), 静安公园-石亭@(121.45421,31.22892)]"
696,绿地风尚天地广场,,
697,漕河泾易园,2.0,"[万象物流中山公园站@(121.431844,31.221234), 陶然亭@(121.427788,31.216153)]"
698,联创国际,,
699,新理想大厦,,
700,大宁音乐广场,,
701,金穗大厦,2.0,"[陆家嘴中心绿地@(121.512881,31.243693), 上海一圈青年文化主题公园@(121.512527,31.243496)]"
702,证大五道口大厦,11.0,"[世纪公园@(121.558668,31.221607), 湖滨观景区@(121.557721,31.2234), 鸟岛@(121.560884,31.223477), 世纪公园镜天湖@(121.556213,31.221537), 春园@(121.555414,31.219611), 秋园@(121.557857,31.218561), AED(世纪公园)@(121.558998,31.2218), 世纪公园云帆桥@(121.55775,31.222681), 世纪公园-观景平台@(121.556101,31.223674), 世纪公园治安办公室@(121.553491,31.223085), 夏园@(121.556801,31.219803)]"
703,e通世界,,
704,众城大厦,2.0,"[慈爱园@(121.537342,31.236337), 潍坊路小游园@(121.528934,31.230207)]"
705,浦发大厦,,
706,友力国际大厦,1.0,"[长寿公园@(121.445865,31.249779)]"
707,大虹桥国际中心,,
708,徐汇创意园,,
709,国阳大厦,,
710,普罗娜商务广场,,
711,天山大厦,,
712,漕河泾浦江科技广场,,
713,圣御大厦,,
714,长阳谷,,
715,嘉亭大厦,,
716,虹桥总部1号,,
717,上海晶碧产业园,,
718,凯利大厦,2.0,"[番禺绿地@(121.433155,31.20217), 乐山绿地@(121.438229,31.202094)]"
719,共和国际商务广场,1.0,"[彭浦公园@(121.453802,31.310901)]"
720,时代金融中心,2.0,"[陆家嘴中心绿地@(121.512881,31.243693), 上海一圈青年文化主题公园@(121.512527,31.243496)]"
721,红星国际广场,1.0,"[新淞园@(121.514816,31.085508)]"
722,浦江知地,,
723,国际航运金融大厦,1.0,"[梅园公园@(121.533084,31.242315)]"
724,同济联合广场,,
725,凯德星贸中心,,
726,虹桥汇,,
727,万千大厦,1.0,"[普陀公园@(121.433948,31.250935)]"
728,恒汇国际大厦,,
729,平高世贸中心,2.0,"[醉白池公园@(121.237509,31.007742), 菜花泾绿地@(121.243723,31.016329)]"
730,光启文化广场,1.0,"[五星足球公园@(121.446921,31.18883)]"
731,思创大厦,1.0,"[苏州河景观步廊@(121.401822,31.223571)]"
732,城投控股大厦,2.0,"[昆山公园@(121.493252,31.254697), 海宁绿地@(121.49184,31.256219)]"
733,物资大厦,,
734,申虹国际大厦,,
735,海棠大厦,,
736,科技产业化大楼,1.0,"[漕河泾开发区公园@(121.406882,31.174936)]"
737,立明大厦,,
738,华滋奔腾大厦,,
739,中达广场,,
740,红坊,1.0,"[番禺绿地@(121.433155,31.20217)]"
741,静安新时代大厦,,
742,环线广场,,
743,凯德龙之梦虹口广场,1.0,"[鲁迅公园@(121.489979,31.277455)]"
744,嘉利大厦,1.0,"[华山绿地@(121.438864,31.212794)]"
745,徐汇易园,2.0,"[万象物流中山公园站@(121.431844,31.221234), 陶然亭@(121.427788,31.216153)]"
746,东方尚博创意园,,
747,金延大楼,2.0,"[黄浦公园@(121.497522,31.24749), 黄浦公园停车场(出入口)@(121.497087,31.247653)]"
748,东吴证券大厦,1.0,"[蓬莱公园(南车站路)@(121.49806,31.211812)]"
749,德安大厦,,
750,家化金融大厦,3.0,"[黄浦公园@(121.497522,31.24749), 昆山公园@(121.493252,31.254697), 黄浦公园停车场(出入口)@(121.497087,31.247653)]"
751,东方众鑫大厦,1.0,"[静安雕塑公园@(121.47046,31.240967)]"
752,凯旋门大厦,2.0,"[九子公园@(121.470495,31.24666), 交通公园@(121.47421,31.25365)]"
753,康建商务广场,,
754,月月光伯爵天地,2.0,"[陈家山荷花公园@(121.253359,31.404473), 盘陀子公园@(121.255135,31.399417)]"
755,尚街LOFT,3.0,"[徐家汇公园@(121.448965,31.203757), 衡山公园@(121.448472,31.207018), 凯文绿地@(121.449951,31.206691)]"
756,旭辉世纪广场,,
757,汇峰大厦,1.0,"[光启公园@(121.441046,31.195954)]"
758,环球世界大厦,3.0,"[静安公园@(121.453099,31.228472), 静安公园-中心湖@(121.452773,31.228176), 静安公园-石亭@(121.45421,31.22892)]"
759,梓坤科技园,2.0,"[顾村公园停车场-出入口@(121.388975,31.352218), 顾村公园管理科@(121.38784,31.351974)]"
760,圣骊虹桥创意园,,
761,中国华电,3.0,"[陆家嘴中心绿地@(121.512881,31.243693), 东方明珠公园@(121.506312,31.247338), 上海一圈青年文化主题公园@(121.512527,31.243496)]"
762,明凯大厦,,
763,虹桥新地中心,,
764,大宁易园,,
765,智慧树创意园,,
766,X2创意园区2期,3.0,"[光启公园@(121.441046,31.195954), 乐山绿地@(121.438229,31.202094), Devil Park 恶魔公园@(121.445849,31.198883)]"
767,永谊大厦,1.0,"[智力公园@(121.44028,31.346682)]"
768,环球金融中心,2.0,"[陆家嘴中心绿地@(121.512881,31.243693), 上海一圈青年文化主题公园@(121.512527,31.243496)]"
769,东方金融园,,
770,中华1912创意产业园,2.0,"[长寿公园@(121.445865,31.249779), 24小时健身动物园@(121.44396,31.249495)]"
771,华强科技大厦,1.0,"[张江碧波公园@(121.589522,31.211995)]"
772,方舟大厦,,
773,桂果园,1.0,"[漕河泾开发区公园@(121.406882,31.174936)]"
774,淮海国际广场,2.0,"[襄阳公园@(121.463193,31.223319), 社公园桃@(121.465765,31.219393)]"
775,大众金融大厦,2.0,"[百和园@(121.434429,31.223415), 万象物流中山公园站@(121.431844,31.221234)]"
776,捷运大厦,,
777,苏宁天御国际广场,,
778,东方国际大厦,1.0,"[虹桥公园@(121.412054,31.212078)]"
779,兰村大厦,,
780,康吉大厦,,
781,广东发展银行大厦,1.0,"[上海天诚大酒店-杜鹃厅@(121.477902,31.211075)]"
782,万科VMO,,
783,东方金融广场,,
784,平高大厦,1.0,"[龙兴港绿地@(121.235732,31.020046)]"
785,金环商务花园,,
786,郡江国际大厦,1.0,"[平凉公园@(121.549105,31.272878)]"
787,陆家嘴商务广场,,
788,同叶大厦,1.0,"[松鹤公园@(121.520955,31.285996)]"
789,恒耀广场,,
790,上海湾鄂尔多斯大厦,,
791,紫竹科学园区,,
792,嘉南红塔商务广场,,
793,上海新天地时尚广场,8.0,"[淮海公园@(121.484041,31.22901), 太平桥公园@(121.483481,31.225533), 上海新天地太平湖公园@(121.483825,31.22573), 复兴公园-大草坪@(121.476173,31.22279), 太平桥公园停车场-入口@(121.483144,31.224759), 復典公园@(121.476048,31.224763), 淮海公园导览图@(121.484149,31.229503), 复兴公园-沉床花坛@(121.475872,31.223416)]"
794,锦江向阳大楼,1.0,"[静安职工世纪园@(121.463841,31.230543)]"
795,外高桥酒类展示交易中心,,
796,海森国际大厦,1.0,"[康余绿地@(121.437447,31.236049)]"
797,中国船舶大厦,2.0,"[陆家嘴中心绿地@(121.512881,31.243693), 上海一圈青年文化主题公园@(121.512527,31.243496)]"
798,同和国际大厦,,
799,医谷・现代商务园,,
800,南洋1931,1.0,"[Devil Park 恶魔公园@(121.445849,31.198883)]"
801,申大厦,1.0,"[爬行动物展厅@(121.493688,31.237159)]"
802,灿虹大厦,,
803,珠江创意中心,,
804,慧创国际C-2区,,
805,数娱大厦,3.0,"[光启公园@(121.441046,31.195954), 乐山绿地@(121.438229,31.202094), Devil Park 恶魔公园@(121.445849,31.198883)]"
806,海兴广场,1.0,"[上海天诚大酒店-杜鹃厅@(121.477902,31.211075)]"
807,尚街会馆,1.0,"[百和园@(121.434429,31.223415)]"
808,瑞丰国际大厦,1.0,"[霍山公园@(121.517695,31.259125)]"
809,丽晶阳光大厦,2.0,"[康余绿地@(121.437447,31.236049), 精彩纷星游乐公园@(121.430096,31.243714)]"
810,双高世贸广场,1.0,"[绿舟苑@(121.226673,31.022199)]"
811,凯瑞大厦,,
812,尚大国际,,
813,中环滨江大厦,,
814,港汇中心二座,3.0,"[光启公园@(121.441046,31.195954), 乐山绿地@(121.438229,31.202094), Devil Park 恶魔公园@(121.445849,31.198883)]"
815,富荟商业广场（写字楼）,11.0,"[世纪公园@(121.558668,31.221607), 湖滨观景区@(121.557721,31.2234), 鸟岛@(121.560884,31.223477), 世纪公园镜天湖@(121.556213,31.221537), 春园@(121.555414,31.219611), 秋园@(121.557857,31.218561), AED(世纪公园)@(121.558998,31.2218), 世纪公园云帆桥@(121.55775,31.222681), 世纪公园-观景平台@(121.556101,31.223674), 世纪公园治安办公室@(121.553491,31.223085), 夏园@(121.556801,31.219803)]"
816,飞雕国际大厦,2.0,"[徐家汇公园@(121.448965,31.203757), Devil Park 恶魔公园@(121.445849,31.198883)]"
817,达邦协作广场,1.0,"[不夜城公园@(121.467166,31.250811)]"
818,申通信息广场,2.0,"[华山儿童公园@(121.441553,31.210967), 健康主题公园@(121.439833,31.212071)]"
819,陆家嘴基金大厦,,
820,日月光伯爵天地,,
821,绿亮虹口科创园,1.0,"[鲁迅公园@(121.489979,31.277455)]"
822,飞乐企业大厦,1.0,"[岭南公园@(121.46294,31.320825)]"
823,禹洲金桥国际一期,1.0,"[由度空间移动互联网数据公园@(121.622166,31.256651)]"
824,淮云大厦,2.0,"[淮海公园@(121.484041,31.22901), 淮海公园导览图@(121.484149,31.229503)]"
825,华夏银行大厦,2.0,"[陆家嘴中心绿地@(121.512881,31.243693), 上海一圈青年文化主题公园@(121.512527,31.243496)]"
826,惠德大厦,,
827,高华大楼,,
828,桂箐路产业园,,
829,嘉印象,1.0,"[真新恩德公园@(121.365804,31.257818)]"
830,1876老站创意园,1.0,"[精武体育公园@(121.492641,31.292944)]"
831,中环国际大厦,,
832,古北国际财富中心,3.0,"[新虹桥中心公园@(121.41132,31.206134), 延虹绿地@(121.40369,31.206092), 绿映虹桥@(121.412386,31.204624)]"
833,上海月星环球港,,
834,康健商务广场,,
835,世纪时空,3.0,"[静安公园@(121.453099,31.228472), 静安公园-中心湖@(121.452773,31.228176), 静安公园-石亭@(121.45421,31.22892)]"
836,淮海金融大厦,4.0,"[淮海公园@(121.484041,31.22901), 广场公园(延安东路)@(121.481555,31.231468), 延中绿地@(121.480289,31.231568), 淮海公园导览图@(121.484149,31.229503)]"
837,中成智谷,,
838,旺旺大厦,5.0,"[延中公园(金陵西路)@(121.470801,31.229391), 延安公园@(121.472975,31.231058), 延中广场公园春之园@(121.471515,31.2294), 静安职工世纪园@(121.463841,31.230543), 乐草园@(121.473421,31.229453)]"
839,交能国际大厦,,
840,世纪商务大厦,1.0,"[长寿公园@(121.445865,31.249779)]"
841,三和大厦,,
842,绿地北外滩中心,1.0,"[霍山公园@(121.517695,31.259125)]"
843,裕丰国际大厦,,
844,合川大厦,,
845,iDream张江公馆,,
846,上海利通广场,7.0,"[四川北路公园@(121.491364,31.26057), 昆山公园@(121.493252,31.254697), 爱思儿童公园@(121.492053,31.263243), 海伦公园@(121.493184,31.263119), iPark爱车公园@(121.492672,31.261325), 海宁绿地@(121.49184,31.256219), 公园1468@(121.490636,31.259579)]"
847,爱登堡科技园,,
848,和典创意园,,
849,慧谷白猫科技园,1.0,"[长宁老年公园@(121.397703,31.218744)]"
850,禾森商务中心,3.0,"[天山公园@(121.422239,31.216351), 陶然亭@(121.427788,31.216153), 海粟绿地@(121.423828,31.215582)]"
851,文通-财富国际,5.0,"[仲益黄兴体育公园@(121.533848,31.30274), 黄兴公园-扇形大草坪@(121.537844,31.300581), 市民乐园@(121.53921,31.301121), 雪松林@(121.53796,31.30251), 新华林@(121.536541,31.300856)]"
852,上海中天科技商务园,,
853,高尚领域,,
854,麦腾创业天地,,
855,尚嘉中心,1.0,"[虹桥公园@(121.412054,31.212078)]"
856,亚洲大厦,2.0,"[人民公园@(121.479455,31.237919), 人民公园-售卖亭@(121.479269,31.238195)]"
857,星汇广场,6.0,"[黄兴公园@(121.536508,31.299324), 仲益黄兴体育公园@(121.533848,31.30274), 黄兴公园-扇形大草坪@(121.537844,31.300581), 市民乐园@(121.53921,31.301121), 雪松林@(121.53796,31.30251), 新华林@(121.536541,31.300856)]"
858,锦明大厦,2.0,"[新虹桥中心公园@(121.41132,31.206134), 虹桥公园@(121.412054,31.212078)]"
859,上海跨国采购中心,1.0,"[朝阳小憩@(121.400484,31.262375)]"
860,天安万科御河企业公馆,,
861,福克斯元江路创新园,,
862,万事利大厦,1.0,"[丽园公园@(121.485346,31.213176)]"
863,海上硕和城,2.0,"[仲益黄兴体育公园@(121.533848,31.30274), 雪松林@(121.53796,31.30251)]"
864,乐业天地创意园,1.0,"[漕河泾开发区公园@(121.406882,31.174936)]"
865,福克斯（银石）商务中心,,
866,盛源科技园,1.0,"[未来岛公园@(121.381498,31.271404)]"
867,梵克雅堡,,
868,久事商务大厦,,
869,枫林创意园,3.0,"[徐家汇公园@(121.448965,31.203757), 衡山公园@(121.448472,31.207018), 凯文绿地@(121.449951,31.206691)]"
870,七宝易园,,
871,百汇园,3.0,"[光启公园@(121.441046,31.195954), 乐山绿地@(121.438229,31.202094), Devil Park 恶魔公园@(121.445849,31.198883)]"
872,骏丰国际财富广场,7.0,"[和平公园@(121.509619,31.2764), 和平公园-海陆空@(121.508622,31.278054), 猴山@(121.509832,31.275991), 和平公园-动物岛@(121.510122,31.276149), 动物生态岛@(121.510122,31.276148), 两栖馆@(121.509582,31.277034), 鹿苑@(121.509841,31.275998)]"
873,创富大厦,7.0,"[和平公园@(121.509619,31.2764), 和平公园-海陆空@(121.508622,31.278054), 猴山@(121.509832,31.275991), 和平公园-动物岛@(121.510122,31.276149), 动物生态岛@(121.510122,31.276148), 两栖馆@(121.509582,31.277034), 鹿苑@(121.509841,31.275998)]"
874,汇亚大厦,3.0,"[陆家嘴中心绿地@(121.512881,31.243693), 东方明珠公园@(121.506312,31.247338), 上海一圈青年文化主题公园@(121.512527,31.243496)]"
875,鸿海大厦,2.0,"[咪咕动漫@(121.403061,31.254946), 朝阳小憩@(121.400484,31.262375)]"
876,凤凰科技园,,
877,集创公园,,
878,新银大厦,1.0,"[漕河泾开发区公园@(121.406882,31.174936)]"
879,上海电力国家大学科技园,1.0,"[波阳公园@(121.558037,31.278617)]"
880,明基广场,,
881,银座企业中心,2.0,"[长寿公园@(121.445865,31.249779), 24小时健身动物园@(121.44396,31.249495)]"
882,永嘉庭,,
883,静安东贤大厦,,
884,凯阳大厦,1.0,"[中山公园@(121.425511,31.227831)]"
885,洛克外滩源,2.0,"[黄浦公园@(121.497522,31.24749), 黄浦公园停车场(出入口)@(121.497087,31.247653)]"
886,东方希望大厦,1.0,"[豆香园@(121.546674,31.232883)]"
887,三林金融众创空间,,
888,证大立方大厦,,
889,中联大厦,,
890,静安现代产业大厦,1.0,"[蝴蝶湾花园-二期@(121.463793,31.243777)]"
891,中煌大厦,,
892,诚信国际大厦,,
893,道•创空间,4.0,"[徐家汇公园@(121.448965,31.203757), 衡山公园@(121.448472,31.207018), 凯文绿地@(121.449951,31.206691), Devil Park 恶魔公园@(121.445849,31.198883)]"
894,昇PARK创意园,,
895,舜元企业发展大厦A栋,2.0,"[百和园@(121.434429,31.223415), 万象物流中山公园站@(121.431844,31.221234)]"
896,歆翱国际电商大厦,,
897,新业大楼,1.0,"[漕河泾开发区公园@(121.406882,31.174936)]"
898,开隆大厦,,
899,智慧湾科创园,,
900,南开大厦,1.0,"[丽园公园@(121.485346,31.213176)]"
901,中冶祥腾城市广场·菁英逸品,2.0,"[百亩公园@(121.327936,31.306028), 健康主题公园@(121.328509,31.30542)]"
902,汇银广场,2.0,"[衡山公园@(121.448472,31.207018), 乐山绿地@(121.438229,31.202094)]"
903,莘吴之星,,
904,绿地同创大厦,,
905,前滩尚博创意产业园,,
906,朝阳门大厦,,
907,全华信息大楼,,
908,法兰桥创意园,1.0,"[鲁迅公园@(121.489979,31.277455)]"
909,禹洲广场,1.0,"[由度空间移动互联网数据公园@(121.622166,31.256651)]"
910,明申中心大厦,,
911,柴安大厦,,
912,上海展览中心,2.0,"[静安公园-石亭@(121.45421,31.22892), 静安职工世纪园@(121.463841,31.230543)]"
913,贝岭技术研发中心,,
914,上海环茂广场,2.0,"[番禺绿地@(121.433155,31.20217), 乐山绿地@(121.438229,31.202094)]"
915,e通世界商务园五区,,
916,三迪曼哈顿,,
917,圣天地商务大厦,1.0,"[长寿公园@(121.445865,31.249779)]"
918,50智慧园,3.0,"[曹杨公园@(121.415344,31.245903), 兰溪青年公园@(121.411305,31.246765), 源园@(121.413482,31.244585)]"
919,同盛大厦,,
920,555大厦,3.0,"[静安雕塑公园@(121.47046,31.240967), 小小植物园@(121.47665,31.235935), 上海公园便民@(121.478061,31.238522)]"
921,凌阳大楼,,
922,中展瑞景,,
923,上海大中里,5.0,"[延中公园(金陵西路)@(121.470801,31.229391), 延安公园@(121.472975,31.231058), 延中广场公园春之园@(121.471515,31.2294), 广场公园黄浦段@(121.474468,31.230648), 乐草园@(121.473421,31.229453)]"
924,永盛商务楼1号楼,1.0,"[汇龙潭公园@(121.260523,31.38688)]"
925,福建天安大厦,,
926,徐汇晶典大厦,,
927,虹漕园,,
928,东风商务园区,1.0,"[东华大学延安路校区-花园@(121.420764,31.211795)]"
929,海东大厦,11.0,"[世纪公园@(121.558668,31.221607), 湖滨观景区@(121.557721,31.2234), 鸟岛@(121.560884,31.223477), 世纪公园镜天湖@(121.556213,31.221537), 春园@(121.555414,31.219611), 秋园@(121.557857,31.218561), AED(世纪公园)@(121.558998,31.2218), 世纪公园云帆桥@(121.55775,31.222681), 世纪公园-观景平台@(121.556101,31.223674), 世纪公园治安办公室@(121.553491,31.223085), 夏园@(121.556801,31.219803)]"
930,新华联大厦,5.0,"[复兴公园(思南路)@(121.475516,31.223109), 復兴公园@(121.473765,31.223571), 延中公园-南区@(121.473494,31.228563), 玫瑰园@(121.474606,31.223973), 复兴公园-假山瀑布及八角亭@(121.475198,31.221679)]"
931,东华创意园,1.0,"[东华大学延安路校区-花园@(121.420764,31.211795)]"
932,恒基大厦,,
933,由由燕乔大厦,1.0,"[豆香园@(121.546674,31.232883)]"
934,比乐创意办公空间,,
935,金轩大厦,2.0,"[光启公园@(121.441046,31.195954), Devil Park 恶魔公园@(121.445849,31.198883)]"
936,杨浦科技大厦,1.0,"[玲珑会所@(121.521016,31.299545)]"
937,上海中观产业园,,
938,8号桥三期,,
939,世纪大都会,1.0,"[慈爱园@(121.537342,31.236337)]"
940,863基地,,
941,园林大厦,1.0,"[丽园公园@(121.485346,31.213176)]"
942,世博浦西管理中心,1.0,"[世博林绿地@(121.483138,31.202435)]"
943,歆翱商务大厦,,
944,锦辉大厦,,
945,森宏旗臻二期,,
946,凯迪金融大厦,,
947,海泰时代大厦,5.0,"[四川北路公园@(121.491364,31.26057), 昆山公园@(121.493252,31.254697), iPark爱车公园@(121.492672,31.261325), 海宁绿地@(121.49184,31.256219), 公园1468@(121.490636,31.259579)]"
948,七莘红点城,1.0,"[塘桥公园@(121.535133,31.22263)]"
949,沪办大厦,1.0,"[精武体育公园@(121.492641,31.292944)]"
950,大吉地世贸大厦,1.0,"[陶然亭@(121.427788,31.216153)]"
951,宏汇国际广场,,
952,陆家嘴钻石大厦,3.0,"[陆家嘴中心绿地@(121.512881,31.243693), 东方明珠公园@(121.506312,31.247338), 上海一圈青年文化主题公园@(121.512527,31.243496)]"
953,中展大厦,,
954,惠生中心,,
955,张江润和国际总部园,,
956,天祥大厦,,
957,L777新媒体产业园,,
958,富力虹桥十号,,
959,中国石化物资大厦,,
960,广电大厦,2.0,"[静安雕塑公园@(121.47046,31.240967), 小小植物园@(121.47665,31.235935)]"
961,闵欣大厦,,
962,中国港中旅大厦,,
963,金领之都B区,,
964,外滩德必WE,2.0,"[黄浦公园@(121.497522,31.24749), 黄浦公园停车场(出入口)@(121.497087,31.247653)]"
965,龙之梦大厦,1.0,"[中山公园@(121.425511,31.227831)]"
966,绿地滨江中央广场,1.0,"[平凉公园@(121.549105,31.272878)]"
967,解放日报大厦（闵行）,1.0,"[爬行动物展厅@(121.493688,31.237159)]"
968,金峰世纪大厦,1.0,"[康余绿地@(121.437447,31.236049)]"
969,石油大厦,,
970,天物空间,,
971,光明大厦,4.0,"[滨江公园@(121.504326,31.241141), 古城公园@(121.500454,31.234126), 古城公园百姓健身步道@(121.50177,31.233912), 爬行动物展厅@(121.493688,31.237159)]"
972,一百杉杉大厦,,
973,青慧谷,2.0,"[长寿公园@(121.445865,31.249779), 24小时健身动物园@(121.44396,31.249495)]"
974,静安创想中心,,
975,虹桥晶座,1.0,"[食艺公园@(121.377958,31.17867)]"
976,腾飞大厦,1.0,"[Devil Park 恶魔公园@(121.445849,31.198883)]"
977,绿地公元1860,,
978,华舟大厦,,
979,张江.华鑫慧天地,2.0,"[张江艺术公园@(121.590647,31.209888), 张江碧波公园@(121.589522,31.211995)]"
980,外滩8号,2.0,"[滨江大道@(121.501992,31.243005), 爬行动物展厅@(121.493688,31.237159)]"
981,上海地产大厦,3.0,"[光启公园@(121.441046,31.195954), 乐山绿地@(121.438229,31.202094), Devil Park 恶魔公园@(121.445849,31.198883)]"
982,红星世贸大厦,,
983,京德大楼,2.0,"[小桃园街绿地@(121.496435,31.226927), 司马秤@(121.496557,31.226847)]"
984,绿地蓝海大厦3号楼,4.0,"[莘庄公园@(121.379937,31.108067), 洛克公园(闵行莘庄店)@(121.384531,31.113554), 闵行区中心绿地@(121.387114,31.115127), 母亲林@(121.387083,31.115129)]"
985,亚龙国际广场,3.0,"[淮海公园@(121.484041,31.22901), 广场公园(延安东路)@(121.481555,31.231468), 淮海公园导览图@(121.484149,31.229503)]"
986,上海南站德必易园,2.0,"[中城绿地公园@(121.438105,31.16229), CBD中央公园@(121.438347,31.163646)]"
987,金沙江商务广场,1.0,"[长风公园2@(121.408467,31.235011)]"
988,金桥瑞邑,,
989,东华时尚创意园,1.0,"[中山公园@(121.425511,31.227831)]"
990,国立大厦,2.0,"[西康公园@(121.4564,31.236394), 静安公园-石亭@(121.45421,31.22892)]"
991,康宁大厦,2.0,"[小桃园街绿地@(121.496435,31.226927), 司马秤@(121.496557,31.226847)]"
992,祥鹿大厦,,
993,中期大厦,1.0,"[普陀公园@(121.433948,31.250935)]"
994,华融国际大厦,1.0,"[陶然亭@(121.427788,31.216153)]"
995,银桥大厦,,
996,沪西德必易园,,
997,静安新业坊,,
998,SOHO丽园,1.0,"[丽园公园@(121.485346,31.213176)]"
999,万象城,1.0,"[食艺公园@(121.377958,31.17867)]"
1000,摩工坊,2.0,"[绍兴公园@(121.469913,31.215625), 上海天诚大酒店-杜鹃厅@(121.477902,31.211075)]"
1001,中福实业大厦,2.0,"[徐家汇公园@(121.448965,31.203757), Devil Park 恶魔公园@(121.445849,31.198883)]"
1002,万源创意园,1.0,"[康余绿地@(121.437447,31.236049)]"
1003,莲花国际商务广场,,
1004,明申商务广场,,
1005,神州数码科技大厦,,
1006,科苑大楼,2.0,"[张江艺术公园@(121.590647,31.209888), 张江碧波公园@(121.589522,31.211995)]"
1007,金岸大厦,,
1008,伍佰视觉园,3.0,"[光启公园@(121.441046,31.195954), 乐山绿地@(121.438229,31.202094), Devil Park 恶魔公园@(121.445849,31.198883)]"
1009,富群商务大厦A栋,,
1010,复兴广场,9.0,"[复兴公园(思南路)@(121.475516,31.223109), 復兴公园@(121.473765,31.223571), 复兴公园-大草坪@(121.476173,31.22279), 復典公园@(121.476048,31.224763), 玫瑰园@(121.474606,31.223973), 复兴公园-中国园@(121.475637,31.222403), 复兴公园-假山瀑布及八角亭@(121.475198,31.221679), 复兴公园-水榭长廊@(121.475604,31.221953), 复兴公园-沉床花坛@(121.475872,31.223416)]"
1011,金鹰国际广场,1.0,"[静安职工世纪园@(121.463841,31.230543)]"
1012,星外滩10号,5.0,"[仲益黄兴体育公园@(121.533848,31.30274), 黄兴公园-扇形大草坪@(121.537844,31.300581), 市民乐园@(121.53921,31.301121), 雪松林@(121.53796,31.30251), 新华林@(121.536541,31.300856)]"
1013,绿地北郊广场,2.0,"[顾村公园停车场-出入口@(121.388975,31.352218), 顾村公园管理科@(121.38784,31.351974)]"
1014,华宏商务中心,3.0,"[长风海洋世界@(121.403627,31.230573), 长风生态商务区-2号滨河绿地@(121.40252,31.225569), 佳雯4D电影@(121.402362,31.231007)]"
1015,金航大厦,3.0,"[静安公园@(121.453099,31.228472), 静安公园-中心湖@(121.452773,31.228176), 静安公园-石亭@(121.45421,31.22892)]"
1016,由度工场,1.0,"[由度空间移动互联网数据公园@(121.622166,31.256651)]"
1017,大华虎城第三空间,1.0,"[中央绿地(北区)@(121.414413,31.27357)]"
1018,五环大厦,7.0,"[和平公园@(121.509619,31.2764), 江浦控江人口文化广场@(121.519309,31.278917), 猴山@(121.509832,31.275991), 和平公园-动物岛@(121.510122,31.276149), 动物生态岛@(121.510122,31.276148), 两栖馆@(121.509582,31.277034), 鹿苑@(121.509841,31.275998)]"
1019,龙之梦购物中心,1.0,"[中山公园@(121.425511,31.227831)]"
1020,金城大厦,2.0,"[九子公园@(121.470495,31.24666), 交通公园@(121.47421,31.25365)]"
1021,波司登大厦,,
1022,机电大厦,,
1023,万街303,2.0,"[中城绿地公园@(121.438105,31.16229), CBD中央公园@(121.438347,31.163646)]"
1024,绿洲中环中心6号楼,,
1025,绿地东海岸国际广场,,
1026,创智坊,,
1027,盛邦国际大厦,5.0,"[四川北路公园@(121.491364,31.26057), 昆山公园@(121.493252,31.254697), iPark爱车公园@(121.492672,31.261325), 海宁绿地@(121.49184,31.256219), 公园1468@(121.490636,31.259579)]"
1028,云海大厦,,
1029,长久商务中心,,
1030,中一国际商务大厦,,
1031,雍和创智广场,1.0,"[永和公园@(121.438938,31.296573)]"
1032,虹桥525创意园,1.0,"[食艺公园@(121.377958,31.17867)]"
1033,国际港务大厦,2.0,"[北外滩滨江绿地@(121.504774,31.25332), 黄浦公园停车场(出入口)@(121.497087,31.247653)]"
1034,虹口图书馆写字楼,1.0,"[鲁迅公园@(121.489979,31.277455)]"
1035,日月光中心伯爵居,2.0,"[绍兴公园@(121.469913,31.215625), 上海天诚大酒店-杜鹃厅@(121.477902,31.211075)]"
1036,上海国际中小企业城,,
1037,耀江国际大厦,1.0,"[北外滩滨江绿地@(121.504774,31.25332)]"
1038,美通科创空间,1.0,"[鲁华生态园@(121.433292,31.15035)]"
1039,元福大厦,2.0,"[光启公园@(121.441046,31.195954), 乐山绿地@(121.438229,31.202094)]"
1040,飘鹰世纪大厦,7.0,"[和平公园@(121.509619,31.2764), 和平公园-海陆空@(121.508622,31.278054), 猴山@(121.509832,31.275991), 和平公园-动物岛@(121.510122,31.276149), 动物生态岛@(121.510122,31.276148), 两栖馆@(121.509582,31.277034), 鹿苑@(121.509841,31.275998)]"
1041,森林湾大厦,5.0,"[四川北路公园@(121.491364,31.26057), 昆山公园@(121.493252,31.254697), iPark爱车公园@(121.492672,31.261325), 海宁绿地@(121.49184,31.256219), 公园1468@(121.490636,31.259579)]"
1042,御河企业公馆,,
1043,沙田大厦,,
1044,上服创意园,3.0,"[水霞公园@(121.396913,31.212634), 长宁老年公园@(121.397703,31.218744), 双拥公园@(121.396903,31.211866)]"
1045,城市机场航站楼,3.0,"[静安公园@(121.453099,31.228472), 静安公园-中心湖@(121.452773,31.228176), 静安公园-石亭@(121.45421,31.22892)]"
1046,徐家汇国际,3.0,"[光启公园@(121.441046,31.195954), 乐山绿地@(121.438229,31.202094), Devil Park 恶魔公园@(121.445849,31.198883)]"
1047,飞雕商务大厦,1.0,"[康余绿地@(121.437447,31.236049)]"
1048,上海主角,1.0,"[徐汇公园道壹号@(121.441489,31.170229)]"
1049,汇智创意园,,
1050,东方有线大厦,6.0,"[人民公园@(121.479455,31.237919), 广场公园(延安东路)@(121.481555,31.231468), 延中绿地@(121.480289,31.231568), 小小植物园@(121.47665,31.235935), 人民公园-售卖亭@(121.479269,31.238195), 上海公园便民@(121.478061,31.238522)]"
1051,华瑞大厦,,
1052,宝华中心,1.0,"[大宁公园@(121.450646,31.282321)]"
1053,南苏州路独栋,6.0,"[人民公园@(121.479455,31.237919), 广场公园(延安东路)@(121.481555,31.231468), 延中绿地@(121.480289,31.231568), 小小植物园@(121.47665,31.235935), 人民公园-售卖亭@(121.479269,31.238195), 上海公园便民@(121.478061,31.238522)]"
1054,环球都会广场,2.0,"[洛克公园@(121.500649,31.18454), 蔓趣公园@(121.50704,31.180047)]"
1055,上海国峰科技大厦,,
1056,德必易园,2.0,"[中城绿地公园@(121.438105,31.16229), CBD中央公园@(121.438347,31.163646)]"
1057,尼克大厦,,
1058,国信商务大厦,,
1059,南洋实业大楼,3.0,"[光启公园@(121.441046,31.195954), 乐山绿地@(121.438229,31.202094), Devil Park 恶魔公园@(121.445849,31.198883)]"
1060,龙峰大厦,3.0,"[天山公园@(121.422239,31.216351), 陶然亭@(121.427788,31.216153), 海粟绿地@(121.423828,31.215582)]"
1061,松江万达广场,,
1062,徐汇大树下新媒体创意园,,
1063,怡虹科技园,,
1064,宝华国际广场,1.0,"[大宁公园@(121.450646,31.282321)]"
1065,现代物流大厦,,
1066,金钟大厦,,
1067,玉嘉大厦,3.0,"[华山绿地@(121.438864,31.212794), 华山儿童公园@(121.441553,31.210967), 健康主题公园@(121.439833,31.212071)]"
1068,枫林国际大厦,1.0,"[红枫苑@(121.461615,31.193149)]"
1069,亚太企业大厦,3.0,"[徐家汇公园@(121.448965,31.203757), 衡山公园@(121.448472,31.207018), 凯文绿地@(121.449951,31.206691)]"
1070,上海望族城大厦,2.0,"[漕溪公园@(121.442401,31.178426), 徐汇公园@(121.440849,31.177069)]"
1071,上海电子物联产业园,,
1072,长青企业广场,1.0,"[浦发公园@(121.547238,31.154815)]"
1073,嘉兴大厦,,
1074,尚诚国际,1.0,"[精彩纷星游乐公园@(121.430096,31.243714)]"
1075,开开大厦,1.0,"[康余绿地@(121.437447,31.236049)]"
1076,阳光科技大厦,,
1077,电科滨江中心,2.0,"[绍兴公园@(121.469913,31.215625), 上海天诚大酒店-杜鹃厅@(121.477902,31.211075)]"
1078,麦可将园区,1.0,"[馨园@(121.378227,31.116707)]"
1079,格林德必易园,,
1080,东上海中心,,
1081,长峰中心.聚贤阁,,
1082,兴业大厦,1.0,"[西康公园@(121.4564,31.236394)]"
1083,孵源节能环保科技企业孵化基地,,
1084,永旭商务中心,,
1085,绿地中心二期写字楼,2.0,"[东安公园@(121.460767,31.191483), 红枫苑@(121.461615,31.193149)]"
1086,银历大厦,1.0,"[公园1468@(121.490636,31.259579)]"
1087,福克斯(银座)旗舰商务区,,
1088,欧爱喜商务广场,3.0,"[洛克公园西乡馆@(121.433815,31.274742), 甘泉公园@(121.434608,31.273606), 志丹园@(121.43741,31.274467)]"
1089,禹洲金桥国际五期,,
1090,山谷you帮大厦,,
1091,科技领袖之都,,
1092,金蝶软件园,,
1093,申银发展大厦,2.0,"[西康公园@(121.4564,31.236394), 蝴蝶湾花园-二期@(121.463793,31.243777)]"
1094,展讯中心,,
