,buildingN,underground_num,underground
0,金融街静安中心,,
1,万通中心,,
2,上海中心,1.0,"[陆家嘴@(121.508824,31.243637)]"
3,虹桥万科中心,,
4,华鑫天地,,
5,新宝中心,,
6,苏河1号,,
7,绿地科创大厦,5.0,"[曹杨路(地铁站)@(121.424181,31.245449), 曹杨路@(121.4241,31.244107), 隆德路@(121.430167,31.236749), 曹杨路@(121.424224,31.244796), 隆德路@(121.430026,31.236733)]"
8,soho世纪广场,1.0,"[上海科技馆@(121.550557,31.225461)]"
9,上海星汇广场,,
10,祥腾财富广场,1.0,"[汶水路@(121.45656,31.298815)]"
11,北岸长风,,
12,正大喜马拉雅中心,,
13,盛大天地源创谷,3.0,"[张江高科@(121.594061,31.207879), 张江地铁站(公交站)@(121.595645,31.206412), 张江高科地铁站@(121.595644,31.206425)]"
14,智造局,,
15,虹桥丽宝广场,,
16,天华信息科技园,3.0,"[漕溪路(地铁站)@(121.444799,31.183104), 漕溪路@(121.444739,31.182978), 龙漕路@(121.45062,31.176283)]"
17,钱江大厦,2.0,"[浦电路@(121.535457,31.22605), 浦电路@(121.538513,31.229007)]"
18,春之声大厦,1.0,"[金沙江路@(121.419507,31.237991)]"
19,SOHO天山广场,1.0,"[娄山关路@(121.410818,31.216958)]"
20,汇京国际广场,2.0,"[虹桥路(地铁站)@(121.427261,31.203719), 虹桥路@(121.428043,31.203176)]"
21,绿地汇中心,2.0,"[云锦路@(121.464914,31.17265), 云锦路@(121.464914,31.17265)]"
22,现代广场,,
23,绿地海外滩中心A幢,,
24,虹桥天地,1.0,"[伊犁路@(121.410671,31.204634)]"
25,中城国际大厦,,
26,广发大厦,1.0,"[打浦桥@(121.475402,31.212073)]"
27,华闻国际大厦,1.0,"[宋园路@(121.418434,31.202693)]"
28,上置金融大厦,1.0,"[打浦桥@(121.475402,31.212073)]"
29,香港名都写字楼,,
30,杰地大厦,3.0,"[曹杨路(地铁站)@(121.424181,31.245449), 曹杨路@(121.4241,31.244107), 曹杨路@(121.424224,31.244796)]"
31,花园坊上海节能环保中心,1.0,"[虹口足球场@(121.485807,31.276632)]"
32,国家会展中心,1.0,"[伊犁路@(121.410671,31.204634)]"
33,海上海,,
34,东亚银行金融大厦,1.0,"[陆家嘴@(121.508824,31.243637)]"
35,上海实业大厦,3.0,"[徐家汇@(121.443173,31.200871), 徐家汇站@(121.444211,31.202406), 徐家汇@(121.442314,31.201202)]"
36,裕安大厦,1.0,"[世纪大道@(121.533437,31.234854)]"
37,太平金融大厦,1.0,"[陆家嘴@(121.508824,31.243637)]"
38,七宝宝龙城市广场,1.0,"[金平路@(121.416547,31.017172)]"
39,新漕河泾国际商务中心,,
40,我格广场,,
41,世纪汇广场,1.0,"[陆家嘴@(121.508824,31.243637)]"
42,日月光集团,,
43,品尊国际中心,1.0,"[岚皋路@(121.428339,31.262583)]"
44,江桥万达广场,1.0,"[金运路@(121.326035,31.247368)]"
45,万科时一区,,
46,长宁88中心,1.0,"[中山公园@(121.423065,31.224175)]"
47,世界广场,2.0,"[商城路@(121.52289,31.236125), 东昌路@(121.521998,31.239079)]"
48,港汇恒隆广场,3.0,"[徐家汇@(121.443173,31.200871), 徐家汇站@(121.444211,31.202406), 徐家汇@(121.442314,31.201202)]"
49,华晔创意园,,
50,中铁中环时代广场,,
51,申能国际大厦,1.0,"[老西门@(121.489797,31.22473)]"
52,盛大天地青春里2.0,,
53,张江微电子港,1.0,"[张江高科@(121.594061,31.207879)]"
54,金领之都,,
55,外滩金融中心,,
56,国际商厦,1.0,"[四川北路@(121.490774,31.257732)]"
57,高阳商务中心,1.0,"[提篮桥@(121.51328,31.259141)]"
58,悦达国际大厦,3.0,"[隆德路@(121.430167,31.236749), 隆德路@(121.430026,31.236733), 武宁路@(121.436675,31.240291)]"
59,莲花大厦,1.0,"[虹梅路@(121.403932,31.166073)]"
60,1788国际中心,1.0,"[静安寺@(121.453901,31.229402)]"
61,海泰国际大厦,1.0,"[四川北路@(121.490774,31.257732)]"
62,呈远大厦,1.0,"[娄山关路@(121.410818,31.216958)]"
63,新天国际大厦,2.0,"[浦电路@(121.535457,31.22605), 浦电路@(121.538513,31.229007)]"
64,新茂大厦,2.0,"[黄陂南路(地铁站)@(121.47984,31.228687), 黄陂南路@(121.479798,31.228753)]"
65,福德商务中心,1.0,"[东宝兴路@(121.486639,31.265746)]"
66,嘉华中心,1.0,"[陕西南路@(121.465323,31.221939)]"
67,虹钦园,,
68,五角丰达,1.0,"[江湾体育场@(121.520633,31.308746)]"
69,花旗集团大厦,1.0,"[陆家嘴@(121.508824,31.243637)]"
70,方正大厦,,
71,宝山万达广场,,
72,岳洋大厦,1.0,"[四平路@(121.50817,31.280778)]"
73,世贸大厦,1.0,"[豫园@(121.4939,31.234006)]"
74,上海陇盛科技大楼,,
75,汇针751创意园,1.0,"[南浦大桥@(121.506359,31.214259)]"
76,诺诚1895创意园,1.0,"[大场镇@(121.422947,31.29971)]"
77,明谷科技园,,
78,浦江高科技园,,
79,光启城,2.0,"[宜山路(地铁站)@(121.433882,31.192846), 宜山路@(121.433806,31.192588)]"
80,曹杨尚城国际,3.0,"[曹杨路(地铁站)@(121.424181,31.245449), 曹杨路@(121.4241,31.244107), 曹杨路@(121.424224,31.244796)]"
81,沃力创业园,,
82,复旦科技园大厦,1.0,"[国权路@(121.516744,31.295351)]"
83,衡安大楼,2.0,"[上海图书馆@(121.450771,31.214439), 衡山路@(121.45316,31.211335)]"
84,宝地广场,1.0,"[大连路@(121.519576,31.263723)]"
85,建滔企业广场,,
86,虹桥世界中心,,
87,800秀创意园区,1.0,"[静安寺@(121.453901,31.229402)]"
88,复城国际,,
89,张江国创中心,,
90,莲谷产业园,,
91,上海合生国际广场,3.0,"[五角场(地铁站)@(121.521182,31.303776), 五角场@(121.521191,31.303805), 江湾体育场@(121.520633,31.308746)]"
92,永银大厦,1.0,"[大世界@(121.485885,31.233128)]"
93,阿里中心,,
94,久合科技园,1.0,"[彭浦新村@(121.455097,31.312943)]"
95,嘉里中心,1.0,"[静安寺@(121.453901,31.229402)]"
96,星联研发楼,1.0,"[漕宝路@(121.440961,31.174604)]"
97,静安设计中心,,
98,帝宝国际大厦,,
99,金虹桥国际中心,1.0,"[娄山关路@(121.410818,31.216958)]"
100,赢华国际广场,,
101,赢嘉广场,,
102,达人湾创智广场,1.0,"[中山北路@(121.465616,31.265275)]"
103,龙湖虹桥天街,,
104,中山万博国际中心,2.0,"[虹桥路(地铁站)@(121.427261,31.203719), 虹桥路@(121.428043,31.203176)]"
105,远中产业园,,
106,绿地中央广场,,
107,海洋大厦,1.0,"[大世界@(121.485885,31.233128)]"
108,统一企业大厦,,
109,上海诚达创意产业园区,1.0,"[漕宝路@(121.440961,31.174604)]"
110,中港汇.浦东,,
111,华旭国际大厦,1.0,"[人民广场@(121.481022,31.238795)]"
112,加禾LOFT创意园,1.0,"[南浦大桥@(121.506359,31.214259)]"
113,金茂大厦,1.0,"[陆家嘴@(121.508824,31.243637)]"
114,南证大厦,,
115,中金国际广场,2.0,"[徐家汇@(121.443173,31.200871), 徐家汇@(121.442314,31.201202)]"
116,前滩世贸中心,,
117,华润时代广场,1.0,"[商城路@(121.52289,31.236125)]"
118,华虹创新,,
119,绿地M-TOWN,,
120,怡富商务广场,,
121,左岸88,,
122,禹洲金桥国际三期,,
123,申汉大厦,2.0,"[大度河路站@(121.399926,31.237647), 大渡河路@(121.401707,31.237535)]"
124,中国人寿金融中心,,
125,星峰企业园,,
126,科汇大厦,1.0,"[漕宝路@(121.440961,31.174604)]"
127,远中科研大楼,1.0,"[漕河泾开发区@(121.404164,31.17622)]"
128,中国煤炭大厦,2.0,"[浦电路@(121.535457,31.22605), 浦电路@(121.538513,31.229007)]"
129,中天大厦,1.0,"[四平路@(121.50817,31.280778)]"
130,创智天地广场三期,1.0,"[江湾体育场@(121.520633,31.308746)]"
131,科技绿洲,,
132,未来资产大厦,1.0,"[陆家嘴@(121.508824,31.243637)]"
133,生命人寿大厦,2.0,"[商城路@(121.52289,31.236125), 东昌路@(121.521998,31.239079)]"
134,淮海中华大厦,3.0,"[豫园@(121.4939,31.234006), 大世界@(121.485885,31.233128), 豫园(地铁站)@(121.494066,31.233517)]"
135,乐凯大厦,2.0,"[商城路@(121.52289,31.236125), 东昌路@(121.521998,31.239079)]"
136,恒基•旭辉中心,,
137,普天科技园,1.0,"[桂林路@(121.424982,31.181001)]"
138,上海开文大厦,,
139,民润大厦,1.0,"[漕河泾开发区@(121.404164,31.17622)]"
140,虹桥绿谷,,
141,越洋国际广场,1.0,"[南京东路@(121.490857,31.243738)]"
142,静安晶品中心,1.0,"[静安寺@(121.453901,31.229402)]"
143,绿洲中环中心,1.0,"[真北路@(121.388887,31.237861)]"
144,中外运大厦,1.0,"[南京东路@(121.490857,31.243738)]"
145,峻岭广场,2.0,"[南京西路@(121.468949,31.234645), 自然博物馆@(121.469279,31.241917)]"
146,歌斐中心,1.0,"[世博会博物馆@(121.488515,31.202606)]"
147,新上海城市广场,2.0,"[豫园@(121.4939,31.234006), 豫园(地铁站)@(121.494066,31.233517)]"
148,中关村虹桥创新中心,,
149,中铁诺德国际中心,,
150,嘉汇广场,1.0,"[上海体育场@(121.450248,31.19218)]"
151,兆丰世贸大厦,2.0,"[江苏路@(121.437716,31.226546), 江苏路@(121.4371,31.226732)]"
152,金融街海伦中心,1.0,"[国际客运中心@(121.504856,31.255835)]"
153,远东大厦,2.0,"[商城路@(121.52289,31.236125), 东昌路@(121.521998,31.239079)]"
154,东方环球企业中心,1.0,"[汶水路@(121.45656,31.298815)]"
155,绿洲广场,4.0,"[曹杨路(地铁站)@(121.424181,31.245449), 曹杨路@(121.4241,31.244107), 曹杨路@(121.424224,31.244796), 金沙江路@(121.419507,31.237991)]"
156,慧创国际,1.0,"[金沙江西路@(121.341691,31.247399)]"
157,绿地汇创国际广场,,
158,长泰国际金融大厦,1.0,"[浦电路@(121.538513,31.229007)]"
159,汇智大厦,,
160,新上海国际大厦,,
161,紫安大厦,1.0,"[静安寺@(121.453901,31.229402)]"
162,鸿祥大厦,1.0,"[人民广场@(121.481022,31.238795)]"
163,华能联合大厦,,
164,金赢108创意广场,1.0,"[西藏北路@(121.47525,31.2694)]"
165,绿地蓝海,,
166,华敏翰尊国际,,
167,西岸创意园区,2.0,"[宜山路(地铁站)@(121.433882,31.192846), 宜山路@(121.433806,31.192588)]"
168,湾谷科技园,1.0,"[淞发路@(121.50714,31.350804)]"
169,五角场万达广场,3.0,"[五角场(地铁站)@(121.521182,31.303776), 五角场@(121.521191,31.303805), 江湾体育场@(121.520633,31.308746)]"
170,8号桥一期,1.0,"[打浦桥@(121.475402,31.212073)]"
171,展想广场,,
172,均瑶国际广场,1.0,"[肇嘉浜路@(121.456463,31.205392)]"
173,港泰广场,2.0,"[人民广场@(121.481022,31.238795), 大世界@(121.485885,31.233128)]"
174,北外环信息产业园,,
175,七建大厦,2.0,"[宜山路(地铁站)@(121.433882,31.192846), 宜山路@(121.433806,31.192588)]"
176,上海绿地中心一期,,
177,徐汇万科中心,1.0,"[上海南站@(121.436696,31.160423)]"
178,莱茵•虹景中心,,
179,耀江国际广场,,
180,易园,1.0,"[中山公园@(121.423065,31.224175)]"
181,宝石园大厦,1.0,"[虹梅路@(121.403932,31.166073)]"
182,碧海现代苑,1.0,"[台儿庄路@(121.603984,31.258705)]"
183,金玉兰广场,1.0,"[打浦桥@(121.475402,31.212073)]"
184,东华大学科技园,1.0,"[淞虹路@(121.365797,31.223999)]"
185,财富时代大厦,2.0,"[江宁路@(121.450569,31.250552), 长寿路@(121.444762,31.246718)]"
186,21世纪中心大厦,,
187,长江新能源大厦,1.0,"[人民广场@(121.481022,31.238795)]"
188,中区广场,1.0,"[人民广场@(121.481022,31.238795)]"
189,上海西郊商务区-C2国际区,,
190,长城大厦,,
191,茸锦科技园,,
192,晓富金融大厦,1.0,"[外高桥保税区北@(121.593445,31.353883)]"
193,鼎力创意园,,
194,平盛大厦,1.0,"[江湾体育场@(121.520633,31.308746)]"
195,上海广场,3.0,"[大世界@(121.485885,31.233128), 黄陂南路(地铁站)@(121.47984,31.228687), 黄陂南路@(121.479798,31.228753)]"
196,招商局大厦,,
197,和源企业广场,1.0,"[汉中路@(121.46524,31.247193)]"
198,绿地和创大厦,3.0,"[曹杨路(地铁站)@(121.424181,31.245449), 曹杨路@(121.4241,31.244107), 曹杨路@(121.424224,31.244796)]"
199,虹桥德必易园,,
200,嘉春753园区,2.0,"[江苏路@(121.437716,31.226546), 江苏路@(121.4371,31.226732)]"
201,2577创意大院,,
202,汇阳广场,2.0,"[漕溪路(地铁站)@(121.444799,31.183104), 漕溪路@(121.444739,31.182978)]"
203,飞马旅5iCENTER创意园,1.0,"[江宁路@(121.450569,31.250552)]"
204,SOHO东海广场,1.0,"[静安寺@(121.453901,31.229402)]"
205,世和中心,,
206,尚诚国际大厦,,
207,亚芯中心,,
208,D1国际创意空间,2.0,"[上海游泳馆@(121.448026,31.185365), 上海游泳馆@(121.448026,31.185365)]"
209,汇银铭尊,,
210,中融恒瑞国际大厦,1.0,"[商城路@(121.52289,31.236125)]"
211,汇银大厦,4.0,"[南京西路@(121.46678,31.236135), 南京西路@(121.468949,31.234645), 南京西路@(121.465932,31.23413), 自然博物馆@(121.469279,31.241917)]"
212,贵人大厦,1.0,"[鞍山新村@(121.516066,31.278922)]"
213,绿地商务大厦,1.0,"[江苏路@(121.4371,31.226732)]"
214,中银大厦,1.0,"[陆家嘴@(121.508824,31.243637)]"
215,世博办公楼,1.0,"[耀华路@(121.501124,31.184085)]"
216,虹桥协信中心,,
217,印坊创意园,1.0,"[国际客运中心@(121.504856,31.255835)]"
218,漕河泾康桥商务绿洲,,
219,南翔智地,,
220,金谷中环大厦,,
221,岛里创新园,1.0,"[行知路@(121.428059,31.291225)]"
222,钦汇园,,
223,清水湾大酒店,1.0,"[金沙江路@(121.419507,31.237991)]"
224,弘基创邑国际园,2.0,"[江苏路@(121.437716,31.226546), 江苏路@(121.4371,31.226732)]"
225,华宁国际广场,,
226,久事复兴大厦,2.0,"[陕西南路@(121.465323,31.221939), 淮海中路@(121.470677,31.226198)]"
227,近铁城市广场,1.0,"[真北路@(121.388887,31.237861)]"
228,光启园,,
229,嘉誉国际广场,1.0,"[新江湾城@(121.513188,31.334451)]"
230,博达科技楼,,
231,港陆广场,2.0,"[人民广场@(121.481022,31.238795), 大世界@(121.485885,31.233128)]"
232,创企天地产业园,,
233,雅居乐国际广场,2.0,"[人民广场@(121.481022,31.238795), 新闸路@(121.474802,31.244699)]"
234,星创科技广场,,
235,通用大厦,,
236,六合大厦,1.0,"[人民广场@(121.481022,31.238795)]"
237,外滩SOHO,,
238,坤阳国际商务广场,1.0,"[肇嘉浜路@(121.456463,31.205392)]"
239,上海巴士大厦,2.0,"[马当路(地铁站)@(121.4838,31.215387), 马当路@(121.48331,31.215357)]"
240,华敏翰尊国际大厦,,
241,张江·矽岸国际,,
242,创智天地,1.0,"[江湾体育场@(121.520633,31.308746)]"
243,扬子江企业国际广场,,
244,鑫达大厦,,
245,禾谷文创园,,
246,宝安大厦,1.0,"[世纪大道@(121.533437,31.234854)]"
247,银统大厦,,
248,333世纪大厦,2.0,"[龙阳路@(121.56405,31.209166), 磁浮龙阳路站@(121.564054,31.208834)]"
249,688广场,4.0,"[南京西路@(121.46678,31.236135), 南京西路@(121.468949,31.234645), 南京西路@(121.465932,31.23413), 自然博物馆@(121.469279,31.241917)]"
250,旭辉虹桥国际,,
251,华南大厦,1.0,"[上海儿童医学中心@(121.52979,31.209399)]"
252,和一大厦,,
253,金岛大厦,3.0,"[五角场(地铁站)@(121.521182,31.303776), 五角场@(121.521191,31.303805), 江湾体育场@(121.520633,31.308746)]"
254,上海银行大厦,,
255,中创大厦,3.0,"[南京西路@(121.46678,31.236135), 南京西路@(121.468949,31.234645), 南京西路@(121.465932,31.23413)]"
256,国盛中心,,
257,绿地威科国际商业广场,1.0,"[长寿路@(121.444762,31.246718)]"
258,浦发财富广场,,
259,1933老场坊,1.0,"[海伦路@(121.495445,31.264649)]"
260,长泰广场,1.0,"[金科路@(121.608557,31.209932)]"
261,浦东嘉里城,1.0,"[花木路@(121.569227,31.21757)]"
262,盛高国际,1.0,"[伊犁路@(121.410671,31.204634)]"
263,新虹桥中心大厦,,
264,中融国际商城,1.0,"[商城路@(121.52289,31.236125)]"
265,森宏旗臻,1.0,"[灵岩南路@(121.50168,31.154367)]"
266,越界世博园,3.0,"[黄陂南路(地铁站)@(121.47984,31.228687), 黄陂南路@(121.479798,31.228753), 新天地@(121.481686,31.221998)]"
267,香港广场,3.0,"[大世界@(121.485885,31.233128), 黄陂南路(地铁站)@(121.47984,31.228687), 黄陂南路@(121.479798,31.228753)]"
268,盛大全球研发中心,,
269,光大会展中心D座,,
270,高优商务中心,2.0,"[虹梅路@(121.403932,31.166073), 东兰路@(121.398733,31.160907)]"
271,汤泉国际,,
272,上海保利广场,,
273,中信广场,2.0,"[四川北路@(121.490774,31.257732), 天潼路@(121.488783,31.250088)]"
274,宏嘉大厦,2.0,"[世纪大道@(121.533437,31.234854), 浦电路@(121.538513,31.229007)]"
275,松江漕河泾,,
276,上海光大会展中心,,
277,中海万锦城,1.0,"[上海火车站@(121.46396,31.255155)]"
278,建发国际大厦,1.0,"[黄兴公园@(121.539677,31.301934)]"
279,海泰大厦,,
280,会德丰国际广场,1.0,"[静安寺@(121.453901,31.229402)]"
281,宝钢大厦,2.0,"[浦电路@(121.535457,31.22605), 浦电路@(121.538513,31.229007)]"
282,虹口SOHO,1.0,"[四川北路@(121.490774,31.257732)]"
283,汤臣金融大厦,1.0,"[世纪大道@(121.533437,31.234854)]"
284,文新报业大厦,3.0,"[南京西路@(121.46678,31.236135), 南京西路@(121.468949,31.234645), 南京西路@(121.465932,31.23413)]"
285,西子国际中心,,
286,运动Loft,,
287,上海科技京城,,
288,丽都新贵,2.0,"[南京西路@(121.46678,31.236135), 自然博物馆@(121.469279,31.241917)]"
289,七星创业园,,
290,壹丰广场,1.0,"[四川北路@(121.490774,31.257732)]"
291,仲益大厦,2.0,"[南京西路@(121.468949,31.234645), 自然博物馆@(121.469279,31.241917)]"
292,万科七宝国际,2.0,"[中春路(地铁站)@(121.344135,31.155631), 中春路@(121.344743,31.155954)]"
293,柳林大厦,1.0,"[大世界@(121.485885,31.233128)]"
294,SVA越界,,
295,石油天然气大厦,,
296,富容大厦,1.0,"[江宁路@(121.450569,31.250552)]"
297,巨富大厦,1.0,"[静安寺@(121.453901,31.229402)]"
298,城开中心,1.0,"[莲花路@(121.409334,31.136734)]"
299,明天广场,1.0,"[人民广场@(121.481022,31.238795)]"
300,斯米克大厦,2.0,"[商城路@(121.52289,31.236125), 东昌路@(121.521998,31.239079)]"
301,SOHO中山广场,1.0,"[宋园路@(121.418434,31.202693)]"
302,和源大楼,1.0,"[上海马戏城@(121.458503,31.285845)]"
303,嘉里不夜城,2.0,"[上海火车站@(121.46396,31.255155), 汉中路@(121.46524,31.247193)]"
304,城市新汇,1.0,"[共康路@(121.453464,31.325355)]"
305,中信泰富广场,2.0,"[南京西路@(121.46678,31.236135), 南京西路@(121.465932,31.23413)]"
306,环贸iapm,1.0,"[陕西南路@(121.465323,31.221939)]"
307,星荟中心,1.0,"[天潼路@(121.488783,31.250088)]"
308,绿地风尚天地,1.0,"[共康路@(121.453464,31.325355)]"
309,漕河泾凤凰园,1.0,"[虹梅路@(121.403932,31.166073)]"
310,国金中心,1.0,"[陆家嘴@(121.508824,31.243637)]"
311,绿亮松江科创园,,
312,嘉定宝龙城市广场,,
313,近铁云大厦,2.0,"[枫桥路@(121.41754,31.248068), 枫桥路@(121.41754,31.248068)]"
314,平高国际广场,1.0,"[江宁路@(121.450569,31.250552)]"
315,新意城,1.0,"[漕宝路@(121.440961,31.174604)]"
316,复地浦江中心二期,,
317,泓毅大厦,2.0,"[合川路(地铁站)@(121.391344,31.172184), 合川路@(121.391169,31.172225)]"
318,协泰中心,,
319,新明KIDMALL,,
320,世纪商贸广场,1.0,"[常熟路@(121.456628,31.219964)]"
321,保利绿地,1.0,"[黄兴公园@(121.539677,31.301934)]"
322,李子园大厦,2.0,"[李子园@(121.396533,31.274628), 李子园@(121.396533,31.274628)]"
323,浦东张江软件园,1.0,"[金科路@(121.608557,31.209932)]"
324,银洲国际商务大厦,,
325,嘉立国际广场,,
326,耀光中环国际大厦,2.0,"[祁连山路@(121.382499,31.277205), 祁连山路@(121.382499,31.277205)]"
327,嘉和国际大厦,1.0,"[虹口足球场@(121.485807,31.276632)]"
328,申峰大厦,1.0,"[上海体育场@(121.450248,31.19218)]"
329,仲盛金融中心,,
330,灿虹精英大厦,,
331,力宝广场,3.0,"[大世界@(121.485885,31.233128), 黄陂南路(地铁站)@(121.47984,31.228687), 黄陂南路@(121.479798,31.228753)]"
332,张江春申大厦,3.0,"[张江高科@(121.594061,31.207879), 张江地铁站(公交站)@(121.595645,31.206412), 张江高科地铁站@(121.595644,31.206425)]"
333,北科大厦,2.0,"[宜山路(地铁站)@(121.433882,31.192846), 宜山路@(121.433806,31.192588)]"
334,尚浦领世,2.0,"[三门路-地铁站@(121.514918,31.318882), 三门路@(121.514701,31.318613)]"
335,兆丰广场,1.0,"[中山公园@(121.423065,31.224175)]"
336,华盛大厦,1.0,"[自然博物馆@(121.469279,31.241917)]"
337,裕景国际商务广场A座,2.0,"[浦东大道(地铁站)@(121.525951,31.245786), 浦东大道@(121.526013,31.245796)]"
338,廖创兴金融中心,1.0,"[人民广场@(121.481022,31.238795)]"
339,财富108广场,1.0,"[七莘路@(121.369817,31.137798)]"
340,巨洋大厦,,
341,永丰国际广场,1.0,"[肇嘉浜路@(121.456463,31.205392)]"
342,美奂大厦,,
343,东方万国企业中心,,
344,虹桥银城大厦,,
345,绿洲大厦,1.0,"[中山公园@(121.423065,31.224175)]"
346,法华525创意树林,,
347,漕河泾国际商务中心,,
348,凯龙金领大厦,,
349,上海金领谷科技产业园,1.0,"[颛桥@(121.408435,31.072842)]"
350,申窑艺术中心,,
351,金陵海欣大厦,1.0,"[人民广场@(121.481022,31.238795)]"
352,飞洲时代大厦,,
353,江苏路老洋房,1.0,"[中山公园@(121.423065,31.224175)]"
354,东方大厦,1.0,"[浦电路@(121.538513,31.229007)]"
355,高登金融大厦,,
356,上海世和商务中心,,
357,50智慧产业科技园,1.0,"[曹杨路(地铁站)@(121.424181,31.245449)]"
358,城开国际大厦,1.0,"[徐家汇@(121.442314,31.201202)]"
359,圣爱广场,3.0,"[徐家汇@(121.443173,31.200871), 徐家汇站@(121.444211,31.202406), 徐家汇@(121.442314,31.201202)]"
360,东方海外大厦,,
361,凌空SOHO,,
362,禹洲金桥国际二期,,
363,信息技术大厦,1.0,"[江浦路@(121.524804,31.280818)]"
364,白金湾广场,1.0,"[提篮桥@(121.51328,31.259141)]"
365,天安中心,1.0,"[人民广场@(121.481022,31.238795)]"
366,海富花园,1.0,"[蓝村路@(121.534381,31.217627)]"
367,研祥科技大楼,1.0,"[漕宝路@(121.440961,31.174604)]"
368,宝纳大厦,,
369,中房长治大楼,2.0,"[提篮桥@(121.51328,31.259141), 国际客运中心@(121.504856,31.255835)]"
370,科海大楼,,
371,丽都大厦,2.0,"[西藏南路@(121.496122,31.207672), 世博会博物馆@(121.488515,31.202606)]"
372,东方渔人码头,,
373,愚园108,1.0,"[静安寺@(121.453901,31.229402)]"
374,凯科国际大厦,1.0,"[漕河泾开发区@(121.404164,31.17622)]"
375,宝虹中心,2.0,"[中春路(地铁站)@(121.344135,31.155631), 中春路@(121.344743,31.155954)]"
376,大宁国际商业广场,1.0,"[延长路@(121.461893,31.27806)]"
377,汇嘉大厦,3.0,"[徐家汇@(121.443173,31.200871), 徐家汇站@(121.444211,31.202406), 徐家汇@(121.442314,31.201202)]"
378,置汇旭辉广场,,
379,中环永新国际广场,,
380,中冶祥腾城市广场,2.0,"[南翔@(121.329747,31.303357), 南翔@(121.329747,31.303357)]"
381,滨江万科中心,,
382,康拜丝,,
383,华大科技园,2.0,"[大度河路站@(121.399926,31.237647), 大渡河路@(121.401707,31.237535)]"
384,葛洲坝大厦,1.0,"[浦电路@(121.538513,31.229007)]"
385,中骏广场,,
386,仙乐斯广场,,
387,交能大厦,,
388,新发展大厦,2.0,"[上海火车站@(121.46396,31.255155), 汉中路@(121.46524,31.247193)]"
389,上海纺运物流商务中心,,
390,新越时美大厦,,
391,安基大厦,2.0,"[陆家浜路@(121.492716,31.217413), 老西门@(121.489797,31.22473)]"
392,浦江智谷商务园,,
393,香港新世界大厦,2.0,"[黄陂南路(地铁站)@(121.47984,31.228687), 黄陂南路@(121.479798,31.228753)]"
394,永升大厦,2.0,"[宜山路(地铁站)@(121.433882,31.192846), 宜山路@(121.433806,31.192588)]"
395,华商时代广场,,
396,融汇958创意园,1.0,"[陆家嘴@(121.508824,31.243637)]"
397,虹口绿亮科创园,1.0,"[国际客运中心@(121.504856,31.255835)]"
398,舜元企业发展大厦B栋,2.0,"[江苏路@(121.437716,31.226546), 江苏路@(121.4371,31.226732)]"
399,老码头创意园,,
400,新华保险大厦,1.0,"[国际客运中心@(121.504856,31.255835)]"
401,鸿运大厦,3.0,"[曹杨路(地铁站)@(121.424181,31.245449), 枫桥路@(121.41754,31.248068), 枫桥路@(121.41754,31.248068)]"
402,联通大厦,1.0,"[中山公园@(121.423065,31.224175)]"
403,海亮大厦,,
404,华普科技大厦,1.0,"[南浦大桥@(121.506359,31.214259)]"
405,嘉地中心,2.0,"[南京西路@(121.46678,31.236135), 南京西路@(121.465932,31.23413)]"
406,越洋广场,1.0,"[静安寺@(121.453901,31.229402)]"
407,东苑丽宝广场,,
408,华源世界广场,1.0,"[镇坪路@(121.436843,31.252964)]"
409,同达创业,1.0,"[娄山关路@(121.410818,31.216958)]"
410,春申江大厦,1.0,"[人民广场@(121.481022,31.238795)]"
411,君庭广场,2.0,"[三门路-地铁站@(121.514918,31.318882), 三门路@(121.514701,31.318613)]"
412,国际金融家,,
413,德国中心,,
414,金光外滩中心,2.0,"[豫园@(121.4939,31.234006), 豫园(地铁站)@(121.494066,31.233517)]"
415,瑞金大厦,1.0,"[陕西南路@(121.465323,31.221939)]"
416,大宁中心广场,,
417,恒积大厦,1.0,"[大世界@(121.485885,31.233128)]"
418,胜康廖氏大厦,2.0,"[商城路@(121.52289,31.236125), 东昌路@(121.521998,31.239079)]"
419,卢湾建设发展大楼,3.0,"[黄陂南路(地铁站)@(121.47984,31.228687), 黄陂南路@(121.479798,31.228753), 新天地@(121.481686,31.221998)]"
420,张江集电港,,
421,永惠大厦写字楼,2.0,"[陆家浜路@(121.492716,31.217413), 老西门@(121.489797,31.22473)]"
422,盛源恒华大厦,3.0,"[宜山路(地铁站)@(121.433882,31.192846), 宜山路@(121.433806,31.192588), 上海体育馆@(121.443402,31.188814)]"
423,创邑socool创意园,1.0,"[南浦大桥@(121.506359,31.214259)]"
424,世贸商城,1.0,"[伊犁路@(121.410671,31.204634)]"
425,都市总部大楼,2.0,"[人民广场@(121.481022,31.238795), 大世界@(121.485885,31.233128)]"
426,751国际创意工场,3.0,"[黄陂南路(地铁站)@(121.47984,31.228687), 黄陂南路@(121.479798,31.228753), 新天地@(121.481686,31.221998)]"
427,互联宝地,1.0,"[黄兴公园@(121.539677,31.301934)]"
428,铜仁88,2.0,"[南京西路@(121.46678,31.236135), 南京西路@(121.465932,31.23413)]"
429,万业新阶,1.0,"[中潭路@(121.447467,31.260932)]"
430,歆翱商务楼,,
431,东方维京大厦,,
432,蕾特商务中心,,
433,国正中心,,
434,五角丰达二期,,
435,上海商城,1.0,"[静安寺@(121.453901,31.229402)]"
436,华生大厦,1.0,"[江宁路@(121.450569,31.250552)]"
437,源达大厦,2.0,"[江宁路@(121.450569,31.250552), 长寿路@(121.444762,31.246718)]"
438,七宝宝龙城,1.0,"[七宝@(121.356049,31.161393)]"
439,静安高和大厦,1.0,"[静安寺@(121.453901,31.229402)]"
440,天汇广场,,
441,BHC中环中心,,
442,中通大厦,1.0,"[黄兴公园@(121.539677,31.301934)]"
443,长宁来福士广场,1.0,"[中山公园@(121.423065,31.224175)]"
444,光宝科技大厦,,
445,大宁财智中心,,
446,晶采世纪大厦,3.0,"[南京西路@(121.46678,31.236135), 南京西路@(121.468949,31.234645), 南京西路@(121.465932,31.23413)]"
447,徐家汇独栋花园办公楼,3.0,"[徐家汇@(121.443173,31.200871), 徐家汇站@(121.444211,31.202406), 徐家汇@(121.442314,31.201202)]"
448,裕景国际大厦,2.0,"[浦东大道(地铁站)@(121.525951,31.245786), 浦东大道@(121.526013,31.245796)]"
449,海上硕和城SOHO商务中心,1.0,"[翔殷路@(121.538472,31.311024)]"
450,博济F-1088(放鹤路),1.0,"[颛桥@(121.408435,31.072842)]"
451,中建大厦,2.0,"[浦电路@(121.535457,31.22605), 浦电路@(121.538513,31.229007)]"
452,嘉宁国际大厦,1.0,"[金沙江西路@(121.341691,31.247399)]"
453,汤臣中心,,
454,尚品SOHO,2.0,"[桃浦新村@(121.355937,31.287647), 桃浦新村@(121.355937,31.287647)]"
455,财富国际广场,,
456,界龙总部园,1.0,"[芳甸路@(121.56462,31.237704)]"
457,绿地创客,1.0,"[东宝兴路@(121.486639,31.265746)]"
458,青松城,1.0,"[肇嘉浜路@(121.456463,31.205392)]"
459,瑞安广场,2.0,"[黄陂南路(地铁站)@(121.47984,31.228687), 黄陂南路@(121.479798,31.228753)]"
460,创智良仓,,
461,上海国际商厦,1.0,"[东宝兴路@(121.486639,31.265746)]"
462,绿地公园广场,,
463,上海意大利中心,,
464,强劲大厦,1.0,"[七莘路@(121.369817,31.137798)]"
465,海益商务大厦,1.0,"[威宁路@(121.393672,31.220484)]"
466,虹桥临空工贸小区,1.0,"[北新泾@(121.38064,31.222104)]"
467,森本大厦,1.0,"[上海体育场@(121.450248,31.19218)]"
468,上海万都中心大厦,,
469,银石科技园,2.0,"[漕宝路@(121.440961,31.174604), 龙漕路@(121.45062,31.176283)]"
470,智慧广场,1.0,"[武宁路@(121.436675,31.240291)]"
471,企业天地,,
472,洲际中心,2.0,"[上海火车站@(121.46396,31.255155), 汉中路@(121.46524,31.247193)]"
473,张江创新园,1.0,"[张江高科@(121.594061,31.207879)]"
474,外滩588,,
475,北美广场,1.0,"[大连路@(121.519576,31.263723)]"
476,静安中华大厦,1.0,"[静安寺@(121.453901,31.229402)]"
477,越界智慧谷,2.0,"[鲁班路(地铁站)@(121.481672,31.205124), 鲁班路@(121.480988,31.20494)]"
478,锦绣申江,,
479,来福士广场,1.0,"[人民广场@(121.481022,31.238795)]"
480,加减乘除创意园,,
481,陆家嘴软件园,1.0,"[陆家嘴@(121.508824,31.243637)]"
482,金融广场,1.0,"[南京东路@(121.490857,31.243738)]"
483,虹桥国际商务广场,2.0,"[合川路(地铁站)@(121.391344,31.172184), 合川路@(121.391169,31.172225)]"
484,MINI公馆,,
485,建工大厦,2.0,"[提篮桥@(121.51328,31.259141), 国际客运中心@(121.504856,31.255835)]"
486,浦发广场写字楼,,
487,中海国际中心,1.0,"[人民广场@(121.481022,31.238795)]"
488,金鹰大厦,,
489,稻盛科研楼,,
490,中关村科技大厦,3.0,"[曹杨路(地铁站)@(121.424181,31.245449), 曹杨路@(121.4241,31.244107), 曹杨路@(121.424224,31.244796)]"
491,上海招商局广场,1.0,"[南京西路@(121.468949,31.234645)]"
492,仕方广场,,
493,良友大厦,2.0,"[商城路@(121.52289,31.236125), 东昌路@(121.521998,31.239079)]"
494,四方科创园,,
495,锦科文化产业园,,
496,一加投资创意园,1.0,"[石龙路@(121.44963,31.164304)]"
497,X2创意空间,1.0,"[嘉善路@(121.467353,31.208616)]"
498,上海节能环保科技企业孵化基地,,
499,五角场800号艺术区,,
500,宝华大厦,1.0,"[长寿路@(121.444762,31.246718)]"
501,中天新世纪,1.0,"[上海火车站@(121.46396,31.255155)]"
502,中星城,1.0,"[上海南站@(121.436696,31.160423)]"
503,芳华德必运动LOFT,,
504,长泰企业天地,1.0,"[上海马戏城@(121.458503,31.285845)]"
505,金桥数研基地,,
506,虹桥富力中心,,
507,永融企业中心,1.0,"[海伦路@(121.495445,31.264649)]"
508,宝矿国际大厦,,
509,冠捷科技大楼,,
510,联合大厦,3.0,"[曹杨路(地铁站)@(121.424181,31.245449), 曹杨路@(121.4241,31.244107), 曹杨路@(121.424224,31.244796)]"
511,华鑫中心,1.0,"[桂林路@(121.424982,31.181001)]"
512,永华大厦,2.0,"[浦东大道(地铁站)@(121.525951,31.245786), 浦东大道@(121.526013,31.245796)]"
513,上海现代交通商务大厦,1.0,"[汉中路@(121.46524,31.247193)]"
514,海通证券大厦,2.0,"[人民广场@(121.481022,31.238795), 大世界@(121.485885,31.233128)]"
515,世博宝钢大厦,2.0,"[浦电路@(121.535457,31.22605), 浦电路@(121.538513,31.229007)]"
516,联峰汇,3.0,"[徐家汇@(121.443173,31.200871), 徐家汇站@(121.444211,31.202406), 徐家汇@(121.442314,31.201202)]"
517,企业广场,1.0,"[汉中路@(121.46524,31.247193)]"
518,紫竹国际大厦,1.0,"[花木路@(121.569227,31.21757)]"
519,上海华电大厦,,
520,宁谷商务大厦,,
521,武康庭,3.0,"[交通大学@(121.440977,31.208554), 交通大学@(121.441394,31.208906), 上海图书馆@(121.450771,31.214439)]"
522,蓝天大厦,2.0,"[五角场(地铁站)@(121.521182,31.303776), 五角场@(121.521191,31.303805)]"
523,凯德龙之梦,,
524,中建时代广场,,
525,虹桥国际商务花园,,
526,尼克大楼,,
527,由由世纪广场,,
528,金天地国际大厦,2.0,"[大世界@(121.485885,31.233128), 老西门@(121.489797,31.22473)]"
529,华虹国际大厦,2.0,"[四川北路@(121.490774,31.257732), 天潼路@(121.488783,31.250088)]"
530,企业总部园区,1.0,"[上海体育馆@(121.443402,31.188814)]"
531,尚凯商务大厦,1.0,"[江浦公园@(121.530286,31.270507)]"
532,虹桥正荣中心,,
533,燎申国际大厦,,
534,静安创展中心,1.0,"[长寿路@(121.444762,31.246718)]"
535,绿地能源大厦,3.0,"[五角场(地铁站)@(121.521182,31.303776), 五角场@(121.521191,31.303805), 江湾体育场@(121.520633,31.308746)]"
536,徐汇苑大厦,4.0,"[漕溪路(地铁站)@(121.444799,31.183104), 上海游泳馆@(121.448026,31.185365), 漕溪路@(121.444739,31.182978), 上海游泳馆@(121.448026,31.185365)]"
537,同乐坊,1.0,"[昌平路@(121.448746,31.240476)]"
538,虹桥世家花园写字楼,1.0,"[中山公园@(121.423065,31.224175)]"
539,裕景国际商务广场B座,2.0,"[浦东大道(地铁站)@(121.525951,31.245786), 浦东大道@(121.526013,31.245796)]"
540,鑫桥创意园,,
541,东方国际科技大厦,2.0,"[浦电路@(121.535457,31.22605), 浦电路@(121.538513,31.229007)]"
542,建工大唐国际大厦,,
543,白玉兰环保广场,2.0,"[延吉中路@(121.541405,31.294724), 黄兴公园@(121.539677,31.301934)]"
544,高宝新时代广场,1.0,"[东宝兴路@(121.486639,31.265746)]"
545,台尚创意园,,
546,斯格威国际,1.0,"[打浦桥@(121.475402,31.212073)]"
547,科恩国际中心,1.0,"[南京西路@(121.465932,31.23413)]"
548,中航天盛广场,1.0,"[三门路@(121.514701,31.318613)]"
549,德必梅园WE,1.0,"[商城路@(121.52289,31.236125)]"
550,广顺商务中心,1.0,"[淞虹路@(121.365797,31.223999)]"
551,莱茵·虹桥中心,1.0,"[龙柏新村@(121.37699,31.182886)]"
552,富丽大厦,1.0,"[江宁路@(121.450569,31.250552)]"
553,花园大厦,1.0,"[中山公园@(121.423065,31.224175)]"
554,新梅联合广场,2.0,"[商城路@(121.52289,31.236125), 东昌路@(121.521998,31.239079)]"
555,嘉麒大厦,,
556,中环协信天地,,
557,虹桥国际科技广场,,
558,中港汇大厦,1.0,"[武宁路@(121.436675,31.240291)]"
559,华纳商务中心,,
560,世纪巴士大厦,2.0,"[黄陂南路(地铁站)@(121.47984,31.228687), 黄陂南路@(121.479798,31.228753)]"
561,绿地新江湾大厦,,
562,SOHO复兴广场,1.0,"[新天地@(121.481686,31.221998)]"
563,天华信息科技服务园,3.0,"[漕溪路(地铁站)@(121.444799,31.183104), 漕溪路@(121.444739,31.182978), 龙漕路@(121.45062,31.176283)]"
564,泰德科技园,1.0,"[共富新村@(121.440458,31.361557)]"
565,骏利财富大厦,,
566,杨浦商城,2.0,"[鞍山新村@(121.516066,31.278922), 江浦路@(121.524804,31.280818)]"
567,华宜大厦,1.0,"[宜山路@(121.433806,31.192588)]"
568,丰树商业城,1.0,"[七宝@(121.356049,31.161393)]"
569,恒利国际大厦,1.0,"[南京西路@(121.468949,31.234645)]"
570,华融大厦,1.0,"[商城路@(121.52289,31.236125)]"
571,新汇园,,
572,绿地海外滩中心B幢,,
573,新华文化科技园,1.0,"[上海马戏城@(121.458503,31.285845)]"
574,晶耀前滩,,
575,铭德国际广场,1.0,"[中兴路@(121.475411,31.259035)]"
576,中环企业广场,,
577,工商联大厦,2.0,"[豫园@(121.4939,31.234006), 豫园(地铁站)@(121.494066,31.233517)]"
578,东方蓝海国际广场,,
579,创研智造,,
580,碧云公馆,1.0,"[台儿庄路@(121.603984,31.258705)]"
581,IF如果文化创意产业园,1.0,"[江宁路@(121.450569,31.250552)]"
582,齐成晟园,,
583,中铁北城时代,,
584,震旦国际大楼,1.0,"[陆家嘴@(121.508824,31.243637)]"
585,盛创企业家园,,
586,江南造船大厦,2.0,"[鲁班路(地铁站)@(121.481672,31.205124), 鲁班路@(121.480988,31.20494)]"
587,嘉汇国际广场,1.0,"[上海体育场@(121.450248,31.19218)]"
588,新纪元国际广场,,
589,富海商务苑,,
590,海洋石油大厦,1.0,"[上海体育场@(121.450248,31.19218)]"
591,开伦智汇园（普陀）,2.0,"[枫桥路@(121.41754,31.248068), 枫桥路@(121.41754,31.248068)]"
592,元茂金豪大厦,2.0,"[江宁路@(121.450569,31.250552), 长寿路@(121.444762,31.246718)]"
593,奇亚特能源中心,,
594,波特营,1.0,"[世纪大道@(121.533437,31.234854)]"
595,远东国际广场,,
596,宏南投资大厦,1.0,"[金桥路@(121.588374,31.263292)]"
597,绿洲中环中心1号楼,1.0,"[真北路@(121.388887,31.237861)]"
598,凯德龙之梦闵行广场,,
599,宝隆一方大厦,,
600,中融碧玉蓝天,1.0,"[陆家嘴@(121.508824,31.243637)]"
601,虹欣大厦,,
602,爱家国际大厦,1.0,"[海伦路@(121.495445,31.264649)]"
603,一天下大厦,1.0,"[汉中路@(121.46524,31.247193)]"
604,上海阿波罗大厦,1.0,"[静安寺@(121.453901,31.229402)]"
605,飞洲国际广场,3.0,"[上海游泳馆@(121.448026,31.185365), 上海体育馆@(121.443402,31.188814), 上海游泳馆@(121.448026,31.185365)]"
606,华隆大厦,2.0,"[南京东路@(121.490857,31.243738), 天潼路@(121.488783,31.250088)]"
607,荣科大厦,2.0,"[鲁班路(地铁站)@(121.481672,31.205124), 鲁班路@(121.480988,31.20494)]"
608,中融信托大厦,1.0,"[上海马戏城@(121.458503,31.285845)]"
609,歆翱智慧谷,1.0,"[石龙路@(121.44963,31.164304)]"
610,海兴大厦,1.0,"[打浦桥@(121.475402,31.212073)]"
611,荣欣大厦,1.0,"[东宝兴路@(121.486639,31.265746)]"
612,旺角广场,2.0,"[豫园@(121.4939,31.234006), 豫园(地铁站)@(121.494066,31.233517)]"
613,H88越虹广场,,
614,绿亮虹梅南路科创园,,
615,东方汇经OFC,,
616,智慧七立方,1.0,"[延长路@(121.461893,31.27806)]"
617,中科招商.国际财富中心,1.0,"[国际客运中心@(121.504856,31.255835)]"
618,8号桥二期,,
619,中新传媒大厦,,
620,兆丰环球大厦,2.0,"[宜山路(地铁站)@(121.433882,31.192846), 宜山路@(121.433806,31.192588)]"
621,创邑金沙谷,1.0,"[真北路@(121.388887,31.237861)]"
622,上海总部湾,,
623,腾飞浦汇大厦,1.0,"[南京东路@(121.490857,31.243738)]"
624,申华金融大厦,1.0,"[南京东路@(121.490857,31.243738)]"
625,双鸽大厦,2.0,"[浦电路@(121.535457,31.22605), 浦电路@(121.538513,31.229007)]"
626,滨江国际广场,,
627,中兴上海智慧园,,
628,华敏翰尊国际商务大厦,,
629,致远大厦,3.0,"[打浦桥@(121.475402,31.212073), 鲁班路(地铁站)@(121.481672,31.205124), 鲁班路@(121.480988,31.20494)]"
630,恒越大厦,,
631,港务大厦,1.0,"[陆家嘴@(121.508824,31.243637)]"
632,港陆黄浦中心,1.0,"[人民广场@(121.481022,31.238795)]"
633,寰启商务园,,
634,海盈商务中心,1.0,"[伊犁路@(121.410671,31.204634)]"
635,颐正大厦,1.0,"[新村路@(121.429033,31.270157)]"
636,金桥大厦,,
637,同济联合广场C座,1.0,"[同济大学@(121.51305,31.288214)]"
638,鲁能国际大厦,1.0,"[肇嘉浜路@(121.456463,31.205392)]"
639,汇鑫国际大厦,2.0,"[宜山路(地铁站)@(121.433882,31.192846), 宜山路@(121.433806,31.192588)]"
640,万科活力城,,
641,上海国际设计中心,1.0,"[同济大学@(121.51305,31.288214)]"
642,名人商业大厦,1.0,"[南京东路@(121.490857,31.243738)]"
643,东海商业中心二期,1.0,"[大世界@(121.485885,31.233128)]"
644,长春藤运通大厦,3.0,"[南京西路@(121.46678,31.236135), 南京西路@(121.468949,31.234645), 南京西路@(121.465932,31.23413)]"
645,众原企业天地,2.0,"[黄陂南路(地铁站)@(121.47984,31.228687), 黄陂南路@(121.479798,31.228753)]"
646,众原国际中心,1.0,"[静安寺@(121.453901,31.229402)]"
647,合生财富大厦,1.0,"[国际客运中心@(121.504856,31.255835)]"
648,东银中心,1.0,"[伊犁路@(121.410671,31.204634)]"
649,金沙商务广场,1.0,"[祁连山南路@(121.374143,31.24317)]"
650,宝矿洲际商务中心,2.0,"[上海火车站@(121.46396,31.255155), 汉中路@(121.46524,31.247193)]"
651,国家开发银行大厦,1.0,"[东昌路@(121.521998,31.239079)]"
652,首信银都国际广场,,
653,百乐门商务楼,1.0,"[昌平路@(121.448746,31.240476)]"
654,莘东置业大厦,,
655,133世界广场,,
656,1930鑫鑫创意园,1.0,"[海伦路@(121.495445,31.264649)]"
657,北外滩金光中心,1.0,"[国际客运中心@(121.504856,31.255835)]"
658,梅龙镇广场,2.0,"[南京西路@(121.46678,31.236135), 南京西路@(121.465932,31.23413)]"
659,绿洲中环中心3号楼,1.0,"[真北路@(121.388887,31.237861)]"
660,敦奴大厦,1.0,"[真北路@(121.388887,31.237861)]"
661,恒隆广场,,
662,云海苑,3.0,"[南京西路@(121.46678,31.236135), 南京西路@(121.468949,31.234645), 南京西路@(121.465932,31.23413)]"
663,东方海港国际大厦,1.0,"[提篮桥@(121.51328,31.259141)]"
664,田林园,,
665,漕河泾现代服务业园区,1.0,"[虹梅路@(121.403932,31.166073)]"
666,鑫达商务楼,,
667,上海桂林聚科都市科技园,1.0,"[漕宝路@(121.440961,31.174604)]"
668,尚光徐汇中心,3.0,"[徐家汇@(121.443173,31.200871), 徐家汇站@(121.444211,31.202406), 徐家汇@(121.442314,31.201202)]"
669,一佰杉杉大厦,2.0,"[浦电路@(121.535457,31.22605), 浦电路@(121.538513,31.229007)]"
670,浦项商务广场,1.0,"[浦电路@(121.538513,31.229007)]"
671,隆宇大厦,2.0,"[商城路@(121.52289,31.236125), 东昌路@(121.521998,31.239079)]"
672,世宏金源中心,,
673,尚品都汇,,
674,曲阳商务中心,2.0,"[曲阳路@(121.497039,31.282122), 赤峰路@(121.48899,31.287038)]"
675,虹桥机场商务楼,1.0,"[虹桥1号航站楼@(121.3539,31.197476)]"
676,城市概念创意园区,1.0,"[隆昌路@(121.550831,31.281348)]"
677,现代通信大厦,1.0,"[台儿庄路@(121.603984,31.258705)]"
678,创智空间,1.0,"[金科路@(121.608557,31.209932)]"
679,金汇德必易园,,
680,莘庄产学研基地,,
681,汇融大厦,3.0,"[曹杨路(地铁站)@(121.424181,31.245449), 曹杨路@(121.4241,31.244107), 曹杨路@(121.424224,31.244796)]"
682,世界贸易大厦,,
683,城建大厦,1.0,"[成山路@(121.50273,31.176478)]"
684,虹桥上海城,1.0,"[娄山关路@(121.410818,31.216958)]"
685,亚都商务楼,,
686,丁香国际大厦,2.0,"[杨高中路地铁站(公交站)@(121.556305,31.233591), 杨高中路@(121.555022,31.233791)]"
687,振华企业广场,1.0,"[临沂新村@(121.52308,31.198949)]"
688,WE国际文化创意中心（静安）,1.0,"[静安寺@(121.453901,31.229402)]"
689,中国民生银行大厦,1.0,"[人民广场@(121.481022,31.238795)]"
690,上海滩国际大厦,,
691,天杉•易园,,
692,浦江国际金融广场,1.0,"[提篮桥@(121.51328,31.259141)]"
693,星辰大厦,,
694,之俊大厦主楼,1.0,"[嘉善路@(121.467353,31.208616)]"
695,百乐门大都会,1.0,"[静安寺@(121.453901,31.229402)]"
696,绿地风尚天地广场,1.0,"[共康路@(121.453464,31.325355)]"
697,漕河泾易园,,
698,联创国际,,
699,新理想大厦,1.0,"[上海火车站@(121.46396,31.255155)]"
700,大宁音乐广场,,
701,金穗大厦,,
702,证大五道口大厦,,
703,e通世界,,
704,众城大厦,1.0,"[世纪大道@(121.533437,31.234854)]"
705,浦发大厦,1.0,"[东昌路@(121.521998,31.239079)]"
706,友力国际大厦,1.0,"[江宁路@(121.450569,31.250552)]"
707,大虹桥国际中心,,
708,徐汇创意园,1.0,"[石龙路@(121.44963,31.164304)]"
709,国阳大厦,,
710,普罗娜商务广场,1.0,"[祁连山南路@(121.374143,31.24317)]"
711,天山大厦,1.0,"[北新泾@(121.38064,31.222104)]"
712,漕河泾浦江科技广场,1.0,"[浦江镇@(121.512891,31.102197)]"
713,圣御大厦,,
714,长阳谷,2.0,"[宁国路(地铁站)@(121.538808,31.274654), 宁国路@(121.539069,31.274769)]"
715,嘉亭大厦,2.0,"[安亭@(121.168602,31.294335), 安亭@(121.168602,31.294335)]"
716,虹桥总部1号,,
717,上海晶碧产业园,,
718,凯利大厦,,
719,共和国际商务广场,1.0,"[彭浦新村@(121.455097,31.312943)]"
720,时代金融中心,1.0,"[陆家嘴@(121.508824,31.243637)]"
721,红星国际广场,1.0,"[联航路@(121.51713,31.079655)]"
722,浦江知地,,
723,国际航运金融大厦,1.0,"[浦东大道@(121.526013,31.245796)]"
724,同济联合广场,1.0,"[同济大学@(121.51305,31.288214)]"
725,凯德星贸中心,1.0,"[上海马戏城@(121.458503,31.285845)]"
726,虹桥汇,,
727,万千大厦,1.0,"[镇坪路@(121.436843,31.252964)]"
728,恒汇国际大厦,1.0,"[上海火车站@(121.46396,31.255155)]"
729,平高世贸中心,,
730,光启文化广场,2.0,"[上海体育场@(121.450248,31.19218), 上海体育馆@(121.443402,31.188814)]"
731,思创大厦,,
732,城投控股大厦,,
733,物资大厦,2.0,"[南京东路@(121.490857,31.243738), 天潼路@(121.488783,31.250088)]"
734,申虹国际大厦,2.0,"[虹桥火车站@(121.327908,31.20033), 虹桥2号航站楼@(121.3327,31.200617)]"
735,海棠大厦,,
736,科技产业化大楼,1.0,"[漕河泾开发区@(121.404164,31.17622)]"
737,立明大厦,,
738,华滋奔腾大厦,1.0,"[长江南路(地铁站)@(121.498558,31.338116)]"
739,中达广场,2.0,"[浦电路@(121.535457,31.22605), 浦电路@(121.538513,31.229007)]"
740,红坊,2.0,"[虹桥路(地铁站)@(121.427261,31.203719), 虹桥路@(121.428043,31.203176)]"
741,静安新时代大厦,3.0,"[南京西路@(121.46678,31.236135), 南京西路@(121.468949,31.234645), 南京西路@(121.465932,31.23413)]"
742,环线广场,,
743,凯德龙之梦虹口广场,1.0,"[虹口足球场@(121.485807,31.276632)]"
744,嘉利大厦,,
745,徐汇易园,,
746,东方尚博创意园,,
747,金延大楼,,
748,东吴证券大厦,1.0,"[陆家浜路@(121.492716,31.217413)]"
749,德安大厦,1.0,"[昌平路@(121.448746,31.240476)]"
750,家化金融大厦,,
751,东方众鑫大厦,,
752,凯旋门大厦,2.0,"[8号线曲阜路站@(121.478223,31.248891), 曲阜路@(121.478011,31.248303)]"
753,康建商务广场,2.0,"[祁连山路@(121.382499,31.277205), 祁连山路@(121.382499,31.277205)]"
754,月月光伯爵天地,,
755,尚街LOFT,1.0,"[肇嘉浜路@(121.456463,31.205392)]"
756,旭辉世纪广场,,
757,汇峰大厦,1.0,"[上海体育场@(121.450248,31.19218)]"
758,环球世界大厦,1.0,"[静安寺@(121.453901,31.229402)]"
759,梓坤科技园,,
760,圣骊虹桥创意园,2.0,"[虹桥路(地铁站)@(121.427261,31.203719), 虹桥路@(121.428043,31.203176)]"
761,中国华电,1.0,"[陆家嘴@(121.508824,31.243637)]"
762,明凯大厦,,
763,虹桥新地中心,,
764,大宁易园,,
765,智慧树创意园,1.0,"[虹口足球场@(121.485807,31.276632)]"
766,X2创意园区2期,,
767,永谊大厦,1.0,"[呼兰路@(121.444185,31.345991)]"
768,环球金融中心,1.0,"[陆家嘴@(121.508824,31.243637)]"
769,东方金融园,1.0,"[临沂新村@(121.52308,31.198949)]"
770,中华1912创意产业园,1.0,"[江宁路@(121.450569,31.250552)]"
771,华强科技大厦,,
772,方舟大厦,,
773,桂果园,1.0,"[漕河泾开发区@(121.404164,31.17622)]"
774,淮海国际广场,1.0,"[陕西南路@(121.465323,31.221939)]"
775,大众金融大厦,,
776,捷运大厦,,
777,苏宁天御国际广场,,
778,东方国际大厦,,
779,兰村大厦,1.0,"[蓝村路@(121.534381,31.217627)]"
780,康吉大厦,1.0,"[上海火车站@(121.46396,31.255155)]"
781,广东发展银行大厦,3.0,"[打浦桥@(121.475402,31.212073), 马当路(地铁站)@(121.4838,31.215387), 马当路@(121.48331,31.215357)]"
782,万科VMO,,
783,东方金融广场,,
784,平高大厦,,
785,金环商务花园,,
786,郡江国际大厦,2.0,"[宁国路(地铁站)@(121.538808,31.274654), 宁国路@(121.539069,31.274769)]"
787,陆家嘴商务广场,1.0,"[浦电路@(121.538513,31.229007)]"
788,同叶大厦,1.0,"[江浦路@(121.524804,31.280818)]"
789,恒耀广场,,
790,上海湾鄂尔多斯大厦,1.0,"[商城路@(121.52289,31.236125)]"
791,紫竹科学园区,,
792,嘉南红塔商务广场,,
793,上海新天地时尚广场,3.0,"[黄陂南路(地铁站)@(121.47984,31.228687), 黄陂南路@(121.479798,31.228753), 新天地@(121.481686,31.221998)]"
794,锦江向阳大楼,3.0,"[南京西路@(121.46678,31.236135), 南京西路@(121.468949,31.234645), 南京西路@(121.465932,31.23413)]"
795,外高桥酒类展示交易中心,,
796,海森国际大厦,,
797,中国船舶大厦,,
798,同和国际大厦,2.0,"[三门路-地铁站@(121.514918,31.318882), 三门路@(121.514701,31.318613)]"
799,医谷・现代商务园,,
800,南洋1931,1.0,"[上海体育场@(121.450248,31.19218)]"
801,申大厦,1.0,"[南京东路@(121.490857,31.243738)]"
802,灿虹大厦,,
803,珠江创意中心,,
804,慧创国际C-2区,1.0,"[金沙江西路@(121.341691,31.247399)]"
805,数娱大厦,3.0,"[徐家汇@(121.443173,31.200871), 徐家汇站@(121.444211,31.202406), 徐家汇@(121.442314,31.201202)]"
806,海兴广场,1.0,"[打浦桥@(121.475402,31.212073)]"
807,尚街会馆,,
808,瑞丰国际大厦,1.0,"[杨树浦路@(121.523944,31.257681)]"
809,丽晶阳光大厦,2.0,"[隆德路@(121.430167,31.236749), 武宁路@(121.436675,31.240291)]"
810,双高世贸广场,,
811,凯瑞大厦,,
812,尚大国际,1.0,"[上大路@(121.414775,31.321458)]"
813,中环滨江大厦,,
814,港汇中心二座,3.0,"[徐家汇@(121.443173,31.200871), 徐家汇站@(121.444211,31.202406), 徐家汇@(121.442314,31.201202)]"
815,富荟商业广场（写字楼）,,
816,飞雕国际大厦,3.0,"[徐家汇@(121.443173,31.200871), 徐家汇站@(121.444211,31.202406), 徐家汇@(121.442314,31.201202)]"
817,达邦协作广场,2.0,"[上海火车站@(121.46396,31.255155), 汉中路@(121.46524,31.247193)]"
818,申通信息广场,2.0,"[交通大学@(121.440977,31.208554), 交通大学@(121.441394,31.208906)]"
819,陆家嘴基金大厦,2.0,"[浦电路@(121.535457,31.22605), 浦电路@(121.538513,31.229007)]"
820,日月光伯爵天地,2.0,"[嘉定北站@(121.244017,31.397501), 嘉定北@(121.24401,31.397409)]"
821,绿亮虹口科创园,1.0,"[虹口足球场@(121.485807,31.276632)]"
822,飞乐企业大厦,1.0,"[彭浦新村@(121.455097,31.312943)]"
823,禹洲金桥国际一期,,
824,淮云大厦,1.0,"[大世界@(121.485885,31.233128)]"
825,华夏银行大厦,,
826,惠德大厦,2.0,"[陆家浜路@(121.492716,31.217413), 老西门@(121.489797,31.22473)]"
827,高华大楼,,
828,桂箐路产业园,,
829,嘉印象,,
830,1876老站创意园,1.0,"[大柏树@(121.489614,31.295096)]"
831,中环国际大厦,1.0,"[江湾体育场@(121.520633,31.308746)]"
832,古北国际财富中心,1.0,"[伊犁路@(121.410671,31.204634)]"
833,上海月星环球港,2.0,"[曹杨路@(121.4241,31.244107), 金沙江路@(121.419507,31.237991)]"
834,康健商务广场,2.0,"[祁连山路@(121.382499,31.277205), 祁连山路@(121.382499,31.277205)]"
835,世纪时空,1.0,"[静安寺@(121.453901,31.229402)]"
836,淮海金融大厦,3.0,"[大世界@(121.485885,31.233128), 黄陂南路(地铁站)@(121.47984,31.228687), 黄陂南路@(121.479798,31.228753)]"
837,中成智谷,,
838,旺旺大厦,3.0,"[南京西路@(121.46678,31.236135), 南京西路@(121.468949,31.234645), 南京西路@(121.465932,31.23413)]"
839,交能国际大厦,,
840,世纪商务大厦,2.0,"[江宁路@(121.450569,31.250552), 长寿路@(121.444762,31.246718)]"
841,三和大厦,,
842,绿地北外滩中心,1.0,"[提篮桥@(121.51328,31.259141)]"
843,裕丰国际大厦,,
844,合川大厦,2.0,"[合川路(地铁站)@(121.391344,31.172184), 合川路@(121.391169,31.172225)]"
845,iDream张江公馆,,
846,上海利通广场,1.0,"[四川北路@(121.490774,31.257732)]"
847,爱登堡科技园,,
848,和典创意园,,
849,慧谷白猫科技园,,
850,禾森商务中心,1.0,"[延安西路@(121.423577,31.215772)]"
851,文通-财富国际,1.0,"[黄兴公园@(121.539677,31.301934)]"
852,上海中天科技商务园,,
853,高尚领域,2.0,"[真如@(121.413834,31.256497), 真如@(121.413834,31.256497)]"
854,麦腾创业天地,,
855,尚嘉中心,,
856,亚洲大厦,1.0,"[人民广场@(121.481022,31.238795)]"
857,星汇广场,1.0,"[黄兴公园@(121.539677,31.301934)]"
858,锦明大厦,,
859,上海跨国采购中心,,
860,天安万科御河企业公馆,,
861,福克斯元江路创新园,,
862,万事利大厦,1.0,"[陆家浜路@(121.492716,31.217413)]"
863,海上硕和城,1.0,"[翔殷路@(121.538472,31.311024)]"
864,乐业天地创意园,1.0,"[漕河泾开发区@(121.404164,31.17622)]"
865,福克斯（银石）商务中心,1.0,"[七宝@(121.356049,31.161393)]"
866,盛源科技园,2.0,"[祁连山路@(121.382499,31.277205), 祁连山路@(121.382499,31.277205)]"
867,梵克雅堡,,
868,久事商务大厦,1.0,"[南京东路@(121.490857,31.243738)]"
869,枫林创意园,1.0,"[肇嘉浜路@(121.456463,31.205392)]"
870,七宝易园,1.0,"[七宝@(121.356049,31.161393)]"
871,百汇园,3.0,"[徐家汇@(121.443173,31.200871), 徐家汇站@(121.444211,31.202406), 徐家汇@(121.442314,31.201202)]"
872,骏丰国际财富广场,1.0,"[四平路@(121.50817,31.280778)]"
873,创富大厦,1.0,"[四平路@(121.50817,31.280778)]"
874,汇亚大厦,1.0,"[陆家嘴@(121.508824,31.243637)]"
875,鸿海大厦,,
876,凤凰科技园,1.0,"[漕宝路@(121.440961,31.174604)]"
877,集创公园,,
878,新银大厦,1.0,"[漕河泾开发区@(121.404164,31.17622)]"
879,上海电力国家大学科技园,1.0,"[隆昌路@(121.550831,31.281348)]"
880,明基广场,1.0,"[淞虹路@(121.365797,31.223999)]"
881,银座企业中心,2.0,"[江宁路@(121.450569,31.250552), 长寿路@(121.444762,31.246718)]"
882,永嘉庭,1.0,"[衡山路@(121.45316,31.211335)]"
883,静安东贤大厦,,
884,凯阳大厦,1.0,"[中山公园@(121.423065,31.224175)]"
885,洛克外滩源,1.0,"[南京东路@(121.490857,31.243738)]"
886,东方希望大厦,,
887,三林金融众创空间,,
888,证大立方大厦,2.0,"[杨高中路地铁站(公交站)@(121.556305,31.233591), 杨高中路@(121.555022,31.233791)]"
889,中联大厦,3.0,"[曹杨路(地铁站)@(121.424181,31.245449), 曹杨路@(121.4241,31.244107), 曹杨路@(121.424224,31.244796)]"
890,静安现代产业大厦,1.0,"[汉中路@(121.46524,31.247193)]"
891,中煌大厦,2.0,"[上海游泳馆@(121.448026,31.185365), 上海游泳馆@(121.448026,31.185365)]"
892,诚信国际大厦,,
893,道•创空间,3.0,"[徐家汇@(121.443173,31.200871), 徐家汇站@(121.444211,31.202406), 徐家汇@(121.442314,31.201202)]"
894,昇PARK创意园,,
895,舜元企业发展大厦A栋,2.0,"[江苏路@(121.437716,31.226546), 江苏路@(121.4371,31.226732)]"
896,歆翱国际电商大厦,,
897,新业大楼,1.0,"[漕河泾开发区@(121.404164,31.17622)]"
898,开隆大厦,2.0,"[长寿路@(121.444762,31.246718), 武宁路@(121.436675,31.240291)]"
899,智慧湾科创园,,
900,南开大厦,1.0,"[陆家浜路@(121.492716,31.217413)]"
901,中冶祥腾城市广场·菁英逸品,2.0,"[南翔@(121.329747,31.303357), 南翔@(121.329747,31.303357)]"
902,汇银广场,,
903,莘吴之星,,
904,绿地同创大厦,2.0,"[隆德路@(121.430167,31.236749), 隆德路@(121.430026,31.236733)]"
905,前滩尚博创意产业园,,
906,朝阳门大厦,1.0,"[小南门@(121.504895,31.222656)]"
907,全华信息大楼,,
908,法兰桥创意园,,
909,禹洲广场,,
910,明申中心大厦,2.0,"[宜山路@(121.433806,31.192588), 上海体育馆@(121.443402,31.188814)]"
911,柴安大厦,,
912,上海展览中心,,
913,贝岭技术研发中心,,
914,上海环茂广场,1.0,"[虹桥路@(121.428043,31.203176)]"
915,e通世界商务园五区,,
916,三迪曼哈顿,,
917,圣天地商务大厦,1.0,"[江宁路@(121.450569,31.250552)]"
918,50智慧园,2.0,"[枫桥路@(121.41754,31.248068), 枫桥路@(121.41754,31.248068)]"
919,同盛大厦,2.0,"[浦电路@(121.535457,31.22605), 浦电路@(121.538513,31.229007)]"
920,555大厦,1.0,"[南京西路@(121.468949,31.234645)]"
921,凌阳大楼,,
922,中展瑞景,,
923,上海大中里,3.0,"[南京西路@(121.46678,31.236135), 南京西路@(121.468949,31.234645), 南京西路@(121.465932,31.23413)]"
924,永盛商务楼1号楼,,
925,福建天安大厦,,
926,徐汇晶典大厦,2.0,"[宜山路(地铁站)@(121.433882,31.192846), 宜山路@(121.433806,31.192588)]"
927,虹漕园,,
928,东风商务园区,,
929,海东大厦,,
930,新华联大厦,2.0,"[陕西南路@(121.465323,31.221939), 淮海中路@(121.470677,31.226198)]"
931,东华创意园,,
932,恒基大厦,1.0,"[南京东路@(121.490857,31.243738)]"
933,由由燕乔大厦,1.0,"[浦电路@(121.538513,31.229007)]"
934,比乐创意办公空间,,
935,金轩大厦,1.0,"[上海体育场@(121.450248,31.19218)]"
936,杨浦科技大厦,2.0,"[五角场(地铁站)@(121.521182,31.303776), 五角场@(121.521191,31.303805)]"
937,上海中观产业园,,
938,8号桥三期,,
939,世纪大都会,1.0,"[世纪大道@(121.533437,31.234854)]"
940,863基地,,
941,园林大厦,1.0,"[陆家浜路@(121.492716,31.217413)]"
942,世博浦西管理中心,1.0,"[世博会博物馆@(121.488515,31.202606)]"
943,歆翱商务大厦,,
944,锦辉大厦,,
945,森宏旗臻二期,1.0,"[灵岩南路@(121.50168,31.154367)]"
946,凯迪金融大厦,3.0,"[五角场(地铁站)@(121.521182,31.303776), 五角场@(121.521191,31.303805), 江湾体育场@(121.520633,31.308746)]"
947,海泰时代大厦,1.0,"[四川北路@(121.490774,31.257732)]"
948,七莘红点城,1.0,"[蓝村路@(121.534381,31.217627)]"
949,沪办大厦,,
950,大吉地世贸大厦,,
951,宏汇国际广场,2.0,"[宜山路(地铁站)@(121.433882,31.192846), 宜山路@(121.433806,31.192588)]"
952,陆家嘴钻石大厦,1.0,"[陆家嘴@(121.508824,31.243637)]"
953,中展大厦,,
954,惠生中心,,
955,张江润和国际总部园,,
956,天祥大厦,,
957,L777新媒体产业园,,
958,富力虹桥十号,,
959,中国石化物资大厦,,
960,广电大厦,2.0,"[南京西路@(121.46678,31.236135), 南京西路@(121.468949,31.234645)]"
961,闵欣大厦,,
962,中国港中旅大厦,1.0,"[武宁路@(121.436675,31.240291)]"
963,金领之都B区,,
964,外滩德必WE,,
965,龙之梦大厦,1.0,"[中山公园@(121.423065,31.224175)]"
966,绿地滨江中央广场,,
967,解放日报大厦（闵行）,1.0,"[南京东路@(121.490857,31.243738)]"
968,金峰世纪大厦,,
969,石油大厦,,
970,天物空间,,
971,光明大厦,2.0,"[豫园@(121.4939,31.234006), 豫园(地铁站)@(121.494066,31.233517)]"
972,一百杉杉大厦,2.0,"[浦电路@(121.535457,31.22605), 浦电路@(121.538513,31.229007)]"
973,青慧谷,,
974,静安创想中心,,
975,虹桥晶座,1.0,"[龙柏新村@(121.37699,31.182886)]"
976,腾飞大厦,1.0,"[上海体育场@(121.450248,31.19218)]"
977,绿地公元1860,,
978,华舟大厦,,
979,张江.华鑫慧天地,,
980,外滩8号,,
981,上海地产大厦,3.0,"[徐家汇@(121.443173,31.200871), 徐家汇站@(121.444211,31.202406), 徐家汇@(121.442314,31.201202)]"
982,红星世贸大厦,,
983,京德大楼,1.0,"[老西门@(121.489797,31.22473)]"
984,绿地蓝海大厦3号楼,,
985,亚龙国际广场,1.0,"[大世界@(121.485885,31.233128)]"
986,上海南站德必易园,,
987,金沙江商务广场,1.0,"[大渡河路@(121.401707,31.237535)]"
988,金桥瑞邑,,
989,东华时尚创意园,1.0,"[中山公园@(121.423065,31.224175)]"
990,国立大厦,1.0,"[静安寺@(121.453901,31.229402)]"
991,康宁大厦,1.0,"[老西门@(121.489797,31.22473)]"
992,祥鹿大厦,,
993,中期大厦,1.0,"[镇坪路@(121.436843,31.252964)]"
994,华融国际大厦,,
995,银桥大厦,1.0,"[台儿庄路@(121.603984,31.258705)]"
996,沪西德必易园,2.0,"[上海西站@(121.40794,31.268542), 上海西站@(121.40794,31.268542)]"
997,静安新业坊,,
998,SOHO丽园,3.0,"[陆家浜路@(121.492716,31.217413), 马当路(地铁站)@(121.4838,31.215387), 马当路@(121.48331,31.215357)]"
999,万象城,1.0,"[紫藤路@(121.37097,31.175533)]"
1000,摩工坊,1.0,"[打浦桥@(121.475402,31.212073)]"
1001,中福实业大厦,2.0,"[徐家汇@(121.443173,31.200871), 徐家汇站@(121.444211,31.202406)]"
1002,万源创意园,2.0,"[隆德路@(121.430167,31.236749), 隆德路@(121.430026,31.236733)]"
1003,莲花国际商务广场,1.0,"[莲花路@(121.409334,31.136734)]"
1004,明申商务广场,1.0,"[虹漕路@(121.41697,31.170066)]"
1005,神州数码科技大厦,1.0,"[北新泾@(121.38064,31.222104)]"
1006,科苑大楼,,
1007,金岸大厦,1.0,"[提篮桥@(121.51328,31.259141)]"
1008,伍佰视觉园,3.0,"[徐家汇@(121.443173,31.200871), 徐家汇站@(121.444211,31.202406), 徐家汇@(121.442314,31.201202)]"
1009,富群商务大厦A栋,,
1010,复兴广场,1.0,"[新天地@(121.481686,31.221998)]"
1011,金鹰国际广场,,
1012,星外滩10号,1.0,"[黄兴公园@(121.539677,31.301934)]"
1013,绿地北郊广场,,
1014,华宏商务中心,,
1015,金航大厦,1.0,"[静安寺@(121.453901,31.229402)]"
1016,由度工场,,
1017,大华虎城第三空间,,
1018,五环大厦,1.0,"[鞍山新村@(121.516066,31.278922)]"
1019,龙之梦购物中心,1.0,"[中山公园@(121.423065,31.224175)]"
1020,金城大厦,2.0,"[8号线曲阜路站@(121.478223,31.248891), 曲阜路@(121.478011,31.248303)]"
1021,波司登大厦,,
1022,机电大厦,1.0,"[上海火车站@(121.46396,31.255155)]"
1023,万街303,1.0,"[上海南站@(121.436696,31.160423)]"
1024,绿洲中环中心6号楼,1.0,"[真北路@(121.388887,31.237861)]"
1025,绿地东海岸国际广场,1.0,"[川沙@(121.704499,31.192886)]"
1026,创智坊,,
1027,盛邦国际大厦,1.0,"[四川北路@(121.490774,31.257732)]"
1028,云海大厦,2.0,"[常熟路@(121.456628,31.219964), 上海图书馆@(121.450771,31.214439)]"
1029,长久商务中心,1.0,"[长寿路@(121.444762,31.246718)]"
1030,中一国际商务大厦,,
1031,雍和创智广场,,
1032,虹桥525创意园,,
1033,国际港务大厦,1.0,"[国际客运中心@(121.504856,31.255835)]"
1034,虹口图书馆写字楼,1.0,"[虹口足球场@(121.485807,31.276632)]"
1035,日月光中心伯爵居,1.0,"[打浦桥@(121.475402,31.212073)]"
1036,上海国际中小企业城,,
1037,耀江国际大厦,1.0,"[国际客运中心@(121.504856,31.255835)]"
1038,美通科创空间,,
1039,元福大厦,2.0,"[徐家汇@(121.443173,31.200871), 徐家汇@(121.442314,31.201202)]"
1040,飘鹰世纪大厦,1.0,"[邮电新村@(121.500859,31.274187)]"
1041,森林湾大厦,1.0,"[四川北路@(121.490774,31.257732)]"
1042,御河企业公馆,,
1043,沙田大厦,2.0,"[长寿路@(121.444762,31.246718), 武宁路@(121.436675,31.240291)]"
1044,上服创意园,,
1045,城市机场航站楼,1.0,"[静安寺@(121.453901,31.229402)]"
1046,徐家汇国际,3.0,"[徐家汇@(121.443173,31.200871), 徐家汇站@(121.444211,31.202406), 徐家汇@(121.442314,31.201202)]"
1047,飞雕商务大厦,3.0,"[隆德路@(121.430167,31.236749), 隆德路@(121.430026,31.236733), 武宁路@(121.436675,31.240291)]"
1048,上海主角,,
1049,汇智创意园,2.0,"[昌平路@(121.448746,31.240476), 长寿路@(121.444762,31.246718)]"
1050,东方有线大厦,1.0,"[人民广场@(121.481022,31.238795)]"
1051,华瑞大厦,,
1052,宝华中心,,
1053,南苏州路独栋,1.0,"[人民广场@(121.481022,31.238795)]"
1054,环球都会广场,1.0,"[耀华路@(121.501124,31.184085)]"
1055,上海国峰科技大厦,,
1056,德必易园,,
1057,尼克大厦,,
1058,国信商务大厦,1.0,"[打浦桥@(121.475402,31.212073)]"
1059,南洋实业大楼,3.0,"[徐家汇@(121.443173,31.200871), 徐家汇站@(121.444211,31.202406), 徐家汇@(121.442314,31.201202)]"
1060,龙峰大厦,1.0,"[延安西路@(121.423577,31.215772)]"
1061,松江万达广场,,
1062,徐汇大树下新媒体创意园,1.0,"[石龙路@(121.44963,31.164304)]"
1063,怡虹科技园,,
1064,宝华国际广场,,
1065,现代物流大厦,,
1066,金钟大厦,1.0,"[肇嘉浜路@(121.456463,31.205392)]"
1067,玉嘉大厦,,
1068,枫林国际大厦,1.0,"[东安路@(121.461153,31.197304)]"
1069,亚太企业大厦,1.0,"[肇嘉浜路@(121.456463,31.205392)]"
1070,上海望族城大厦,1.0,"[漕宝路@(121.440961,31.174604)]"
1071,上海电子物联产业园,,
1072,长青企业广场,2.0,"[浦三路@(121.54554,31.157148), 浦三路@(121.54554,31.157148)]"
1073,嘉兴大厦,3.0,"[世纪大道@(121.533437,31.234854), 浦电路@(121.535457,31.22605), 浦电路@(121.538513,31.229007)]"
1074,尚诚国际,3.0,"[曹杨路(地铁站)@(121.424181,31.245449), 曹杨路@(121.4241,31.244107), 曹杨路@(121.424224,31.244796)]"
1075,开开大厦,2.0,"[隆德路@(121.430167,31.236749), 隆德路@(121.430026,31.236733)]"
1076,阳光科技大厦,1.0,"[昌平路@(121.448746,31.240476)]"
1077,电科滨江中心,1.0,"[打浦桥@(121.475402,31.212073)]"
1078,麦可将园区,,
1079,格林德必易园,2.0,"[上海西站@(121.40794,31.268542), 上海西站@(121.40794,31.268542)]"
1080,东上海中心,,
1081,长峰中心.聚贤阁,,
1082,兴业大厦,2.0,"[南京西路@(121.46678,31.236135), 南京西路@(121.465932,31.23413)]"
1083,孵源节能环保科技企业孵化基地,,
1084,永旭商务中心,,
1085,绿地中心二期写字楼,1.0,"[龙华中路@(121.463605,31.191322)]"
1086,银历大厦,2.0,"[四川北路@(121.490774,31.257732), 宝山路@(121.48291,31.257393)]"
1087,福克斯(银座)旗舰商务区,,
1088,欧爱喜商务广场,,
1089,禹洲金桥国际五期,,
1090,山谷you帮大厦,,
1091,科技领袖之都,,
1092,金蝶软件园,,
1093,申银发展大厦,,
1094,展讯中心,,
