,name,type,age,floors,rent,hotel,hospital,mall,park1500,store,underground,POIs,floors_hz,surface_hz,floor_height_hz
0,银历大厦,3,,,3.9,39.0,4.0,11.0,10.0,52.0,2.0,7,18.0,,3.3
1,张江国创中心,3,1.0,4.0,4.1,1.0,0.0,1.0,1.0,0.0,0.0,4,,94000.0,
2,中铁中环时代广场,3,6.0,16.0,4.27,7.0,1.0,0.0,4.0,10.0,0.0,5,16.0,214227.0,4.2
3,中国煤炭大厦,3,17.0,28.0,6.4,46.0,2.0,1.0,1.0,28.0,2.0,7,28.0,60000.0,3.0
4,徐汇商务大厦,2,9.0,21.0,4.51,53.0,3.0,4.0,7.0,23.0,3.0,7,21.0,36000.0,3.0
5,寰启商务园,3,,,2.36,3.0,0.0,0.0,0.0,4.0,0.0,3,9.0,,
6,信达大厦,2,20.0,25.0,4.5,72.0,25.0,0.0,4.0,35.0,1.0,6,25.0,38000.0,3.0
7,立明大厦,2,10.0,15.0,4.2,3.0,1.0,0.0,0.0,0.0,0.0,3,,,
8,绿地汇方广场,3,1.0,6.0,4.92,6.0,0.0,2.0,6.0,15.0,1.0,6,,,
9,东方众鑫大厦,3,15.0,31.0,8.38,116.0,22.0,13.0,10.0,34.0,3.0,7,31.0,32579.0,3.6
10,中华门大厦,2,18.0,24.0,3.32,28.0,9.0,4.0,4.0,16.0,1.0,7,24.0,24000.0,3.0
11,鸿海大厦,3,,27.0,4.18,11.0,0.0,2.0,7.0,13.0,0.0,5,27.0,35000.0,3.5
12,虹桥协信中心,3,,4.0,4.64,23.0,2.0,0.0,0.0,4.0,0.0,4,9.0,225622.0,4.3
13,春申创意园,3,,5.0,2.2,0.0,1.0,1.0,0.0,7.0,0.0,4,5.0,25000.0,2.8
14,城投控股大厦,3,7.0,21.0,8.17,106.0,4.0,6.0,0.0,58.0,0.0,5,21.0,61346.0,3.2
15,慧创国际,3,10.0,10.0,2.86,10.0,0.0,0.0,3.0,8.0,0.0,4,10.0,71400.0,3.5
16,静安创展中心,3,11.0,11.0,5.55,76.0,4.0,2.0,5.0,38.0,2.0,7,,30883.0,5.5
17,泰德科技园,3,2.0,11.0,2.49,3.0,1.0,0.0,0.0,13.0,1.0,5,11.0,33000.0,5.0
18,汇鑫国际大厦,3,8.0,22.0,5.95,58.0,5.0,3.0,7.0,19.0,2.0,7,22.0,50000.0,3.9
19,佳预信息科技大厦,3,7.0,10.0,4.07,12.0,0.0,0.0,1.0,5.0,0.0,4,10.0,77682.0,
20,凯滨国际大厦,3,2.0,18.0,9.8,26.0,5.0,2.0,4.0,17.0,0.0,6,10.0,48869.6,4.2
21,上海国际汽车城大厦,3,,,1.77,5.0,0.0,0.0,0.0,1.0,0.0,3,,32125.0,2.7
22,宝华国际广场,3,7.0,23.0,5.98,1.0,3.0,3.0,4.0,9.0,0.0,6,23.0,58000.0,3.5
23,新虹桥中心大厦,3,20.0,36.0,6.31,19.0,0.0,5.0,10.0,14.0,0.0,5,36.0,86300.0,3.6
24,科海大楼,3,2.0,11.0,10.1,9.0,0.0,0.0,0.0,4.0,0.0,3,,38840.0,3.0
25,耀江国际广场,3,8.0,28.0,4.34,96.0,13.0,11.0,11.0,74.0,1.0,7,28.0,137000.0,3.6
26,证大立方大厦,3,11.0,23.0,7.74,16.0,1.0,5.0,18.0,6.0,2.0,7,21.0,40000.0,3.6
27,绿亮科创园,2,2.0,5.0,2.6,3.0,0.0,1.0,1.0,7.0,0.0,5,,,
28,上海传奇商业广场,3,1.0,3.0,7.46,1.0,0.0,0.0,0.0,0.0,0.0,2,,,
29,凯科国际大厦,3,9.0,28.0,6.58,3.0,1.0,0.0,1.0,9.0,1.0,6,28.0,40445.0,4.0
30,上海世茂大厦,3,0.0,27.0,9.78,13.0,2.0,6.0,10.0,18.0,1.0,7,,,
31,金博尚品,3,11.0,12.0,4.73,2.0,0.0,0.0,20.0,11.0,0.0,4,,,
32,智苑文创空间,3,,,3.8,19.0,0.0,0.0,3.0,14.0,0.0,4,5.0,,3.6
33,上海华电大厦,3,1.0,26.0,7.33,1.0,0.0,0.0,0.0,0.0,0.0,2,23.0,43035.24,4.5
34,华融大厦,3,113.0,31.0,7.05,63.0,6.0,13.0,5.0,0.0,1.0,6,31.0,20025.0,3.6
35,悦达国际大厦,3,13.0,26.0,4.52,55.0,5.0,8.0,3.0,21.0,3.0,7,26.0,24159.0,3.0
36,瑞金大厦,2,20.0,27.0,7.18,189.0,19.0,5.0,12.0,39.0,1.0,7,27.0,46959.0,3.7
37,D1国际创意空间,3,17.0,7.0,5.73,29.0,4.0,1.0,2.0,12.0,2.0,7,,,
38,优房商务中心,2,,5.0,2.35,7.0,0.0,0.0,2.0,5.0,1.0,5,4.0,,3.5
39,燕兴大厦,1,16.0,24.0,3.5,56.0,6.0,3.0,3.0,18.0,1.0,7,29.0,33248.0,
40,众城大厦,2,22.0,25.0,4.55,55.0,9.0,3.0,4.0,0.0,1.0,6,25.0,36000.0,3.5
41,大来大楼,3,,,8.9,92.0,3.0,6.0,5.0,34.0,0.0,6,8.0,7369.0,3.5
42,和平国际商务港,3,6.0,15.0,3.92,23.0,0.0,2.0,1.0,7.0,0.0,5,,79186.0,
43,文景楼,3,,,2.8,4.0,1.0,2.0,1.0,2.0,0.0,6,8.0,,3.0
44,长城大厦,3,9.0,44.0,6.45,34.0,2.0,0.0,6.0,30.0,5.0,6,44.0,116043.0,4.0
45,国盛中心,3,9.0,35.0,4.34,0.0,0.0,1.0,0.0,6.0,0.0,3,35.0,527000.0,3.5
46,惠扬大厦,3,13.0,25.0,5.5,2.0,0.0,0.0,12.0,12.0,0.0,4,25.0,,2.7
47,彩生活时代广场,3,1.0,5.0,2.98,10.0,2.0,2.0,2.0,9.0,0.0,6,,,
48,中土大厦,3,21.0,27.0,3.6,0.0,8.0,3.0,2.0,45.0,1.0,6,27.0,27000.0,3.2
49,中西大厦,3,5.0,20.0,4.55,63.0,10.0,5.0,3.0,26.0,2.0,7,20.0,18000.0,3.6
50,新概念大厦,3,13.0,20.0,4.5,17.0,8.0,2.0,3.0,19.0,0.0,6,20.0,20500.0,3.7
51,协通大厦,3,5.0,16.0,1.69,9.0,0.0,0.0,0.0,3.0,0.0,3,16.0,18000.0,3.8
52,万科七宝国际,3,2.0,9.0,4.74,9.0,0.0,1.0,2.0,3.0,2.0,6,8.0,257207.0,
53,谷泰滨江大厦,2,15.0,26.0,3.9,7.0,5.0,0.0,2.0,6.0,0.0,5,26.0,30000.0,3.6
54,友力国际大厦,3,10.0,24.0,6.46,57.0,7.0,0.0,4.0,26.0,1.0,6,27.0,35823.0,2.7
55,张江润和国际总部园,3,12.0,6.0,4.65,1.0,0.0,0.0,1.0,1.0,0.0,4,,91454.0,
56,世纪汇广场,3,,,13.66,53.0,6.0,2.0,5.0,21.0,1.0,7,32.0,360000.0,3.5
57,歆翱智慧谷,2,1.0,6.0,1.88,6.0,2.0,1.0,6.0,8.0,1.0,7,,,
58,中联大厦,2,20.0,30.0,3.23,38.0,2.0,5.0,6.0,38.0,3.0,7,30.0,43200.0,3.2
59,会德丰国际广场,3,8.0,54.0,14.28,95.0,19.0,11.0,6.0,28.0,1.0,7,61.0,100000.0,4.2
60,虹桥晶座,3,8.0,9.0,3.9,17.0,2.0,8.0,1.0,15.0,1.0,7,9.0,16084.0,3.7
61,百丽国际广场,3,7.0,22.0,6.4,20.0,5.0,3.0,4.0,13.0,0.0,6,18.0,45751.0,3.9
62,阿里中心,3,1.0,15.0,5.93,22.0,2.0,2.0,3.0,11.0,0.0,6,9.0,141499.0,2.85
63,健康智谷,3,,,3.73,17.0,0.0,1.0,3.0,15.0,0.0,5,,25000.0,3.0
64,虹桥丽宝广场,3,2.0,8.0,6.47,0.0,0.0,3.0,0.0,5.0,0.0,3,8.0,,4.3
65,创新大楼,2,18.0,21.0,4.5,4.0,2.0,0.0,3.0,8.0,1.0,6,,33066.0,3.0
66,悦达889中心,3,9.0,32.0,7.83,55.0,4.0,8.0,3.0,23.0,3.0,7,32.0,102475.0,3.0
67,斯米克大厦,3,21.0,22.0,5.75,55.0,8.0,10.0,3.0,24.0,2.0,7,22.0,10000.0,2.6
68,世达商务中心,3,1.0,5.0,4.2,16.0,3.0,2.0,1.0,22.0,1.0,7,,,
69,龙之梦雅仕大厦,3,7.0,34.0,9.45,98.0,0.0,7.0,8.0,35.0,1.0,6,34.0,85680.0,2.7
70,融汇958创意园,3,,,7.55,13.0,2.0,6.0,10.0,18.0,0.0,6,,,
71,国立大厦,3,18.0,24.0,5.6,76.0,25.0,9.0,4.0,37.0,1.0,7,24.0,33000.0,3.6
72,太湖世家国际大厦,3,12.0,25.0,2.08,10.0,0.0,2.0,3.0,5.0,0.0,5,25.0,42093.0,
73,半岛科技园,2,11.0,6.0,4.72,3.0,0.0,0.0,1.0,1.0,0.0,4,6.0,38000.0,3.7
74,锦城大厦,3,23.0,26.0,3.77,42.0,1.0,0.0,4.0,28.0,2.0,6,26.0,69000.0,2.8
75,浦东嘉里城,3,8.0,43.0,8.0,0.0,0.0,4.0,12.0,9.0,1.0,5,43.0,230000.0,4.0
76,金外滩国际广场,3,,,10.79,41.0,4.0,5.0,6.0,28.0,0.0,6,22.0,77852.0,3.5
77,天华信息科技园,3,10.0,10.0,5.5,41.0,6.0,0.0,4.0,16.0,4.0,6,10.0,125465.0,3.9
78,上海科技京城,3,21.0,33.0,4.87,96.0,3.0,17.0,0.0,57.0,2.0,6,33.0,206000.0,3.0
79,上海广场,3,20.0,36.0,7.73,57.0,7.0,24.0,29.0,43.0,3.0,7,38.0,80000.0,3.8
80,上海商城,3,28.0,48.0,14.0,0.0,22.0,19.0,9.0,36.0,1.0,6,45.0,185000.0,3.6
81,华闻国际大厦,2,12.0,20.0,5.18,30.0,3.0,1.0,5.0,19.0,1.0,7,20.0,50362.0,2.7
82,太平金融大厦,3,7.0,38.0,14.03,18.0,2.0,6.0,9.0,15.0,1.0,7,38.0,110599.0,4.6
83,明申中心大厦,3,16.0,2.0,4.8,33.0,1.0,6.0,6.0,15.0,2.0,7,28.0,37425.0,3.3
84,机电大厦,2,25.0,25.0,4.27,63.0,1.0,4.0,5.0,37.0,1.0,7,25.0,27300.0,2.8
85,虹漕园,2,12.0,12.0,3.4,3.0,2.0,0.0,2.0,11.0,0.0,5,12.0,66000.0,4.3
86,复兴广场,2,20.0,6.0,7.5,0.0,15.0,6.0,15.0,32.0,1.0,6,,,
87,金城大厦,2,13.0,28.0,3.0,77.0,3.0,0.0,4.0,24.0,2.0,6,,36400.0,3.8
88,久事大厦,3,17.0,40.0,7.02,28.0,5.0,5.0,5.0,32.0,0.0,6,40.0,68080.0,3.9
89,德宏大厦,3,11.0,13.0,3.98,38.0,1.0,1.0,3.0,10.0,0.0,6,13.0,17411.0,2.8
90,新金桥大厦,3,20.0,39.0,3.4,3.0,0.0,0.0,2.0,1.0,0.0,4,39.0,60000.0,4.0
91,珠江创意中心,3,9.0,,4.63,17.0,0.0,1.0,3.0,14.0,1.0,6,21.0,62339.0,3.5
92,绿地蓝海,3,10.0,20.0,5.27,5.0,0.0,1.0,4.0,8.0,1.0,6,20.0,45125.8,4.0
93,大吉地世贸大厦,2,11.0,9.0,6.38,70.0,14.0,3.0,12.0,23.0,0.0,6,9.0,4770.0,4.0
94,东方世纪大厦,3,15.0,24.0,4.66,29.0,3.0,5.0,9.0,17.0,0.0,6,24.0,28203.0,3.6
95,宏伊国际广场,3,12.0,32.0,8.77,189.0,18.0,27.0,11.0,81.0,1.0,7,32.0,64642.0,5.0
96,绿地公园广场,3,5.0,15.0,1.9,13.0,0.0,4.0,1.0,5.0,0.0,5,15.0,225595.0,3.65
97,汇智创意园,2,,7.0,3.6,56.0,8.0,1.0,5.0,49.0,1.0,7,7.0,15700.0,3.0
98,青慧谷,3,,,4.2,2.0,0.0,0.0,20.0,12.0,0.0,4,4.0,,3.8
99,由由国际广场,3,11.0,37.0,8.28,44.0,22.0,8.0,2.0,27.0,3.0,7,37.0,450000.0,2.8
100,尚品都汇,3,,8.0,4.64,7.0,0.0,3.0,1.0,11.0,0.0,5,8.0,54713.1,4.25
101,新银大厦,3,21.0,22.0,4.35,3.0,3.0,0.0,3.0,9.0,0.0,5,22.0,24500.0,3.0
102,同叶大厦,3,10.0,17.0,2.8,32.0,12.0,2.0,0.0,38.0,1.0,6,17.0,35000.0,3.8
103,新一百大厦,3,20.0,22.0,6.0,190.0,5.0,20.0,7.0,62.0,1.0,7,22.0,65726.0,3.5
104,鑫达商务楼,2,11.0,8.0,5.6,5.0,0.0,3.0,0.0,0.0,0.0,3,8.0,23360.0,3.8
105,科苑大楼,2,17.0,15.0,6.9,6.0,0.0,0.0,2.0,6.0,0.0,4,15.0,10000.0,4.0
106,东渡国际大厦,3,7.0,12.0,5.0,3.0,4.0,2.0,4.0,5.0,0.0,6,,,
107,华依创新园,3,14.0,3.0,4.2,6.0,0.0,1.0,2.0,2.0,0.0,5,,13000.0,
108,柳林大厦,3,,33.0,6.5,52.0,7.0,19.0,25.0,51.0,1.0,7,33.0,40590.0,2.5
109,中信五牛城,2,22.0,33.0,4.36,25.0,6.0,0.0,1.0,7.0,0.0,5,33.0,82000.0,4.5
110,东华创意园,3,,,5.92,36.0,9.0,2.0,9.0,22.0,0.0,6,15.0,2000.0,
111,君庭广场,2,4.0,12.0,5.13,4.0,3.0,1.0,0.0,9.0,2.0,6,12.0,85393.0,3.8
112,加华商务中心,2,24.0,7.0,5.07,37.0,47.0,2.0,6.0,26.0,2.0,7,7.0,38000.0,3.6
113,星创科技广场,3,2.0,11.0,5.23,8.0,1.0,1.0,0.0,1.0,0.0,5,11.0,86000.0,4.2
114,江南造船大厦,2,17.0,28.0,4.8,31.0,7.0,1.0,6.0,27.0,2.0,7,28.0,40000.0,2.5
115,中融信托大厦,3,,,5.06,0.0,0.0,0.0,3.0,2.0,0.0,3,,41206.0,2.8
116,财瑞大厦,2,12.0,12.0,7.6,93.0,7.0,2.0,11.0,17.0,2.0,7,12.0,14123.0,3.8
117,丰树商业城,3,,,5.25,3.0,0.0,0.0,2.0,7.0,1.0,5,22.0,306630.0,4.5
118,振源大厦,2,19.0,26.0,11.15,35.0,1.0,3.0,6.0,19.0,1.0,7,26.0,23093.0,3.5
119,瑞丰国际大厦,3,11.0,28.0,5.97,20.0,3.0,0.0,3.0,34.0,1.0,6,28.0,64948.0,3.5
120,七建大厦,2,20.0,19.0,5.68,36.0,1.0,3.0,5.0,21.0,2.0,7,19.0,27000.0,2.8
121,祥腾财富广场,3,8.0,10.0,4.21,4.0,1.0,0.0,2.0,0.0,1.0,5,10.0,75452.0,5.4
122,嘉汇广场,1,21.0,27.0,3.25,97.0,2.0,5.0,8.0,22.0,1.0,7,35.0,100000.0,3.8
123,中银大厦,3,16.0,53.0,14.54,14.0,2.0,3.0,10.0,22.0,1.0,7,53.0,123000.0,2.9
124,和一大厦,3,18.0,26.0,4.2,71.0,17.0,7.0,8.0,27.0,0.0,6,26.0,55000.0,2.6
125,兴园373,3,,,6.0,42.0,12.0,2.0,8.0,32.0,1.0,7,5.0,4800.0,
126,李子园大厦,3,10.0,18.0,3.5,7.0,10.0,0.0,2.0,9.0,2.0,6,18.0,75000.0,3.0
127,城开国际大厦,3,11.0,15.0,7.72,70.0,5.0,2.0,10.0,22.0,2.0,7,15.0,45430.0,3.5
128,安基大厦,3,15.0,23.0,4.3,76.0,15.0,11.0,12.0,74.0,1.0,7,23.0,26180.55,2.9
129,白玉兰环保广场,2,10.0,24.0,3.3,11.0,4.0,3.0,8.0,19.0,2.0,7,24.0,40000.0,4.0
130,炬芯研发大楼,3,3.0,11.0,9.15,8.0,0.0,0.0,0.0,3.0,0.0,3,9.0,41547.0,
131,汇阳广场,3,,21.0,5.13,24.0,0.0,2.0,5.0,0.0,2.0,5,21.0,101155.3,
132,远东国际广场,3,18.0,31.0,6.64,27.0,6.0,5.0,7.0,15.0,0.0,6,31.0,93060.0,2.8
133,香港广场,3,20.0,38.0,9.59,68.0,9.0,14.0,28.0,25.0,3.0,7,38.0,140000.0,3.6
134,东海广场,3,,,7.9,87.0,24.0,15.0,7.0,35.0,1.0,7,,,
135,湾谷科技园,3,,,3.29,3.0,0.0,0.0,3.0,4.0,0.0,4,,410000.0,4.2
136,岚桥国际大厦,3,,,7.5,57.0,8.0,12.0,3.0,23.0,1.0,7,11.0,,3.2
137,东航滨江中心,3,1.0,21.0,6.65,12.0,4.0,1.0,5.0,3.0,0.0,6,21.0,62000.0,
138,外滩华融大厦,3,21.0,12.0,7.9,52.0,2.0,0.0,7.0,30.0,0.0,5,12.0,,4.2
139,绿地阳光园,2,12.0,4.0,4.3,24.0,3.0,8.0,1.0,25.0,1.0,7,6.0,13000.0,3.0
140,富海商务苑,3,13.0,6.0,3.5,1.0,0.0,0.0,0.0,1.0,0.0,3,6.0,26716.0,3.0
141,裕安大厦,3,23.0,29.0,5.5,60.0,7.0,3.0,0.0,21.0,1.0,6,29.0,40000.0,3.6
142,2577创意大院,2,13.0,2.0,5.94,0.0,6.0,2.0,4.0,9.0,3.0,6,2.0,40000.0,5.0
143,新发现才富园,2,8.0,6.0,5.0,34.0,2.0,2.0,8.0,15.0,0.0,6,,10000.0,4.0
144,绿洲大厦,2,21.0,25.0,12.25,92.0,11.0,2.0,9.0,38.0,2.0,7,25.0,15000.0,3.5
145,昌平大厦,3,20.0,7.0,16.0,63.0,8.0,5.0,5.0,31.0,0.0,6,7.0,5000.0,3.6
146,中星城,3,5.0,21.0,5.67,24.0,1.0,1.0,8.0,14.0,1.0,7,21.0,26300.0,4.2
147,佑越国际,3,1.0,8.0,4.8,1.0,0.0,0.0,0.0,0.0,0.0,2,8.0,24400.0,4.5
148,东吴证券大厦,3,8.0,20.0,6.16,80.0,16.0,6.0,0.0,41.0,1.0,6,20.0,14548.0,3.3
149,中国保险大厦,3,19.0,39.0,10.21,48.0,6.0,3.0,5.0,25.0,0.0,6,39.0,73000.0,3.9
150,中油大厦,3,18.0,32.0,7.0,42.0,2.0,0.0,4.0,31.0,2.0,6,,,
151,莘东置业大厦,3,7.0,12.0,2.65,7.0,1.0,3.0,0.0,8.0,0.0,5,12.0,37595.0,3.6
152,中环国际大厦,2,14.0,26.0,4.4,26.0,3.0,10.0,2.0,23.0,1.0,7,26.0,59000.0,3.5
153,瑞金商务中心,3,21.0,20.0,5.44,168.0,4.0,1.0,8.0,25.0,2.0,7,,,
154,中汇大厦,2,18.0,8.0,6.0,167.0,12.0,0.0,16.0,73.0,2.0,6,8.0,17247.0,3.5
155,汇融大厦,2,5.0,20.0,6.01,41.0,2.0,7.0,6.0,40.0,3.0,7,20.0,46567.0,
156,长航大厦,2,18.0,27.0,5.9,58.0,8.0,13.0,0.0,25.0,0.0,5,,30000.0,2.5
157,海富花园,1,20.0,23.0,3.83,26.0,0.0,2.0,2.0,17.0,0.0,5,23.0,120000.0,2.6
158,迎龙大厦,3,15.0,24.0,4.0,83.0,12.0,2.0,9.0,36.0,0.0,6,,36000.0,3.0
159,华通大厦,2,19.0,26.0,3.4,63.0,11.0,5.0,8.0,28.0,1.0,7,26.0,27400.0,
160,旺旺大厦,3,11.0,20.0,7.67,0.0,15.0,16.0,14.0,31.0,3.0,6,20.0,30000.0,4.0
161,建设大厦,3,,16.0,5.75,193.0,14.0,17.0,9.0,57.0,1.0,7,16.0,,
162,浦江科技广场,3,,25.0,3.66,1.0,0.0,3.0,1.0,4.0,1.0,6,25.0,400000.0,
163,西子国际中心,3,5.0,,6.67,5.0,14.0,0.0,1.0,11.0,0.0,5,,106462.0,
164,海兴大厦,3,19.0,30.0,4.9,144.0,8.0,2.0,14.0,27.0,1.0,7,,,
165,星荟中心,3,,,8.16,119.0,3.0,9.0,12.0,63.0,1.0,7,32.0,248000.0,
166,长久商务中心,2,16.0,25.0,3.45,55.0,7.0,5.0,6.0,44.0,1.0,7,25.0,22500.0,3.6
167,印坊创意园,3,1.0,3.0,4.21,37.0,7.0,1.0,7.0,50.0,1.0,7,,,
168,汇智大厦,3,12.0,27.0,6.46,97.0,4.0,3.0,7.0,20.0,0.0,6,27.0,38000.0,3.5
169,宝矿国际大厦,3,13.0,40.0,6.28,103.0,6.0,4.0,12.0,22.0,0.0,6,50.0,205079.6,3.5
170,浦江国际金融广场,3,,,8.04,26.0,0.0,2.0,5.0,35.0,1.0,6,38.0,119000.0,4.3
171,上海国际集团大厦,3,17.0,23.0,7.5,135.0,13.0,14.0,15.0,41.0,3.0,7,23.0,,3.6
172,福瑞大厦,3,9.0,11.0,1.4,23.0,1.0,0.0,5.0,0.0,0.0,4,11.0,13280.22,4.2
173,昌辉大厦,2,,,2.59,18.0,2.0,1.0,0.0,11.0,0.0,5,4.0,62986.0,3.5
174,田林园,2,35.0,6.0,3.26,7.0,1.0,0.0,2.0,8.0,0.0,5,6.0,7272.0,3.2
175,滨江2250,2,13.0,6.0,3.8,0.0,0.0,0.0,0.0,0.0,0.0,1,6.0,15000.0,3.5
176,福兴大厦,2,20.0,16.0,4.75,0.0,8.0,14.0,5.0,27.0,2.0,6,16.0,24000.0,3.0
177,绿地风尚天地,3,7.0,28.0,3.7,12.0,1.0,3.0,2.0,23.0,1.0,7,28.0,121986.0,3.65
178,钦江园,2,8.0,6.0,4.2,4.0,2.0,0.0,2.0,18.0,0.0,5,,,
179,沪办大厦,2,21.0,21.0,2.4,48.0,18.0,0.0,2.0,26.0,0.0,5,21.0,75000.0,3.3
180,蓝天大厦,3,10.0,27.0,4.8,28.0,4.0,20.0,6.0,28.0,2.0,7,27.0,44000.0,3.6
181,晓富金融大厦,3,,,4.48,41.0,0.0,0.0,0.0,3.0,1.0,4,50.0,90000.0,
182,金钟大厦,2,23.0,9.0,6.06,93.0,18.0,0.0,3.0,25.0,1.0,6,9.0,12000.0,3.8
183,永旭商务中心,3,,,3.5,8.0,3.0,1.0,2.0,11.0,0.0,6,,,4.85
184,百乐门大都会,3,,,8.36,100.0,20.0,11.0,6.0,32.0,1.0,7,12.0,,
185,淮海中华大厦,2,15.0,28.0,5.18,95.0,3.0,9.0,20.0,30.0,1.0,7,28.0,41982.0,2.8
186,新意城,3,4.0,16.0,5.3,10.0,3.0,0.0,3.0,6.0,1.0,6,16.0,,
187,东方国信商务广场,3,,,5.43,17.0,4.0,5.0,8.0,15.0,1.0,7,5.0,51000.0,5.8
188,华纳商务中心,3,11.0,7.0,4.63,9.0,0.0,0.0,1.0,5.0,2.0,5,7.0,10000.0,3.5
189,永丰国际广场,3,,,8.72,81.0,4.0,10.0,12.0,28.0,1.0,7,26.0,28901.0,
190,仲益大厦,3,6.0,40.0,7.91,122.0,13.0,13.0,20.0,37.0,1.0,7,45.0,110714.0,
191,新城市中心广场,3,9.0,28.0,4.8,25.0,5.0,3.0,9.0,24.0,0.0,6,28.0,21760.0,3.0
192,长江软件园,3,6.0,6.0,2.67,9.0,1.0,0.0,0.0,16.0,0.0,4,6.0,68352.0,3.5
193,安垦创意园,2,,6.0,7.33,43.0,2.0,5.0,0.0,18.0,0.0,5,,,
194,日月光中心,3,7.0,34.0,8.43,134.0,6.0,0.0,13.0,28.0,1.0,6,34.0,45777.0,4.5
195,华盛大厦,3,20.0,26.0,7.46,100.0,13.0,14.0,19.0,50.0,1.0,7,26.0,51000.0,4.0
196,尚光徐汇中心,3,2.0,18.0,7.94,48.0,4.0,0.0,0.0,23.0,2.0,5,15.0,98700.0,4.5
197,高尚领域,3,,33.0,3.1,25.0,5.0,3.0,6.0,24.0,2.0,7,,1140000.0,
198,先锋大厦,3,,,21.1,27.0,4.0,8.0,1.0,22.0,1.0,7,8.0,,3.2
199,金环商务花园,3,6.0,9.0,4.58,0.0,4.0,3.0,2.0,9.0,0.0,5,,30000.0,4.5
200,鸿运大厦,2,17.0,31.0,3.32,29.0,0.0,1.0,6.0,17.0,3.0,6,31.0,50000.0,3.2
201,中国人保寿险大厦,3,,15.0,13.0,34.0,4.0,25.0,9.0,50.0,0.0,6,15.0,23636.58,2.7
202,金融街海伦中心,3,,,7.21,21.0,6.0,3.0,8.0,42.0,1.0,7,32.0,168000.0,
203,云海大厦,2,20.0,24.0,6.48,83.0,19.0,6.0,7.0,24.0,2.0,7,24.0,26586.0,3.5
204,骏利财富大厦,2,9.0,22.0,3.2,3.0,3.0,5.0,3.0,18.0,0.0,6,22.0,2270.0,3.5
205,中友大厦,2,14.0,28.0,5.74,25.0,9.0,1.0,6.0,25.0,2.0,7,28.0,660000.0,3.0
206,大卫国际大厦,2,13.0,27.0,2.12,7.0,0.0,2.0,0.0,5.0,0.0,4,19.0,27158.0,3.6
207,现代物流大厦,3,14.0,15.0,3.89,297.0,2.0,0.0,2.0,12.0,0.0,5,15.0,38130.0,
208,SOHO中山广场,3,7.0,23.0,6.73,0.0,6.0,12.0,7.0,38.0,1.0,6,23.0,142000.0,3.85
209,盛创企业家园,3,5.0,5.0,1.57,5.0,0.0,0.0,0.0,0.0,0.0,2,5.0,2000000.0,
210,北美广场,3,8.0,23.0,6.0,21.0,10.0,1.0,11.0,35.0,1.0,7,23.0,75224.0,4.1
211,凌空SOHO,3,,11.0,5.49,4.0,0.0,3.0,1.0,5.0,0.0,5,11.0,350000.0,4.7
212,光启文化广场,3,6.0,14.0,6.42,59.0,2.0,5.0,5.0,22.0,2.0,7,14.0,36929.0,3.5
213,凯德星贸中心,3,1.0,30.0,8.21,13.0,0.0,1.0,0.0,11.0,1.0,5,28.0,10500.0,4.0
214,欧银中心,2,10.0,9.0,3.8,11.0,3.0,2.0,1.0,15.0,0.0,6,9.0,12000.0,3.2
215,绿地北郊广场,3,6.0,3.0,1.1,4.0,0.0,1.0,4.0,5.0,0.0,5,,225000.0,3.0
216,财富108广场,3,14.0,27.0,4.04,8.0,0.0,0.0,5.0,9.0,1.0,5,27.0,96158.0,3.7
217,莲谷产业园,2,3.0,10.0,2.35,12.0,0.0,3.0,4.0,23.0,0.0,5,12.0,48000.0,3.6
218,福申大厦,2,21.0,20.0,3.5,159.0,12.0,0.0,18.0,0.0,3.0,5,20.0,18520.0,3.6
219,华旭国际大厦,3,10.0,20.0,10.91,125.0,5.0,20.0,17.0,58.0,1.0,7,20.0,30131.93,4.0
220,我格广场,3,10.0,27.0,5.8,29.0,3.0,3.0,4.0,30.0,0.0,6,27.0,109900.0,3.8
221,1876老站创意园,3,,,4.0,13.0,0.0,0.0,1.0,28.0,1.0,5,4.0,16300.0,4.0
222,虹钦园,2,19.0,8.0,3.53,3.0,2.0,0.0,1.0,7.0,0.0,5,8.0,20000.0,3.5
223,城市新汇,3,8.0,12.0,4.1,3.0,8.0,1.0,1.0,17.0,1.0,7,12.0,22000.0,4.0
224,红星世贸大厦,3,9.0,29.0,4.05,6.0,2.0,0.0,3.0,19.0,0.0,5,29.0,30000.0,3.0
225,凯润商务楼,3,,,4.51,24.0,11.0,14.0,5.0,43.0,1.0,7,,7100.0,
226,IF如果文化创意产业园,3,,,3.29,46.0,7.0,4.0,4.0,20.0,1.0,7,4.0,42000.0,4.6
227,恒润大厦,3,,12.0,2.9,0.0,0.0,0.0,0.0,2.0,0.0,2,12.0,23600.0,3.5
228,财富时代大厦,3,13.0,25.0,5.5,51.0,8.0,5.0,1.0,32.0,2.0,7,25.0,52000.0,3.8
229,圣骊创意园,3,14.0,26.0,3.5,11.0,13.0,4.0,1.0,39.0,1.0,7,26.0,45600.0,4.8
230,界龙总部园,3,,,5.63,6.0,2.0,3.0,7.0,6.0,1.0,7,5.0,,2.8
231,歆翱商务大厦,3,,,2.7,9.0,0.0,0.0,0.0,6.0,0.0,3,12.0,16000.0,4.0
232,恒隆广场,3,17.0,66.0,13.57,76.0,14.0,22.0,12.0,36.0,0.0,6,66.0,202007.49,4.0
233,凯迪金融大厦,3,7.0,21.0,4.3,24.0,3.0,18.0,4.0,27.0,3.0,7,21.0,41024.0,3.9
234,莘乔商务楼,2,,3.0,2.5,7.0,2.0,3.0,2.0,11.0,0.0,6,3.0,12000.0,3.5
235,科投大厦,3,16.0,23.0,5.75,116.0,9.0,3.0,3.0,20.0,1.0,7,23.0,50000.0,3.0
236,虹桥汇,3,2.0,9.0,6.24,0.0,0.0,0.0,0.0,4.0,0.0,2,,,
237,枫林国际大厦,3,,,6.28,51.0,10.0,1.0,5.0,25.0,1.0,7,36.0,52000.0,2.7
238,嘉誉国际广场,3,,,5.14,1.0,0.0,1.0,2.0,1.0,0.0,5,,65000.0,4.2
239,新桥商务中心,3,5.0,9.0,4.7,0.0,1.0,2.0,2.0,0.0,2.0,5,,,3.5
240,大上海时代广场,3,18.0,30.0,10.54,36.0,7.0,23.0,27.0,40.0,3.0,7,30.0,93258.59,3.0
241,源达大厦,3,6.0,30.0,6.04,51.0,9.0,3.0,4.0,37.0,1.0,7,30.0,72422.0,3.1
242,企业天地,3,22.0,25.0,13.89,44.0,13.0,16.0,27.0,25.0,2.0,7,25.0,80000.0,3.5
243,华宏商务中心,3,7.0,24.0,4.93,3.0,1.0,0.0,8.0,5.0,0.0,5,24.0,80000.0,3.5
244,旭辉世纪广场,2,11.0,13.0,3.85,2.0,1.0,2.0,2.0,5.0,0.0,6,13.0,13000.0,3.7
245,美林创意园,1,2.0,8.0,2.5,17.0,1.0,2.0,0.0,11.0,0.0,5,9.0,,
246,滨江国际广场,3,6.0,28.0,5.72,1.0,1.0,0.0,2.0,13.0,0.0,5,18.0,149851.0,2.9
247,中骏广场,3,1.0,6.0,5.84,13.0,0.0,1.0,0.0,4.0,0.0,4,,,
248,海高大厦,3,22.0,9.0,4.2,70.0,4.0,4.0,8.0,27.0,0.0,6,,,
249,外高桥复旦科技园创新中心,3,1.0,13.0,3.43,12.0,2.0,3.0,0.0,14.0,0.0,5,,,
250,绿洲中环中心,3,7.0,24.0,5.3,17.0,1.0,6.0,2.0,18.0,1.0,7,24.0,31200.0,4.5
251,老码头创意园,2,11.0,7.0,10.25,0.0,0.0,2.0,2.0,8.0,0.0,4,7.0,20000.0,4.0
252,钱江大厦,3,14.0,27.0,6.21,32.0,1.0,1.0,1.0,27.0,2.0,7,27.0,47170.0,3.4
253,香港新世界大厦,3,16.0,60.0,10.67,45.0,11.0,15.0,26.0,27.0,2.0,7,60.0,134467.0,3.1
254,星峰企业园,3,,,6.0,0.0,1.0,1.0,2.0,1.0,0.0,5,11.0,,3.0
255,中环科技园,3,,,2.48,0.0,1.0,2.0,0.0,4.0,0.0,4,13.0,22000.0,
256,长春藤运通大厦,3,15.0,19.0,7.8,75.0,9.0,16.0,17.0,33.0,3.0,7,19.0,15512.0,3.6
257,华京商务大厦,2,8.0,13.0,4.3,14.0,10.0,2.0,1.0,14.0,0.0,6,13.0,11509.0,3.5
258,世界广场,3,20.0,38.0,6.88,54.0,3.0,8.0,5.0,21.0,2.0,7,38.0,63599.0,2.55
259,嘉利大厦,2,20.0,35.0,3.08,52.0,10.0,1.0,9.0,33.0,0.0,6,35.0,10000.0,3.6
260,新城控股大厦,3,,,5.8,9.0,0.0,1.0,7.0,9.0,1.0,6,20.0,34619.74,3.0
261,虹桥国际大厦,3,12.0,19.0,3.7,31.0,0.0,0.0,11.0,26.0,0.0,4,19.0,4500.0,3.7
262,新发展大厦,2,8.0,19.0,5.0,52.0,2.0,7.0,5.0,35.0,2.0,7,20.0,14000.0,
263,银亿滨江中心,3,,,5.2,22.0,4.0,4.0,2.0,22.0,1.0,7,20.0,64308.0,4.2
264,桂箐园,2,23.0,6.0,3.51,3.0,2.0,0.0,1.0,10.0,0.0,5,6.0,39400.0,4.3
265,兴迪商务大厦,3,10.0,14.0,4.5,6.0,2.0,0.0,2.0,3.0,0.0,5,14.0,20000.0,2.7
266,上海理工大学科技园,3,12.0,6.0,2.92,10.0,0.0,0.0,2.0,7.0,0.0,4,6.0,45000.0,3.2
267,东方渔人码头,3,2.0,,6.22,3.0,2.0,0.0,3.0,23.0,0.0,5,,234329.0,
268,兰生大厦,3,113.0,32.0,9.0,39.0,7.0,20.0,27.0,49.0,1.0,7,32.0,59414.0,3.5
269,森宏旗臻,2,4.0,16.0,5.3,3.0,4.0,3.0,2.0,5.0,1.0,7,14.0,25524.0,4.5
270,文渊楼,3,,,3.0,10.0,0.0,0.0,1.0,8.0,1.0,5,6.0,,3.0
271,铭光商务楼,3,,4.0,4.6,46.0,12.0,3.0,10.0,40.0,0.0,6,,,
272,上海投资组合中心大厦,2,11.0,8.0,4.8,24.0,11.0,19.0,7.0,50.0,1.0,7,8.0,10500.0,3.3
273,宝龙大厦,2,14.0,14.0,8.03,0.0,3.0,21.0,12.0,72.0,1.0,6,14.0,27850.0,3.7
274,嘉地中心,3,7.0,68.0,12.18,106.0,6.0,17.0,9.0,39.0,2.0,7,63.0,171506.0,3.4
275,和源大楼,3,,9.0,4.0,29.0,5.0,3.0,1.0,37.0,1.0,7,,14120.0,
276,汇宝中心,3,1.0,16.0,3.26,1.0,0.0,0.0,0.0,0.0,0.0,2,,,
277,振安广场,2,20.0,24.0,3.5,45.0,0.0,6.0,11.0,6.0,1.0,6,30.0,8756.0,
278,新纪元国际广场,3,10.0,16.0,3.65,16.0,6.0,6.0,8.0,24.0,0.0,6,16.0,21643.0,5.8
279,仲盛金融中心,3,23.0,31.0,5.59,20.0,1.0,4.0,8.0,23.0,0.0,6,31.0,38232.0,4.0
280,伟泰大厦,1,,9.0,9.9,8.0,0.0,0.0,6.0,18.0,2.0,5,9.0,11600.0,4.0
281,宝莲城,3,11.0,22.0,2.8,4.0,2.0,2.0,1.0,3.0,0.0,6,22.0,151798.0,5.5
282,世纪商贸广场,3,14.0,45.0,11.15,88.0,31.0,4.0,8.0,28.0,1.0,7,45.0,87300.0,4.0
283,国家开发银行大厦,3,18.0,44.0,9.11,8.0,6.0,3.0,5.0,25.0,1.0,7,44.0,81000.0,3.5
284,东旅大厦,3,11.0,18.0,4.9,7.0,2.0,1.0,2.0,30.0,0.0,6,18.0,20000.0,3.0
285,张江智创,3,,4.0,2.0,5.0,0.0,0.0,0.0,5.0,3.0,4,,,
286,同盛大厦,3,13.0,25.0,6.83,23.0,0.0,0.0,6.0,22.0,2.0,5,25.0,43959.0,2.6
287,均瑶国际广场,3,15.0,17.0,6.5,54.0,14.0,0.0,7.0,25.0,1.0,6,17.0,75000.0,3.8
288,台尚创意园,3,3.0,4.0,3.37,1.0,2.0,0.0,3.0,12.0,0.0,5,2.0,23000.0,5.5
289,嘉华中心,3,13.0,45.0,11.5,20.0,24.0,0.0,21.0,29.0,1.0,6,45.0,86202.0,3.7
290,城开中心,3,4.0,30.0,5.7,8.0,0.0,5.0,4.0,14.0,1.0,6,30.0,512628.0,4.5
291,汇嘉大厦,1,21.0,28.0,4.4,57.0,2.0,9.0,6.0,23.0,3.0,7,,42200.0,2.5
292,时亦商务大厦,3,1.0,12.0,1.6,8.0,0.0,1.0,0.0,3.0,0.0,4,9.0,27000.0,3.0
293,嘉里不夜城,3,22.0,38.0,5.04,71.0,3.0,6.0,5.0,37.0,2.0,7,,,3.1
294,隆宇国际商务广场,3,6.0,25.0,7.0,59.0,4.0,7.0,5.0,35.0,1.0,7,25.0,123555.0,3.3
295,申鑫大厦,3,22.0,28.0,3.58,116.0,0.0,13.0,17.0,70.0,1.0,6,28.0,28000.0,3.5
296,金嘉商务广场,3,,,1.59,3.0,0.0,1.0,3.0,4.0,0.0,5,16.0,73028.0,3.6
297,1933老场坊,2,12.0,1.0,4.5,22.0,12.0,0.0,8.0,48.0,0.0,5,5.0,317000.0,6.0
298,宝纳大厦,3,10.0,9.0,3.6,14.0,5.0,5.0,1.0,12.0,0.0,6,9.0,14145.0,3.5
299,万科2049创意汇,3,5.0,4.0,4.5,5.0,9.0,3.0,6.0,26.0,1.0,7,4.0,22464.0,3.1
300,恒汇国际大厦,3,8.0,29.0,6.4,22.0,1.0,4.0,3.0,34.0,1.0,7,29.0,48042.0,3.2
301,绿地能源大厦,3,9.0,24.0,4.28,31.0,4.0,0.0,2.0,27.0,3.0,6,24.0,25480.0,2.7
302,阳光科技大厦,2,13.0,18.0,3.3,56.0,8.0,1.0,5.0,36.0,1.0,7,18.0,12660.0,3.2
303,SOHO东海广场,3,10.0,50.0,9.11,66.0,24.0,17.0,4.0,32.0,1.0,7,50.0,80000.0,4.0
304,虹桥南丰城,3,4.0,6.0,6.73,29.0,4.0,0.0,5.0,28.0,1.0,6,36.0,143471.0,3.6
305,金茂大厦,3,19.0,88.0,15.0,8.0,2.0,0.0,3.0,15.0,1.0,6,88.0,287360.0,4.0
306,置汇谷,2,,7.0,4.0,17.0,5.0,10.0,1.0,27.0,1.0,7,7.0,13000.0,3.3
307,建工大唐国际大厦,3,,,9.6,1.0,0.0,0.0,20.0,12.0,0.0,4,22.0,126000.0,4.2
308,海上海,3,12.0,22.0,4.13,8.0,2.0,4.0,11.0,34.0,0.0,6,22.0,120000.0,5.0
309,宝鼎大厦,3,20.0,29.0,4.37,73.0,6.0,2.0,12.0,34.0,1.0,7,29.0,37050.0,3.6
310,金谷中环大厦,3,,,4.03,1.0,0.0,0.0,2.0,3.0,0.0,4,20.0,24906.0,3.5
311,世纪商务大厦,3,13.0,30.0,4.08,49.0,7.0,5.0,3.0,28.0,2.0,7,30.0,43535.0,3.5
312,互联宝地,3,1.0,5.0,5.13,6.0,0.0,0.0,7.0,21.0,2.0,5,,,
313,北岸长风,3,9.0,19.0,5.26,0.0,1.0,1.0,8.0,8.0,0.0,5,19.0,290000.0,3.2
314,近铁虹桥中心,3,,,4.58,15.0,3.0,3.0,2.0,8.0,0.0,6,10.0,44846.0,4.0
315,汇京国际广场,3,5.0,24.0,9.0,26.0,49.0,2.0,6.0,27.0,2.0,7,24.0,86700.0,3.95
316,金轩大厦,3,17.0,28.0,4.7,71.0,4.0,5.0,5.0,24.0,1.0,7,28.0,32000.0,3.8
317,华润时代广场,3,113.0,35.0,8.89,4.0,6.0,0.0,6.0,26.0,1.0,6,34.0,98807.0,3.6
318,宝安大厦,3,18.0,38.0,5.9,44.0,8.0,0.0,4.0,21.0,1.0,6,38.0,89000.0,3.7
319,万象城,3,,,6.77,6.0,2.0,2.0,1.0,18.0,1.0,7,8.0,530000.0,4.1
320,英雄大厦,1,21.0,26.0,3.6,21.0,2.0,4.0,7.0,20.0,1.0,7,26.0,28000.0,3.2
321,东辰大厦,3,23.0,24.0,4.48,30.0,1.0,0.0,9.0,11.0,0.0,5,24.0,26500.0,3.8
322,陆家嘴基金大厦,3,7.0,17.0,8.57,4.0,0.0,0.0,6.0,19.0,2.0,5,17.0,45000.0,4.3
323,中铝大厦,3,2.0,11.0,8.0,0.0,0.0,0.0,6.0,2.0,1.0,4,,,
324,开开大厦,2,20.0,30.0,4.15,41.0,4.0,8.0,2.0,27.0,2.0,7,30.0,,2.45
325,华晔创意园,3,22.0,6.0,4.48,17.0,0.0,2.0,4.0,17.0,1.0,6,6.0,230000.0,3.6
326,中外运大厦,2,19.0,33.0,5.57,169.0,13.0,25.0,12.0,89.0,1.0,7,33.0,23000.0,3.6
327,新宝中心,3,,,2.72,11.0,0.0,0.0,1.0,5.0,0.0,4,14.0,,3.9
328,中航天盛广场,3,,,6.37,9.0,3.0,1.0,0.0,7.0,2.0,6,,97850.0,4.4
329,龙湖虹桥天街,3,4.0,3.0,8.34,1.0,0.0,3.0,0.0,5.0,0.0,4,9.0,425219.0,
330,东泰大厦,2,19.0,27.0,3.3,70.0,5.0,3.0,6.0,74.0,0.0,6,,59000.0,2.4
331,新梅大厦,3,18.0,21.0,3.45,75.0,4.0,3.0,5.0,25.0,0.0,6,21.0,,2.4
332,蕾特商务中心,3,,,1.88,4.0,10.0,0.0,0.0,1.0,0.0,4,11.0,13110.0,3.5
333,宝地广场,3,6.0,20.0,6.9,6.0,11.0,2.0,12.0,42.0,1.0,7,20.0,156400.0,3.5
334,瑞安广场,3,21.0,26.0,11.1,43.0,14.0,6.0,27.0,24.0,2.0,7,26.0,78000.0,3.6
335,一天下大厦,2,14.0,27.0,3.48,19.0,3.0,0.0,7.0,16.0,1.0,6,27.0,45000.0,2.8
336,华祺大厦,3,,,8.75,53.0,23.0,5.0,5.0,44.0,1.0,7,,13500.0,
337,远中科研大楼,2,10.0,9.0,4.2,0.0,2.0,0.0,3.0,0.0,1.0,4,9.0,18000.0,3.0
338,金桥数研基地,3,,,2.45,4.0,0.0,0.0,1.0,1.0,0.0,4,5.0,32500.0,
339,陆家嘴软件园,3,12.0,6.0,7.51,12.0,2.0,3.0,10.0,18.0,1.0,7,6.0,550000.0,4.5
340,胜富仁大厦,3,5.0,11.0,5.0,9.0,2.0,7.0,4.0,13.0,1.0,7,,15282.0,3.9
341,凯利大厦,2,15.0,18.0,5.97,30.0,51.0,1.0,9.0,78.0,1.0,7,18.0,11150.0,3.2
342,爱美高大厦,3,21.0,23.0,10.1,21.0,20.0,6.0,6.0,25.0,2.0,7,23.0,24525.0,3.2
343,50智慧产业科技园,3,,,3.23,22.0,0.0,2.0,6.0,22.0,0.0,5,,12000.0,
344,永华大厦,3,23.0,28.0,7.0,46.0,6.0,0.0,4.0,29.0,2.0,6,28.0,32000.0,2.4
345,申亚金融广场,3,25.0,29.0,5.13,56.0,14.0,1.0,6.0,27.0,0.0,6,29.0,34335.0,3.6
346,上海招商局广场,3,19.0,26.0,6.59,12.0,12.0,12.0,27.0,28.0,0.0,6,26.0,70666.0,3.4
347,中福世福汇,3,15.0,26.0,6.0,134.0,13.0,20.0,15.0,77.0,2.0,7,26.0,23000.0,3.0
348,华鑫天地,3,,,6.03,0.0,0.0,1.0,6.0,6.0,0.0,4,9.0,58122.0,3.5
349,齐鲁大厦,3,22.0,28.0,7.16,42.0,9.0,3.0,0.0,22.0,1.0,6,,46000.0,
350,同乐坊,2,16.0,12.0,8.5,33.0,8.0,2.0,4.0,31.0,2.0,7,12.0,22000.0,
351,慧峰商务大厦,3,12.0,16.0,2.6,1.0,0.0,0.0,0.0,2.0,0.0,3,16.0,17000.0,4.5
352,广东发展银行大厦,2,18.0,25.0,6.4,59.0,7.0,0.0,16.0,29.0,3.0,6,25.0,60598.0,3.7
353,杰地大厦,2,13.0,17.0,4.34,33.0,0.0,6.0,6.0,33.0,3.0,6,17.0,19327.0,3.0
354,滨江万科中心,3,,,7.9,5.0,1.0,0.0,2.0,6.0,0.0,5,25.0,272000.0,4.3
355,致远大厦,3,15.0,28.0,4.33,39.0,6.0,1.0,6.0,29.0,3.0,7,28.0,35000.0,3.0
356,金桥大厦,2,17.0,28.0,3.5,21.0,1.0,6.0,4.0,22.0,0.0,6,,,
357,长海商务楼,3,,,3.29,21.0,0.0,3.0,0.0,26.0,0.0,4,5.0,,3.5
358,协泰中心,3,26.0,29.0,9.26,11.0,1.0,0.0,7.0,22.0,0.0,5,29.0,29000.0,3.6
359,嘉汇国际广场,3,10.0,35.0,6.52,73.0,4.0,3.0,8.0,25.0,1.0,7,35.0,484051.0,3.0
360,蓝宝石大厦,3,15.0,23.0,3.15,10.0,5.0,8.0,4.0,30.0,1.0,7,22.0,,2.6
361,泛太大厦,3,25.0,6.0,3.7,16.0,12.0,2.0,10.0,40.0,0.0,6,6.0,35400.0,2.7
362,福德商务中心,3,22.0,28.0,3.73,23.0,8.0,15.0,7.0,41.0,1.0,7,28.0,72188.17,3.0
363,帝宝国际大厦,3,10.0,9.0,3.6,6.0,3.0,1.0,1.0,15.0,0.0,6,9.0,,3.7
364,长宁88中心,3,4.0,23.0,7.03,38.0,2.0,7.0,4.0,25.0,0.0,6,23.0,175000.0,3.2
365,星外滩10号,3,1.0,20.0,9.64,21.0,0.0,2.0,5.0,37.0,1.0,6,,,
366,春之声大厦,3,11.0,18.0,5.0,19.0,3.0,3.0,6.0,25.0,1.0,7,18.0,13248.0,3.4
367,力玮科技大楼,2,16.0,5.0,3.0,16.0,1.0,0.0,0.0,8.0,0.0,4,5.0,10000.0,3.8
368,大宁商务中心,3,1.0,23.0,6.27,0.0,0.0,0.0,0.0,0.0,0.0,1,,48000.0,4.2
369,中国人寿金融中心,3,1.0,58.0,13.52,12.0,6.0,1.0,5.0,25.0,0.0,6,52.0,108000.0,4.0
370,歆翱国际电商大厦,3,3.0,12.0,1.86,11.0,0.0,4.0,2.0,13.0,0.0,5,12.0,24000.0,3.5
371,龙裕财富中心,3,7.0,11.0,5.0,2.0,4.0,14.0,4.0,5.0,0.0,6,11.0,12500.0,1.05
372,浦江智谷商务园,2,10.0,4.0,2.16,0.0,0.0,0.0,0.0,0.0,0.0,1,6.0,240000.0,3.5
373,兆丰环球大厦,3,20.0,28.0,6.15,21.0,4.0,3.0,3.0,22.0,2.0,7,28.0,67666.08,3.6
374,富容大厦,2,21.0,28.0,4.87,46.0,5.0,3.0,6.0,25.0,1.0,7,25.0,30076.0,
375,高阳大楼,1,100.0,5.0,4.5,0.0,1.0,2.0,2.0,26.0,0.0,5,5.0,14500.0,4.0
376,乐凯大厦,2,22.0,30.0,4.65,39.0,8.0,12.0,5.0,25.0,2.0,7,28.0,43500.0,
377,华能联合大厦,3,21.0,38.0,7.5,18.0,4.0,1.0,7.0,24.0,0.0,6,38.0,73000.0,3.6
378,华辰金融大厦,3,12.0,25.0,7.5,18.0,6.0,0.0,2.0,7.0,0.0,5,25.0,21000.0,3.8
379,联通国际大厦,3,21.0,27.0,4.0,43.0,2.0,0.0,5.0,21.0,0.0,5,27.0,39150.0,3.6
380,绿地汇中心,3,5.0,20.0,5.65,2.0,1.0,0.0,0.0,1.0,2.0,5,20.0,88349.0,4.5
381,华鼎大厦,3,14.0,29.0,4.07,21.0,1.0,5.0,5.0,16.0,0.0,6,29.0,15000.0,3.0
382,永升大厦,3,14.0,26.0,5.83,18.0,4.0,3.0,5.0,18.0,2.0,7,26.0,36000.0,3.3
383,金钟广场,3,19.0,45.0,8.0,36.0,7.0,23.0,27.0,47.0,1.0,7,45.0,91781.92,3.5
384,中信广场,3,7.0,55.0,9.31,66.0,4.0,14.0,10.0,77.0,2.0,7,55.0,150000.0,4.1
385,中创大厦,2,21.0,22.0,8.04,68.0,13.0,18.0,16.0,34.0,3.0,7,22.0,25000.0,
386,华博科技大楼,3,,,5.0,18.0,5.0,9.0,1.0,38.0,1.0,7,,,3.5
387,巴黎时韵,3,15.0,30.0,5.35,131.0,18.0,3.0,10.0,26.0,1.0,7,30.0,30000.0,3.7
388,兴业太古汇,3,2.0,56.0,14.48,20.0,17.0,13.0,19.0,39.0,3.0,7,6.0,114000.0,3.4
389,歆翱商务楼,3,,,2.2,1.0,1.0,3.0,1.0,5.0,0.0,6,2.0,3000.0,4.0
390,首东国顺大厦,3,,15.0,3.5,1.0,4.0,1.0,6.0,15.0,0.0,6,14.0,21455.0,3.9
391,世贸商城,3,22.0,30.0,5.9,14.0,0.0,2.0,8.0,15.0,1.0,6,30.0,280000.0,4.0
392,中设广场,3,1.0,26.0,2.81,3.0,0.0,0.0,0.0,3.0,0.0,3,23.0,68061.0,4.5
393,上海电子物联产业园,3,11.0,5.0,1.86,12.0,0.0,3.0,2.0,23.0,0.0,5,5.0,130000.0,3.6
394,上海滩国际大厦,3,21.0,29.0,6.09,54.0,4.0,4.0,10.0,50.0,0.0,6,29.0,50000.0,3.8
395,飞雕国际大厦,3,12.0,30.0,6.8,55.0,2.0,10.0,6.0,29.0,2.0,7,30.0,47000.0,3.4
396,龙之梦大厦,3,14.0,26.0,6.78,61.0,6.0,10.0,0.0,24.0,1.0,6,26.0,1380000.0,4.0
397,静安新时代大厦,3,17.0,20.0,6.72,19.0,10.0,17.0,18.0,38.0,3.0,7,20.0,18071.0,3.6
398,曹杨商务大厦,3,11.0,17.0,3.58,7.0,0.0,0.0,5.0,14.0,2.0,5,,31574.0,3.0
399,华都大厦,3,23.0,30.0,6.64,43.0,2.0,7.0,3.0,21.0,1.0,7,30.0,53000.0,3.4
400,鑫达大厦,2,21.0,25.0,3.8,7.0,2.0,1.0,8.0,10.0,0.0,6,25.0,32586.0,3.6
401,七星创业园,3,,,3.2,3.0,2.0,0.0,1.0,11.0,0.0,5,,54000.0,
402,虹桥新地中心,3,3.0,9.0,7.77,0.0,0.0,3.0,0.0,5.0,0.0,3,9.0,76000.0,4.18
403,钦汇园,2,15.0,12.0,4.24,4.0,2.0,0.0,1.0,7.0,0.0,5,12.0,32000.0,3.8
404,新茂大楼,2,16.0,15.0,4.41,14.0,3.0,0.0,5.0,9.0,1.0,6,15.0,32200.0,3.8
405,廖创兴金融中心,3,11.0,36.0,10.49,19.0,6.0,19.0,18.0,40.0,1.0,7,36.0,33600.0,4.3
406,国正中心,3,3.0,25.0,5.44,8.0,3.0,1.0,0.0,11.0,2.0,6,,96591.71,
407,恒生银行大厦,3,20.0,46.0,14.1,11.0,1.0,2.0,6.0,18.0,1.0,7,46.0,116824.0,3.9
408,徐汇晶典大厦,2,13.0,23.0,3.3,20.0,0.0,5.0,6.0,14.0,1.0,6,23.0,18000.0,3.0
409,中国梦谷,3,,,1.91,1.0,0.0,0.0,0.0,2.0,0.0,3,11.0,,4.0
410,中一大楼,2,8.0,7.0,7.0,60.0,3.0,9.0,20.0,30.0,1.0,7,7.0,,2.8
411,三和大厦,2,20.0,31.0,4.87,17.0,8.0,2.0,5.0,37.0,0.0,6,31.0,46124.2,3.5
412,静安东贤大厦,3,2.0,27.0,4.57,0.0,0.0,0.0,0.0,0.0,0.0,1,27.0,41206.0,
413,稻盛科研楼,3,,6.0,3.83,1.0,0.0,0.0,0.0,0.0,0.0,2,6.0,5600.0,
414,梅龙镇广场,3,20.0,37.0,10.06,99.0,4.0,21.0,10.0,39.0,2.0,7,37.0,120000.0,3.6
415,沙田大厦,3,14.0,28.0,5.6,49.0,4.0,0.0,4.0,35.0,2.0,6,28.0,26000.0,3.6
416,中环协信天地,3,,,4.34,11.0,2.0,0.0,1.0,10.0,0.0,5,23.0,268127.0,4.2
417,国际航运金融大厦,3,19.0,15.0,8.41,12.0,8.0,0.0,2.0,18.0,2.0,6,15.0,125000.0,3.4
418,圣天地商务大厦,3,13.0,25.0,5.07,41.0,8.0,3.0,2.0,30.0,1.0,7,25.0,11200.0,5.5
419,海宏科创,2,4.0,6.0,2.0,2.0,0.0,0.0,1.0,4.0,0.0,4,,,
420,敦奴大厦,3,7.0,16.0,4.1,10.0,0.0,0.0,2.0,13.0,1.0,5,16.0,15000.0,3.4
421,杨浦都市工业园,2,10.0,5.0,2.84,9.0,1.0,1.0,1.0,17.0,0.0,6,,,
422,淮海国际广场,3,,30.0,11.21,0.0,0.0,8.0,21.0,0.0,1.0,4,30.0,73016.0,
423,明申商务广场,3,12.0,25.0,3.55,0.0,1.0,0.0,3.0,10.0,1.0,5,25.0,35619.0,3.0
424,金汇德必易园,2,1.0,9.0,3.89,14.0,4.0,7.0,1.0,11.0,0.0,6,,,
425,宝隆一方大厦,3,8.0,25.0,3.2,0.0,0.0,0.0,1.0,21.0,0.0,3,25.0,27193.0,3.5
426,环球都会广场,3,,,7.0,25.0,9.0,3.0,6.0,26.0,1.0,7,,,
427,BHC中环中心,3,,,3.6,2.0,0.0,1.0,2.0,4.0,0.0,5,24.0,106575.0,4.5
428,吴中商务大厦,2,13.0,9.0,3.2,15.0,0.0,4.0,0.0,14.0,0.0,4,10.0,,4.3
429,华隆大厦,2,113.0,13.0,3.0,19.0,6.0,12.0,9.0,73.0,2.0,7,13.0,24000.0,2.8
430,高登金融大厦,3,20.0,28.0,8.01,60.0,3.0,6.0,10.0,34.0,0.0,6,28.0,15000.0,3.6
431,工商联大厦,3,20.0,35.0,5.12,100.0,11.0,16.0,14.0,60.0,2.0,7,35.0,40000.0,2.7
432,华一实业大厦,2,14.0,25.0,3.69,7.0,0.0,0.0,5.0,7.0,0.0,4,25.0,40000.0,3.6
433,申虹国际大厦,3,8.0,8.0,6.18,2.0,0.0,1.0,0.0,12.0,2.0,5,,32000.0,3.6
434,云顶国际商业广场,3,7.0,20.0,4.91,8.0,4.0,1.0,0.0,9.0,0.0,5,20.0,35216.0,3.2
435,生命人寿大厦,3,14.0,41.0,6.1,4.0,8.0,13.0,3.0,22.0,2.0,7,41.0,90240.0,3.9
436,建华大楼,2,18.0,7.0,9.3,11.0,4.0,4.0,5.0,24.0,0.0,6,7.0,7000.0,3.0
437,133世界广场,3,2.0,12.0,3.41,1.0,0.0,0.0,0.0,0.0,0.0,2,,,
438,力国大楼,2,9.0,10.0,3.8,18.0,2.0,0.0,2.0,14.0,0.0,5,10.0,12000.0,3.6
439,陆家嘴商务广场,3,19.0,34.0,9.5,14.0,0.0,0.0,7.0,12.0,1.0,5,34.0,98130.0,
440,运通星财富广场,3,7.0,17.0,2.46,12.0,2.0,1.0,9.0,6.0,0.0,6,17.0,42000.0,
441,明谷科技园,3,9.0,13.0,3.12,4.0,0.0,0.0,1.0,52.0,0.0,4,13.0,200000.0,3.3
442,莱茵·虹桥中心,3,8.0,9.0,3.49,12.0,3.0,2.0,1.0,22.0,1.0,7,9.0,8000.0,4.0
443,金沙商务广场,3,9.0,13.0,3.0,8.0,4.0,2.0,0.0,8.0,0.0,5,13.0,14300.0,3.6
444,郡江国际大厦,2,10.0,32.0,3.63,27.0,11.0,3.0,0.0,40.0,2.0,6,32.0,64800.0,3.0
445,飘鹰世纪大厦,3,11.0,22.0,4.0,7.0,6.0,3.0,7.0,22.0,1.0,7,22.0,48191.0,3.4
446,张江集电港,2,17.0,22.0,4.0,4.0,0.0,0.0,0.0,3.0,0.0,3,22.0,210000.0,4.2
447,华泰中心,3,2.0,7.0,3.75,15.0,2.0,4.0,4.0,9.0,1.0,7,,,
448,虹桥天地,3,4.0,10.0,8.75,18.0,10.0,5.0,8.0,15.0,1.0,7,10.0,380000.0,
449,亚洲大厦,3,11.0,21.0,7.18,46.0,3.0,27.0,15.0,72.0,1.0,7,21.0,25000.0,3.7
450,七宝宝龙城市广场,3,,,4.35,6.0,0.0,1.0,0.0,26.0,0.0,4,4.0,390857.0,
451,同和凤城巷,3,1.0,6.0,4.19,29.0,1.0,0.0,8.0,9.0,1.0,6,5.0,10000.0,3.5
452,航汇大厦,3,1.0,15.0,5.4,1.0,1.0,0.0,0.0,1.0,4.0,5,15.0,80000.0,3.2
453,三林金融众创空间,3,,,3.67,26.0,2.0,2.0,0.0,22.0,0.0,5,6.0,,3.3
454,海螺大厦,2,11.0,26.0,4.27,21.0,9.0,4.0,0.0,24.0,0.0,5,26.0,19617.0,3.5
455,华西证券大厦,2,18.0,20.0,3.3,13.0,2.0,3.0,10.0,29.0,1.0,7,20.0,180000.0,3.0
456,长江新能源大厦,3,,11.0,6.99,131.0,3.0,27.0,15.0,72.0,1.0,7,11.0,9772.0,
457,欧江大厦,3,21.0,31.0,4.0,55.0,1.0,0.0,8.0,22.0,1.0,6,31.0,12000.0,3.2
458,堡尼中心,3,7.0,11.0,4.0,2.0,0.0,0.0,4.0,7.0,0.0,4,11.0,11730.15,4.0
459,绿地M-TOWN,3,2.0,17.0,4.97,1.0,0.0,0.0,0.0,0.0,0.0,2,17.0,127316.0,4.5
460,亚都商务楼,3,14.0,14.0,4.5,69.0,3.0,9.0,7.0,24.0,1.0,7,14.0,18000.0,2.8
461,芭洛商务大厦,3,,,2.3,15.0,0.0,1.0,1.0,7.0,0.0,5,5.0,,5.6
462,众原国际中心,3,,,2.2,0.0,20.0,6.0,8.0,30.0,1.0,6,,,
463,寰启商务大厦,3,3.0,9.0,1.9,3.0,0.0,0.0,0.0,2.0,0.0,3,9.0,,3.5
464,华宁国际广场,3,10.0,28.0,5.21,37.0,6.0,10.0,7.0,23.0,0.0,6,28.0,64922.0,3.5
465,申通信息广场,3,18.0,28.0,6.17,57.0,4.0,3.0,11.0,21.0,2.0,7,28.0,26000.0,3.0
466,展想广场,3,6.0,20.0,6.2,7.0,1.0,1.0,2.0,2.0,0.0,6,20.0,62240.0,4.0
467,上海跨国采购中心,3,,,5.98,2.0,1.0,1.0,8.0,3.0,0.0,6,,50607.0,4.2
468,光宝科技大厦,3,1.0,9.0,5.2,6.0,3.0,1.0,1.0,15.0,0.0,6,9.0,225622.0,4.3
469,外滩SOHO,3,,,11.78,23.0,0.0,20.0,11.0,34.0,0.0,5,31.0,190000.0,3.5
470,银统大厦,3,21.0,24.0,6.42,53.0,11.0,5.0,7.0,40.0,0.0,6,24.0,40000.0,3.5
471,港陆广场,3,21.0,36.0,8.0,70.0,2.0,17.0,21.0,53.0,2.0,7,36.0,44650.0,4.0
472,壹丰广场,3,7.0,35.0,6.75,36.0,9.0,14.0,9.0,59.0,1.0,7,35.0,76389.0,2.84
473,美罗大厦,2,21.0,26.0,8.0,58.0,2.0,15.0,5.0,26.0,3.0,7,26.0,43000.0,3.3
474,久事商务大厦,3,12.0,19.0,11.6,108.0,17.0,16.0,10.0,51.0,1.0,7,40.0,68080.0,
475,苏宁天御国际广场,2,5.0,,4.53,8.0,0.0,1.0,2.0,6.0,0.0,5,11.0,170000.0,4.2
476,远东大厦,2,14.0,18.0,5.98,7.0,8.0,13.0,5.0,23.0,2.0,7,18.0,30000.0,2.5
477,东方蓝海国际广场,2,7.0,24.0,5.44,18.0,4.0,8.0,8.0,17.0,0.0,6,24.0,170000.0,3.6
478,锦明大厦,3,14.0,28.0,3.6,21.0,1.0,6.0,7.0,22.0,0.0,6,28.0,26852.0,2.8
479,美奂大厦,3,,,6.01,13.0,4.0,16.0,0.0,27.0,1.0,6,23.0,40000.0,3.5
480,中城国际大厦,3,,27.0,8.53,7.0,5.0,2.0,8.0,21.0,1.0,7,27.0,19300.0,
481,凯迪克大厦,3,18.0,28.0,5.1,97.0,13.0,13.0,14.0,35.0,1.0,7,30.0,41000.0,
482,徐汇日月光中心,3,1.0,9.0,6.5,26.0,10.0,2.0,5.0,24.0,1.0,7,9.0,130294.0,
483,东苑丽宝广场,3,,,4.6,25.0,9.0,10.0,6.0,30.0,0.0,6,,55000.0,
484,凯龙金领大厦,3,,,3.5,0.0,1.0,1.0,2.0,6.0,0.0,5,12.0,55592.0,4.0
485,金融广场,3,19.0,29.0,7.36,179.0,17.0,25.0,13.0,86.0,1.0,7,29.0,42603.0,3.5
486,亚盛大厦,3,10.0,17.0,8.0,25.0,14.0,15.0,14.0,35.0,1.0,7,17.0,18045.0,3.6
487,爵士大厦,2,21.0,28.0,4.0,37.0,2.0,1.0,5.0,22.0,2.0,7,28.0,15000.0,3.0
488,石油天然气大厦,2,13.0,19.0,5.0,86.0,0.0,10.0,12.0,37.0,0.0,5,19.0,,
489,泓毅大厦,3,7.0,13.0,4.72,1.0,1.0,0.0,1.0,2.0,2.0,6,13.0,22000.0,3.9
490,齐成晟园,3,,,3.34,4.0,0.0,1.0,0.0,10.0,0.0,4,10.0,10318.0,4.9
491,锦辉大厦,2,7.0,21.0,4.51,17.0,8.0,2.0,3.0,20.0,0.0,6,21.0,22000.0,3.4
492,锦科文化产业园,3,4.0,10.0,2.81,1.0,0.0,0.0,0.0,0.0,0.0,2,,,
493,张江微电子港,2,12.0,5.0,9.5,5.0,0.0,1.0,2.0,2.0,1.0,6,5.0,240000.0,3.2
494,上海国际工业设计中心,2,9.0,5.0,2.65,5.0,0.0,2.0,2.0,0.0,0.0,4,5.0,50000.0,3.6
495,三维大厦,1,12.0,23.0,3.1,10.0,6.0,3.0,3.0,18.0,1.0,7,,17526.0,3.0
496,未来资产大厦,3,11.0,31.0,12.31,4.0,2.0,6.0,10.0,11.0,1.0,7,31.0,86547.0,4.0
497,众和金融大厦,2,,28.0,4.22,21.0,1.0,0.0,8.0,46.0,0.0,5,28.0,58000.0,
498,新宝科创园,3,3.0,9.0,2.41,21.0,3.0,3.0,1.0,17.0,0.0,6,9.0,10821.0,3.4
499,嘉宁国际大厦,3,10.0,31.0,8.87,51.0,34.0,1.0,6.0,16.0,0.0,6,31.0,31788.0,
500,瑞金花园商务楼,3,20.0,28.0,3.87,0.0,6.0,2.0,13.0,30.0,2.0,6,28.0,20000.0,3.0
501,宝华城市晶典大厦,3,9.0,20.0,5.46,39.0,3.0,4.0,5.0,42.0,2.0,7,20.0,24500.0,3.5
502,复城国际,3,10.0,18.0,3.18,30.0,18.0,0.0,5.0,20.0,0.0,5,18.0,150000.0,3.5
503,静安设计中心,3,,3.0,8.4,49.0,19.0,3.0,6.0,24.0,0.0,6,3.0,,3.5
504,文新报业大厦,3,19.0,48.0,5.3,124.0,5.0,10.0,0.0,39.0,3.0,6,43.0,71169.166,3.0
505,上服创意园,2,12.0,8.0,5.27,23.0,5.0,3.0,11.0,29.0,1.0,7,7.0,5068.0,3.8
506,中环现代大厦,3,8.0,25.0,5.5,13.0,5.0,5.0,5.0,43.0,2.0,7,25.0,39000.0,3.5
507,御河企业公馆,3,,,3.47,0.0,0.0,1.0,0.0,2.0,0.0,3,,137270.0,
508,春申江大厦,2,21.0,18.0,5.5,147.0,5.0,27.0,7.0,76.0,1.0,7,,20480.0,4.0
509,圣御大厦,2,11.0,12.0,3.2,3.0,1.0,0.0,3.0,2.0,0.0,5,12.0,7000.0,4.0
510,中信泰富广场,3,18.0,45.0,11.12,92.0,4.0,21.0,15.0,38.0,2.0,7,45.0,71300.0,3.5
511,新桥大厦,2,22.0,18.0,4.06,58.0,6.0,5.0,9.0,45.0,4.0,7,18.0,19000.0,3.0
512,凤凰大厦,3,14.0,24.0,3.23,17.0,0.0,0.0,5.0,12.0,1.0,5,8.0,25000.0,3.9
513,百乐门商务楼,2,11.0,4.0,4.5,50.0,10.0,2.0,5.0,41.0,1.0,7,4.0,3500.0,3.3
514,智慧广场,3,8.0,,5.14,8.0,3.0,2.0,5.0,33.0,1.0,7,,62209.0,3.6
515,兆丰世贸大厦,3,19.0,28.0,7.1,32.0,10.0,0.0,5.0,21.0,2.0,6,28.0,48838.0,3.8
516,汇银铭尊,3,7.0,13.0,4.04,7.0,1.0,2.0,5.0,4.0,0.0,6,13.0,130000.0,3.5
517,双鸽大厦,3,14.0,17.0,6.5,19.0,0.0,0.0,0.0,16.0,2.0,4,17.0,40356.0,3.5
518,上海华侨大厦,3,113.0,26.0,4.3,69.0,35.0,7.0,3.0,23.0,1.0,7,26.0,26000.0,3.8
519,同和国际大厦,3,,18.0,4.52,8.0,3.0,1.0,0.0,8.0,2.0,6,18.0,23000.0,3.3
520,浦江高科技园,3,7.0,5.0,1.72,0.0,0.0,0.0,3.0,0.0,0.0,2,5.0,180000.0,3.0
521,中一国际商务大厦,3,9.0,25.0,5.3,7.0,2.0,1.0,4.0,22.0,1.0,7,25.0,39144.0,4.0
522,峻岭广场,3,22.0,38.0,3.85,64.0,11.0,13.0,18.0,0.0,2.0,6,38.0,30000.0,3.6
523,上海银行大厦,3,12.0,46.0,14.94,0.0,0.0,0.0,0.0,0.0,0.0,1,46.0,109233.0,4.0
524,伸大厦,2,9.0,27.0,5.03,27.0,1.0,1.0,7.0,21.0,1.0,7,27.0,34818.0,3.6
525,新梅联合广场,3,12.0,38.0,10.26,34.0,6.0,12.0,4.0,22.0,2.0,7,38.0,110000.0,2.7
526,宏南投资大厦,3,12.0,18.0,3.9,13.0,0.0,5.0,2.0,10.0,1.0,6,18.0,18124.0,3.0
527,云仓创意园,3,,,3.85,39.0,2.0,3.0,3.0,25.0,0.0,6,,8000.0,3.0
528,东方大厦,2,21.0,17.0,4.5,28.0,1.0,0.0,7.0,19.0,1.0,6,17.0,52000.0,3.6
529,中展大厦,2,,16.0,3.51,1.0,0.0,0.0,0.0,3.0,0.0,3,16.0,,
530,共和国际商务广场,3,10.0,18.0,3.16,6.0,1.0,2.0,4.0,15.0,1.0,7,18.0,70000.0,3.4
531,大宁德必易园,3,6.0,4.0,4.66,7.0,0.0,1.0,2.0,14.0,0.0,5,4.0,25000.0,3.5
532,金虹桥国际中心,3,5.0,50.0,9.25,27.0,5.0,11.0,13.0,25.0,1.0,7,50.0,263380.0,3.8
533,高宝新时代广场,3,21.0,28.0,5.82,7.0,12.0,11.0,7.0,39.0,1.0,7,28.0,49379.0,3.35
534,浦发大厦,3,113.0,11.0,10.27,45.0,5.0,1.0,5.0,29.0,0.0,6,11.0,72959.0,3.9
535,东亚银行金融大厦,3,10.0,42.0,14.17,13.0,2.0,4.0,9.0,14.0,1.0,7,42.0,91361.0,4.2
536,瑞铂中心,3,3.0,9.0,4.45,16.0,2.0,2.0,0.0,11.0,0.0,5,,,
537,四行仓库创意园,2,19.0,5.0,5.25,61.0,6.0,8.0,9.0,45.0,3.0,7,5.0,43000.0,4.3
538,东朔商务中心,3,,,6.3,15.0,7.0,9.0,6.0,31.0,0.0,6,3.0,5500.0,3.2
539,创业中心大厦,2,22.0,8.0,3.28,3.0,2.0,0.0,1.0,9.0,1.0,6,8.0,12000.0,4.0
540,华生大厦,3,17.0,20.0,3.2,44.0,7.0,4.0,0.0,21.0,1.0,6,,18000.0,3.5
541,骏丰国际财富广场,3,9.0,27.0,4.99,16.0,4.0,5.0,9.0,24.0,1.0,7,27.0,52000.0,4.0
542,炫润国际大厦,2,13.0,9.0,3.0,21.0,2.0,3.0,0.0,12.0,0.0,5,9.0,10800.0,3.7
543,闻通商务中心,2,,6.0,4.0,39.0,2.0,1.0,3.0,26.0,0.0,6,,,
544,保利西岸中心,3,,,8.44,12.0,1.0,0.0,4.0,8.0,0.0,5,,,
545,东上海中心,2,11.0,20.0,3.0,24.0,3.0,8.0,6.0,18.0,1.0,7,20.0,80118.0,5.5
546,新曹杨科技大厦,3,,19.0,3.79,3.0,0.0,0.0,7.0,16.0,2.0,5,,,3.6
547,江桥万达广场,3,7.0,10.0,2.84,21.0,2.0,3.0,4.0,9.0,1.0,7,10.0,170000.0,2.9
548,中金国际广场,3,9.0,22.0,8.14,63.0,4.0,9.0,6.0,26.0,2.0,7,22.0,103155.0,4.0
549,上海外经大厦,2,14.0,20.0,4.5,13.0,1.0,0.0,3.0,10.0,1.0,6,20.0,24000.0,3.9
550,创富大厦,1,,4.0,6.0,6.0,4.0,6.0,9.0,0.0,0.0,5,4.0,,3.5
551,上海地产大厦,3,18.0,26.0,8.88,48.0,4.0,16.0,10.0,30.0,3.0,7,26.0,15127.0,3.4
552,东方国际大厦,3,21.0,16.0,5.45,23.0,0.0,7.0,10.0,14.0,0.0,5,16.0,47000.0,3.6
553,中海国际中心,3,1.0,32.0,10.6,60.0,3.0,13.0,12.0,30.0,1.0,7,,,
554,北科大厦,1,14.0,15.0,4.26,4.0,4.0,3.0,3.0,21.0,2.0,7,15.0,8115.08,3.0
555,浙铁绿城长风中心,3,,,6.0,6.0,3.0,1.0,7.0,3.0,0.0,6,19.0,359500.0,
556,智慧湾科创园,3,2.0,7.0,2.86,3.0,0.0,1.0,1.0,9.0,1.0,6,,42000.0,3.6
557,众城商厦,3,,25.0,3.6,4.0,11.0,8.0,1.0,22.0,2.0,7,15.0,,
558,悟锦世纪大楼,3,10.0,8.0,8.4,103.0,24.0,7.0,8.0,34.0,1.0,7,8.0,17908.0,4.0
559,海尚杰座,3,12.0,16.0,3.64,8.0,4.0,1.0,8.0,20.0,1.0,7,16.0,20000.0,3.6
560,歌斐中心,3,,,10.78,19.0,4.0,2.0,8.0,15.0,1.0,7,32.0,74174.84,3.2
561,万宝国际商务中心,2,23.0,5.0,5.63,29.0,13.0,2.0,11.0,23.0,1.0,7,5.0,20000.0,2.6
562,巨富大厦,3,14.0,25.0,6.0,17.0,15.0,11.0,10.0,30.0,1.0,7,,20055.0,3.0
563,加减乘除创意园,2,6.0,7.0,2.9,7.0,0.0,0.0,1.0,6.0,0.0,4,7.0,13000.0,5.0
564,荣欣大厦,2,19.0,24.0,3.18,33.0,12.0,10.0,7.0,39.0,1.0,7,24.0,29000.0,3.2
565,华瑞大厦,2,13.0,13.0,3.0,4.0,2.0,0.0,2.0,10.0,0.0,5,13.0,13000.0,3.5
566,华盛科技园,3,,,4.77,1.0,1.0,0.0,2.0,0.0,0.0,4,5.0,,2.8
567,桂果园,2,25.0,6.0,3.57,4.0,1.0,0.0,3.0,8.0,0.0,5,6.0,58800.0,3.0
568,银海大楼,2,22.0,12.0,5.1,22.0,11.0,2.0,4.0,17.0,1.0,7,12.0,18000.0,3.6
569,旺角广场,3,12.0,23.0,4.75,32.0,12.0,13.0,17.0,76.0,3.0,7,23.0,33000.0,3.6
570,证大五道口广场,3,13.0,20.0,8.8,6.0,1.0,2.0,16.0,3.0,2.0,7,20.0,106000.0,4.0
571,碧海现代苑,2,10.0,18.0,2.4,6.0,0.0,1.0,0.0,9.0,1.0,5,18.0,63211.0,
572,古美创智中心,3,,,4.5,20.0,5.0,0.0,5.0,17.0,0.0,5,4.0,8000.0,3.5
573,杨浦科技大厦,3,18.0,10.0,3.27,27.0,2.0,5.0,5.0,23.0,0.0,6,10.0,13000.0,3.0
574,MINI公馆,2,8.0,27.0,4.11,7.0,2.0,0.0,5.0,13.0,0.0,5,27.0,99547.0,3.6
575,仙乐斯广场,3,17.0,37.0,8.85,70.0,9.0,13.0,18.0,42.0,1.0,7,37.0,81000.0,4.0
576,中建大厦,3,10.0,37.0,10.05,23.0,0.0,0.0,3.0,17.0,2.0,5,37.0,95600.0,3.0
577,康健商务广场,3,,5.0,3.6,10.0,0.0,1.0,1.0,0.0,1.0,5,16.0,95000.0,
578,光华大厦,3,11.0,10.0,3.58,21.0,4.0,1.0,8.0,12.0,1.0,7,10.0,13966.0,3.0
579,同和凤凰园,3,3.0,4.0,3.5,3.0,3.0,2.0,7.0,15.0,1.0,7,,10000.0,3.5
580,灿虹聚富大厦,2,13.0,9.0,3.8,17.0,3.0,3.0,1.0,13.0,0.0,6,9.0,17400.0,3.45
581,绿洲广场,2,18.0,28.0,3.16,26.0,1.0,6.0,7.0,27.0,4.0,7,,60000.0,3.0
582,长宁来福士广场,3,3.0,,9.27,63.0,10.0,3.0,8.0,35.0,1.0,7,41.0,240000.0,4.0
583,中鑫企业广场,3,9.0,4.0,3.44,5.0,0.0,0.0,0.0,6.0,0.0,3,4.0,,2.8
584,古北国际财富中心,3,10.0,15.0,15.99,19.0,6.0,0.0,7.0,7.0,1.0,6,15.0,40000.0,4.0
585,金桥谷创意园,2,8.0,5.0,2.5,10.0,1.0,1.0,4.0,9.0,0.0,6,,,
586,上海证券大厦,3,21.0,27.0,9.9,45.0,5.0,2.0,5.0,33.0,1.0,7,27.0,104000.0,4.0
587,华苑大厦,2,20.0,31.0,2.88,0.0,1.0,4.0,6.0,12.0,1.0,6,,,3.5
588,永融企业中心,3,,,3.8,30.0,5.0,9.0,6.0,38.0,1.0,7,33.0,,3.1
589,闿鑫商务园,3,,,1.9,25.0,9.0,3.0,6.0,26.0,1.0,7,,14329.0,3.5
590,远中产业园,2,8.0,5.0,3.63,9.0,4.0,0.0,1.0,13.0,1.0,6,5.0,40000.0,4.0
591,银洲国际商务大厦,3,9.0,7.0,2.8,7.0,4.0,2.0,12.0,13.0,0.0,6,6.0,8400.0,
592,达邦协作广场,3,,,9.0,29.0,3.0,6.0,5.0,36.0,2.0,7,33.0,75000.0,
593,虹桥德必易园,3,4.0,8.0,3.92,16.0,5.0,4.0,1.0,8.0,0.0,6,8.0,25000.0,4.0
594,恒积大厦,3,113.0,20.0,6.04,60.0,3.0,13.0,20.0,30.0,1.0,7,20.0,60000.0,2.6
595,金桃大厦,2,14.0,12.0,3.5,15.0,1.0,0.0,5.0,6.0,0.0,5,,12000.0,3.0
596,上勤大厦,3,2.0,13.0,3.6,16.0,7.0,4.0,3.0,21.0,1.0,7,,,4.2
597,怡亚通广场,3,9.0,8.0,2.5,0.0,1.0,0.0,1.0,2.0,0.0,4,7.0,48061.0,4.5
598,新上海城市广场,3,18.0,23.0,4.5,89.0,10.0,19.0,12.0,63.0,2.0,7,23.0,40000.0,3.8
599,中海万锦城,2,6.0,20.0,4.5,94.0,0.0,4.0,3.0,54.0,1.0,6,,123200.0,4.2
600,同济联合广场,3,12.0,22.0,4.2,12.0,1.0,2.0,12.0,13.0,1.0,7,22.0,50536.0,3.6
601,东方维京大厦,3,10.0,30.0,7.61,19.0,3.0,3.0,9.0,17.0,0.0,6,30.0,48000.0,4.0
602,源创创意园,2,8.0,6.0,7.47,21.0,29.0,1.0,10.0,33.0,0.0,6,,10000.0,4.2
603,晶耀前滩,3,,28.0,9.0,0.0,0.0,0.0,1.0,0.0,3.0,3,,,
604,苏河1号,3,9.0,28.0,5.22,47.0,2.0,2.0,3.0,31.0,0.0,6,28.0,88000.0,3.7
605,快易名商徐汇中心,3,2.0,30.0,6.76,11.0,18.0,6.0,17.0,61.0,2.0,7,16.0,10000.0,
606,中山万博国际中心,3,7.0,28.0,7.66,0.0,49.0,2.0,8.0,19.0,2.0,6,28.0,52895.0,3.8
607,腾飞浦汇大厦,3,6.0,24.0,10.01,137.0,14.0,24.0,7.0,90.0,1.0,7,24.0,42000.0,3.2
608,新华保险大厦,3,6.0,18.0,7.0,26.0,1.0,2.0,11.0,19.0,1.0,7,18.0,22000.0,3.8
609,中融恒瑞国际大厦,3,13.0,26.0,7.75,36.0,8.0,14.0,6.0,31.0,1.0,7,26.0,92344.0,3.5
610,太平洋企业中心,3,19.0,21.0,6.05,0.0,14.0,1.0,0.0,0.0,0.0,3,21.0,22000.0,3.6
611,桂中园,1,20.0,6.0,3.73,6.0,1.0,0.0,3.0,11.0,1.0,6,6.0,20000.0,4.3
612,M50桃浦创意园,2,8.0,4.0,3.58,6.0,0.0,0.0,1.0,6.0,0.0,4,3.0,23000.0,6.0
613,由由世纪广场,3,8.0,22.0,7.64,7.0,0.0,1.0,7.0,10.0,0.0,5,,150000.0,
614,光大安石中心,3,1.0,6.0,6.3,31.0,9.0,1.0,5.0,41.0,2.0,7,,,
615,新天国际大厦,3,19.0,30.0,5.5,26.0,0.0,0.0,0.0,22.0,2.0,4,30.0,47500.0,2.6
616,天汇广场,2,5.0,36.0,6.1,7.0,1.0,2.0,8.0,12.0,0.0,6,36.0,160000.0,3.15
617,天洁大厦,3,6.0,17.0,4.9,2.0,1.0,1.0,6.0,0.0,0.0,5,17.0,19985.0,4.2
618,前滩世贸中心,3,,,8.58,1.0,0.0,0.0,0.0,0.0,0.0,2,,260000.0,
619,城汇大厦,3,7.0,19.0,8.62,18.0,14.0,15.0,25.0,29.0,3.0,7,19.0,31039.0,3.7
620,大宁中心广场,3,7.0,3.0,6.44,3.0,3.0,2.0,4.0,6.0,0.0,6,17.0,142851.0,4.0
621,环球世界大厦,3,20.0,32.0,6.33,57.0,10.0,11.0,6.0,38.0,1.0,7,32.0,40000.0,3.8
622,方正大厦,3,13.0,25.0,3.0,21.0,0.0,1.0,1.0,7.0,0.0,5,25.0,37714.0,4.0
623,全方位科技园,3,2.0,8.0,1.97,20.0,8.0,10.0,6.0,28.0,0.0,6,6.0,54200.0,6.0
624,现代广场,3,12.0,27.0,6.38,6.0,3.0,4.0,7.0,17.0,0.0,6,27.0,54100.0,3.6
625,嘉亭大厦,3,6.0,12.0,3.88,16.0,0.0,3.0,0.0,14.0,2.0,5,12.0,12533.0,4.5
626,金领之都,3,7.0,11.0,3.56,2.0,0.0,0.0,1.0,1.0,0.0,4,11.0,300000.0,3.9
627,久事复兴大厦,3,22.0,25.0,7.8,89.0,8.0,12.0,21.0,29.0,2.0,7,25.0,57000.0,3.8
628,国家会展中心,3,,,4.79,6.0,4.0,5.0,8.0,15.0,1.0,7,,110000.0,
629,东方环球企业中心,3,9.0,15.0,3.61,3.0,0.0,1.0,1.0,6.0,1.0,6,15.0,210000.0,4.0
630,新长征中环大厦,3,14.0,18.0,3.34,12.0,2.0,7.0,3.0,14.0,0.0,6,25.0,48091.79,3.75
631,虹桥国际科技广场,3,8.0,9.0,4.5,5.0,1.0,1.0,2.0,7.0,0.0,6,9.0,95637.0,3.6
632,甘泉德必易园,3,,,3.2,0.0,0.0,0.0,0.0,0.0,0.0,1,3.0,8000.0,2.8
633,兆丰广场,3,16.0,42.0,7.3,65.0,7.0,6.0,6.0,25.0,1.0,7,42.0,59329.0,3.8
634,巨洋大厦,3,12.0,24.0,5.03,0.0,0.0,0.0,20.0,12.0,0.0,3,24.0,28000.0,3.7
635,宝华中心,3,,28.0,6.15,7.0,0.0,2.0,3.0,6.0,0.0,5,28.0,105586.0,3.5
636,海洋大厦,3,16.0,29.0,9.71,160.0,11.0,14.0,16.0,72.0,1.0,7,29.0,50345.0,3.8
637,德必梅园WE,2,20.0,8.0,7.3,42.0,3.0,12.0,1.0,18.0,1.0,7,,,
638,明凯大厦,3,5.0,13.0,3.53,20.0,5.0,4.0,1.0,0.0,0.0,5,13.0,18000.0,3.35
639,尚诚国际,3,10.0,15.0,7.13,33.0,2.0,7.0,6.0,40.0,3.0,7,15.0,46000.0,5.5
640,1788国际中心,3,7.0,35.0,11.09,13.0,20.0,10.0,6.0,30.0,1.0,7,35.0,110000.0,4.0
641,绿地威科国际商业广场,3,9.0,12.0,4.34,13.0,12.0,3.0,3.0,17.0,1.0,7,14.0,49087.0,4.0
642,南开大厦,3,20.0,25.0,4.5,10.0,18.0,7.0,9.0,66.0,1.0,7,25.0,23900.0,3.2
643,中国石化物资大厦,3,,15.0,2.2,5.0,2.0,2.0,0.0,9.0,0.0,5,15.0,,3.5
644,张润大厦,3,1.0,11.0,5.59,1.0,0.0,0.0,0.0,0.0,0.0,2,,,
645,福维克大厦,3,14.0,9.0,5.0,5.0,1.0,0.0,2.0,3.0,2.0,6,9.0,12000.0,3.2
646,卓越时代广场,3,,,3.47,10.0,1.0,2.0,5.0,11.0,1.0,7,15.0,128676.0,3.2
647,世界贸易大厦,3,21.0,31.0,9.33,43.0,11.0,22.0,14.0,73.0,0.0,6,31.0,68182.0,3.8
648,新上海国际大厦,3,21.0,44.0,9.8,22.0,4.0,3.0,2.0,23.0,0.0,6,44.0,81000.0,3.4
649,丽都新贵,2,13.0,32.0,5.27,44.0,5.0,10.0,12.0,24.0,1.0,7,32.0,270000.0,3.5
650,新华大厦,1,16.0,14.0,3.5,34.0,16.0,2.0,11.0,26.0,1.0,7,,38000.0,
651,华拓大厦,3,5.0,20.0,2.41,9.0,1.0,2.0,3.0,14.0,0.0,6,20.0,51367.0,4.7
652,福建天安大厦,3,20.0,28.0,3.31,0.0,0.0,0.0,0.0,0.0,0.0,1,28.0,42067.0,3.4
653,武夷商务中心,2,13.0,9.0,4.0,17.0,4.0,11.0,10.0,34.0,0.0,6,,9366.0,
654,盛邦国际大厦,3,9.0,33.0,6.69,15.0,12.0,16.0,9.0,32.0,1.0,7,33.0,56278.0,3.9
655,莲花大厦,2,14.0,18.0,4.11,11.0,0.0,0.0,5.0,9.0,1.0,5,18.0,18000.0,3.6
656,漕河泾开发区智汇园南区,1,15.0,6.0,3.84,6.0,1.0,0.0,1.0,7.0,0.0,5,6.0,120000.0,3.0
657,丽晶阳光大厦,2,12.0,26.0,3.75,35.0,2.0,4.0,5.0,22.0,3.0,7,26.0,35000.0,3.2
658,旭辉虹桥国际,3,7.0,6.0,4.97,2.0,1.0,3.0,1.0,9.0,0.0,6,6.0,64707.0,5.0
659,宝虹中心,3,8.0,9.0,3.2,8.0,0.0,0.0,2.0,2.0,2.0,5,9.0,21093.0,3.7
660,杨浦商城,3,21.0,28.0,5.04,25.0,14.0,5.0,7.0,35.0,1.0,7,28.0,56000.0,3.5
661,华虹科技园,3,14.0,5.0,4.3,4.0,0.0,0.0,0.0,5.0,0.0,3,5.0,26000.0,
662,虹桥国际商务广场,3,6.0,16.0,6.71,3.0,1.0,3.0,1.0,5.0,2.0,7,16.0,37293.0,3.5
663,金光外滩中心,3,16.0,50.0,10.16,29.0,13.0,25.0,12.0,69.0,2.0,7,50.0,190000.0,3.0
664,梓坤科技园,3,,,1.86,3.0,0.0,0.0,4.0,1.0,0.0,4,15.0,40000.0,
665,徐汇万科中心,3,,,6.0,10.0,0.0,1.0,6.0,10.0,1.0,6,22.0,700000.0,4.2
666,新汇园,2,,11.0,3.95,2.0,1.0,0.0,1.0,5.0,0.0,5,11.0,,3.0
667,汤米创意园,3,1.0,4.0,4.63,23.0,2.0,2.0,9.0,17.0,1.0,7,,,
668,创意大厦,2,12.0,8.0,3.6,19.0,1.0,0.0,3.0,23.0,0.0,5,8.0,10000.0,3.8
669,海泰大厦,3,9.0,,4.3,63.0,12.0,14.0,10.0,70.0,1.0,7,,,
670,星汇大厦,3,,,2.66,12.0,0.0,0.0,1.0,5.0,0.0,4,,,3.8
671,申报馆,3,,,8.5,152.0,15.0,25.0,12.0,86.0,1.0,7,6.0,3680.0,2.4
672,光启园,2,9.0,19.0,4.26,4.0,2.0,0.0,1.0,8.0,0.0,5,21.0,32785.0,4.0
673,长宁科技大楼,2,23.0,7.0,2.55,28.0,4.0,5.0,9.0,29.0,0.0,6,7.0,15000.0,3.3
674,创客邦,3,6.0,6.0,2.6,19.0,2.0,3.0,0.0,26.0,1.0,6,,,
675,港泰广场,3,19.0,27.0,6.26,133.0,11.0,17.0,20.0,60.0,2.0,7,27.0,48391.0,3.6
676,98创意园,2,8.0,6.0,6.0,20.0,10.0,5.0,5.0,39.0,0.0,6,6.0,14000.0,4.7
677,上海海湾大厦,2,19.0,32.0,4.6,63.0,4.0,3.0,10.0,47.0,0.0,6,32.0,43957.0,3.8
678,H88越虹广场,3,,,6.56,4.0,2.0,1.0,4.0,10.0,0.0,6,19.0,56432.0,3.0
679,燎申宜山大厦,3,13.0,10.0,3.4,5.0,1.0,0.0,2.0,3.0,2.0,6,10.0,11800.0,3.3
680,强劲大厦,3,,,4.94,3.0,2.0,2.0,3.0,0.0,1.0,6,17.0,31040.57,6.0
681,中国石化大厦,2,19.0,29.0,2.65,5.0,1.0,0.0,3.0,6.0,0.0,5,29.0,30000.0,3.0
682,虹口SOHO,3,,,7.46,25.0,3.0,4.0,14.0,48.0,1.0,7,26.0,95000.0,3.5
683,腾飞大厦,3,14.0,30.0,7.93,73.0,2.0,2.0,0.0,22.0,1.0,6,30.0,59000.0,3.5
684,长青企业广场,3,,,3.86,10.0,0.0,1.0,3.0,4.0,2.0,6,3.0,38000.0,3.0
685,环线广场,2,21.0,29.0,3.5,17.0,9.0,4.0,4.0,17.0,0.0,6,29.0,20000.0,3.3
686,创邑金沙谷,2,10.0,4.0,5.4,10.0,1.0,4.0,4.0,16.0,1.0,7,4.0,23000.0,4.5
687,隆宇大厦,2,14.0,27.0,6.07,50.0,3.0,12.0,4.0,20.0,2.0,7,,31533.0,3.0
688,永谊大厦,3,3.0,16.0,3.07,2.0,0.0,2.0,2.0,4.0,1.0,6,16.0,23711.0,3.75
689,博华广场,3,1.0,60.0,12.5,102.0,4.0,19.0,20.0,40.0,2.0,7,,,
690,嘉杰国际广场,3,9.0,27.0,6.53,10.0,9.0,12.0,5.0,50.0,1.0,7,27.0,103000.0,3.3
691,时代金融中心,3,11.0,51.0,13.37,9.0,0.0,0.0,6.0,15.0,1.0,5,48.0,111038.0,3.0
692,虹桥万科中心,3,,,7.91,0.0,0.0,1.0,0.0,9.0,0.0,3,,123000.0,
693,歆翱文化创意园,2,2.0,3.0,2.25,6.0,1.0,2.0,0.0,12.0,0.0,5,3.0,7500.0,3.5
694,漕河泾软件大厦,2,15.0,17.0,3.53,13.0,2.0,0.0,1.0,7.0,0.0,5,,27000.0,3.2
695,上海五四大楼,2,37.0,6.0,2.25,12.0,3.0,0.0,7.0,16.0,0.0,5,,,
696,上海数字产业园,3,,,5.44,8.0,0.0,0.0,2.0,11.0,1.0,5,10.0,70507.0,2.8
697,中新传媒大厦,3,2.0,15.0,4.0,21.0,0.0,1.0,0.0,7.0,0.0,4,19.0,51632.19,3.9
698,泛太平洋大厦,2,11.0,18.0,5.5,92.0,25.0,14.0,9.0,35.0,0.0,6,18.0,9146.0,3.0
699,汇亚大厦,3,13.0,37.0,13.25,1.0,0.0,2.0,6.0,14.0,1.0,6,37.0,78870.0,4.5
700,中欣大厦,3,17.0,43.0,11.43,72.0,18.0,17.0,6.0,32.0,1.0,7,43.0,28000.0,4.0
701,安泰大楼,3,20.0,22.0,6.09,29.0,4.0,10.0,5.0,28.0,1.0,7,22.0,32627.0,4.0
702,中区广场,3,20.0,26.0,9.14,45.0,9.0,10.0,23.0,29.0,1.0,7,26.0,45228.0,3.6
703,金鹰大厦,3,14.0,21.0,7.8,10.0,0.0,2.0,20.0,9.0,0.0,5,21.0,66000.0,2.6
704,万嘉大厦,3,18.0,8.0,3.34,8.0,2.0,3.0,0.0,14.0,0.0,5,,,
705,桂平园,2,,7.0,3.6,1.0,1.0,0.0,3.0,8.0,1.0,6,7.0,5600.0,3.5
706,嘉麒大厦,3,13.0,19.0,6.54,7.0,2.0,3.0,8.0,10.0,0.0,6,19.0,24807.0,4.0
707,金岛大厦,2,17.0,22.0,4.6,25.0,4.0,14.0,5.0,29.0,3.0,7,22.0,35000.0,3.8
708,长峰中心,3,13.0,34.0,5.3,44.0,18.0,1.0,10.0,28.0,0.0,6,34.0,45400.0,3.6
709,天亿大厦,3,13.0,19.0,4.33,31.0,32.0,2.0,3.0,39.0,2.0,7,19.0,30000.0,3.4
710,同普大厦,3,8.0,9.0,3.56,10.0,4.0,0.0,2.0,1.0,0.0,5,,27703.0,3.6
711,创智天地,3,12.0,10.0,6.19,18.0,1.0,7.0,1.0,21.0,1.0,7,10.0,39040.0,5.0
712,金地威新闵行科创园,3,0.0,5.0,1.92,2.0,0.0,0.0,1.0,4.0,0.0,4,,,
713,蓝光科技园,3,,,3.28,1.0,0.0,0.0,0.0,0.0,0.0,2,5.0,,
714,江裕大厦,3,6.0,12.0,4.98,1.0,4.0,5.0,7.0,12.0,1.0,7,18.0,15600.0,3.7
715,长泰国际金融大厦,3,10.0,26.0,9.7,18.0,1.0,0.0,8.0,14.0,1.0,6,,47690.0,4.0
716,上海主角,3,8.0,10.0,7.5,2.0,0.0,1.0,5.0,3.0,0.0,5,,,
717,华清大厦,3,11.0,15.0,4.57,0.0,4.0,5.0,7.0,12.0,0.0,5,15.0,21000.0,3.8
718,华滋奔腾大厦,3,,24.0,2.98,5.0,1.0,2.0,1.0,1.0,2.0,7,24.0,101000.0,3.5
719,启迪大厦,3,10.0,16.0,5.17,0.0,4.0,4.0,6.0,11.0,0.0,5,16.0,30000.0,4.0
720,绿地商务大厦,3,12.0,23.0,5.8,30.0,3.0,4.0,7.0,23.0,1.0,7,23.0,46356.0,4.0
721,虹桥国际商务花园,3,,5.0,4.6,5.0,1.0,3.0,1.0,11.0,0.0,6,,28000.0,3.5
722,千羽创意园,2,11.0,5.0,5.0,54.0,15.0,3.0,11.0,47.0,2.0,7,5.0,5000.0,4.5
723,嘉兴大厦,3,22.0,24.0,5.6,41.0,7.0,1.0,5.0,20.0,2.0,7,26.0,30257.0,3.4
724,花旗集团大厦,3,13.0,40.0,15.25,9.0,2.0,6.0,10.0,11.0,1.0,7,42.0,120000.0,4.1
725,麦腾智慧天地,3,,,3.17,8.0,0.0,1.0,0.0,2.0,0.0,4,7.0,20000.0,2.8
726,燎申国际大厦,2,11.0,9.0,3.3,21.0,2.0,3.0,0.0,12.0,0.0,5,9.0,15000.0,3.5
727,新安大楼,3,13.0,15.0,4.5,10.0,1.0,0.0,5.0,9.0,1.0,6,15.0,20000.0,2.6
728,普罗娜商务广场,3,4.0,9.0,4.15,10.0,5.0,2.0,1.0,12.0,1.0,7,,,3.5
729,景鸿大厦,3,18.0,24.0,5.19,18.0,9.0,4.0,4.0,16.0,1.0,7,21.0,30000.0,3.4
730,淮云大厦,2,20.0,16.0,3.5,9.0,6.0,14.0,23.0,55.0,1.0,7,16.0,13080.0,3.5
731,光启城,3,7.0,24.0,6.84,24.0,1.0,3.0,7.0,21.0,2.0,7,24.0,163869.0,3.9
732,财富国际广场,3,12.0,26.0,3.7,25.0,3.0,7.0,7.0,17.0,0.0,6,26.0,101700.0,
733,世宏金源中心,3,,,4.03,2.0,3.0,0.0,0.0,9.0,0.0,4,26.0,130000.0,4.0
734,雷迪大厦,2,,6.0,5.5,29.0,9.0,10.0,0.0,29.0,1.0,6,5.0,,3.5
735,华鑫中心,3,,17.0,6.0,4.0,3.0,2.0,3.0,15.0,1.0,7,19.0,175000.0,
736,SOHO复兴广场,3,,27.0,8.79,54.0,9.0,3.0,24.0,41.0,1.0,7,6.0,137436.0,3.0
737,新漕河泾国际商务中心,3,8.0,36.0,6.16,11.0,1.0,0.0,2.0,0.0,0.0,4,36.0,188294.0,4.0
738,鼎力创意园,3,1.0,7.0,4.68,8.0,4.0,1.0,5.0,3.0,0.0,6,,,
739,文广大厦,3,7.0,24.0,11.53,11.0,5.0,3.0,5.0,10.0,1.0,7,,42229.0,2.8
740,东方万国企业中心,3,,,4.25,4.0,1.0,1.0,0.0,0.0,0.0,4,12.0,300000.0,
741,近铁城市广场,3,5.0,16.0,6.28,18.0,1.0,4.0,3.0,10.0,1.0,7,16.0,200000.0,4.5
742,赢华国际广场,3,7.0,16.0,5.02,8.0,0.0,2.0,5.0,4.0,0.0,5,16.0,108513.0,4.2
743,创智空间,2,,6.0,5.8,0.0,0.0,2.0,1.0,3.0,1.0,5,,,
744,717工坊,3,,,4.0,60.0,6.0,10.0,6.0,34.0,1.0,7,5.0,3900.0,3.8
745,亚芯中心,3,5.0,9.0,6.5,1.0,0.0,0.0,0.0,0.0,0.0,2,9.0,76235.0,3.5
746,东明广场,2,22.0,26.0,2.55,39.0,8.0,13.0,4.0,25.0,1.0,7,26.0,42000.0,2.7
747,由度工场,3,,,2.8,19.0,0.0,1.0,1.0,6.0,0.0,5,6.0,,
748,智慧大厦,3,,,1.8,0.0,0.0,0.0,2.0,2.0,0.0,3,17.0,25000.0,3.5
